agency,locus,frame,stringency,demkt_intensity,demkt_sacrifice,precarity,collectivism,growth_endorse,community,symbolic,PA,CE,RIA,RSV,AD,PR,CS,SCB,BSE,SPS,CDC,VS,FRUG,MAT,CR,PA1,PA2,PA3,PA4,CE1,CE2,CE3,RIA1,RIA2,RIA3,RIA4,RSV1,RSV2,RSV3,AD1,AD2,AD3,AD4,PR1,PR2,PR3,PR4,CS1,CS2,CS3,CS4,SCB1,SCB2,SCB3,BSE1,BSE2,BSE3,BSE4,SPS1,SPS2,SPS3,CDC1,CDC2,CDC3,VS1,VS2,VS3,FRUG1,FRUG2,FRUG3,MAT1,MAT2,MAT3,CR1,CR2,CR3,PA_c,CE_c,RIA_c,RSV_c,AD_c,PR_c,CS_c,SCB_c,BSE_c,SPS_c,CDC_c,VS_c,FRUG_c,MAT_c,CR_c
0,0,1,0.35,0.15,0.15,0.6312389434854152,-0.8131746212007135,-0.8132441713213544,-0.05984694690297199,-1.0,1.4426348760166594,0.5189638445512293,1.69765709146834,1.576986860100659,0.1243453351492187,0.2838378393113218,1.0745453962055918,-1.0928665811706861,0.29125200463062795,0.4150376969490631,-0.1475884835174187,-2.0086288724349295,0.10721375445408043,-1.1525948723239476,-0.48707464993826,5.0,5.0,6.0,6.0,5.0,4.0,5.0,5.0,5.0,6.0,5.0,4.0,5.0,4.0,4.0,4.0,4.0,2.0,3.0,4.0,4.0,3.0,4.0,4.0,4.0,4.0,2.0,2.0,4.0,4.0,3.0,4.0,4.0,4.0,3.0,3.0,4.0,4.0,4.0,2.0,3.0,3.0,5.0,4.0,4.0,4.0,3.0,3.0,3.0,5.0,3.0,1.5310395668304237,0.6588002390033019,1.25770848142345,0.3360757560313098,-0.5059784149050897,-0.5045188738320073,-0.0077982592889083565,-1.335646252952648,-0.2526228687677792,-0.6670716729690054,-0.013699870464544755,-1.3455774495142216,0.3453504989496009,-0.6683796008998834,-0.3516737667360989
0,1,0,0.35,0.15,0.15,-0.16891767521512274,-0.698711779296842,0.6810188877412535,2.2861051508905774,-1.0,0.9954395358459773,-0.8274470083274283,-0.039698568849232396,-0.1610377093949664,2.2495886707210127,0.27628214570839693,0.49978151689860184,0.8400152545636967,0.3144889622821322,-1.4820783750210031,-1.1141897146984248,-0.730131682540519,0.2811695515808509,0.843962278521879,-0.1583920132519597,4.0,4.0,4.0,5.0,3.0,2.0,3.0,1.0,2.0,1.0,2.0,3.0,2.0,4.0,6.0,7.0,5.0,6.0,4.0,5.0,5.0,5.0,4.0,4.0,5.0,3.0,4.0,4.0,6.0,4.0,3.0,4.0,4.0,2.0,2.0,2.0,3.0,3.0,3.0,4.0,2.0,4.0,6.0,4.0,4.0,4.0,4.0,6.0,4.0,4.0,4.0,0.26046731219936675,-1.328468353119777,-2.52368876933293,-1.0209493787323387,2.0378250850105233,0.7697197972511993,-0.0077982592889083565,0.6748914229933222,-0.2526228687677792,-1.997058809106587,-1.025382612461687,-0.672262697607183,0.6912414525141477,0.6508584702671961,-0.014740816569775791
1,0,0,0.35,0.15,0.15,0.25850000939998524,-0.814878801192444,-0.10931851613281773,-0.49191359234998194,1.0,1.0680935929171078,-1.195466253799385,0.6537765302857228,0.5364086181945669,0.40654781325771705,-1.9299070578567,0.8904117233137898,0.3850558668277995,1.374404575319698,0.44644788156464116,0.8177596777190315,0.33077446758127277,1.1115580608451894,0.35194186761175184,-0.7654661231215377,4.0,5.0,5.0,4.0,3.0,3.0,2.0,2.0,2.0,3.0,4.0,3.0,4.0,3.0,5.0,5.0,4.0,5.0,1.0,2.0,4.0,1.0,4.0,4.0,4.0,4.0,4.0,3.0,4.0,5.0,5.0,5.0,6.0,5.0,5.0,5.0,6.0,5.0,6.0,4.0,5.0,5.0,6.0,5.0,7.0,5.0,4.0,4.0,4.0,3.0,4.0,0.5145817631255781,-1.328468353119777,-1.2632230190808036,-0.6816930950414264,0.7659233350527167,-2.0336052791318555,-0.0077982592889083565,-0.3303774149796632,1.2750492825208382,0.9954122472029713,1.672438032864026,0.6743668062068938,2.0748052667723322,0.3210489524754257,-0.3516737667360989
0,0,0,0.35,0.15,0.15,-0.6979867802287025,0.7303271044882413,2.360441485023708,-0.045398214149277416,-1.0,0.09821743557138385,-0.9373684712832051,-0.08611689553101765,0.01668024889240388,0.3888608987535143,0.9259677266179129,-0.2068657715726302,0.34762290372594684,-0.12487306427074078,-0.306599328494443,-0.3293692257057763,-2.4896312058705767,-1.5797776493147675,0.13196919912229377,0.7202873551198998,2.0,4.0,3.0,3.0,2.0,3.0,3.0,2.0,1.0,3.0,2.0,3.0,4.0,4.0,3.0,6.0,5.0,4.0,5.0,4.0,4.0,4.0,2.0,4.0,3.0,2.0,4.0,4.0,3.0,2.0,3.0,3.0,3.0,3.0,3.0,3.0,3.0,4.0,4.0,2.0,2.0,3.0,2.0,3.0,3.0,4.0,4.0,5.0,5.0,5.0,4.0,-1.0101049424316901,-1.328468353119777,-2.0195024692320795,-0.34243681135051446,0.5115429850611555,0.2600243288179167,-1.2555197455142455,-0.3303774149796632,-1.2710709696268574,-0.9995684570034009,-0.35092745113025897,-1.6822348254677406,-1.38410426887313,0.3210489524754257,0.6591250837628704
1,1,1,0.35,0.15,0.15,-1.0588381293832032,0.2969124519629607,-0.6180734260966877,-0.2686234678673314,-1.0,1.639871523793484,0.9302041956145983,2.9996842053395505,1.571387787279558,-2.4909620924042257,1.0074712117811808,0.6828341624859574,-1.2644454529393188,0.3178076902658037,0.5477786856938913,0.16938803198300076,0.20581010376268388,0.05198698195026365,1.7534593370253084,-1.0182271667095464,6.0,6.0,5.0,5.0,4.0,4.0,5.0,6.0,5.0,5.0,6.0,6.0,4.0,5.0,2.0,2.0,3.0,2.0,5.0,5.0,4.0,5.0,3.0,3.0,5.0,5.0,3.0,3.0,3.0,5.0,6.0,4.0,4.0,3.0,5.0,3.0,4.0,5.0,5.0,4.0,3.0,4.0,3.0,4.0,4.0,6.0,7.0,7.0,3.0,3.0,3.0,1.5310395668304237,0.3275888069827882,1.5098016314738754,1.0145883234131345,-1.7778801648628961,0.7697197972511993,-0.0077982592889083565,-1.0005566402949864,0.7658252320912989,-0.33457488893461035,0.6607552908668837,-0.3356053216536642,-0.3464314081794914,2.629715577017815,-1.0255396670687447
1,0,1,0.35,0.15,0.15,2.000816255567338,1.5128222900482462,-0.005610136349845815,1.0624081785675594,-1.0,0.722073386139969,-0.302182645885099,2.3630757928420247,0.6224835141066809,-1.1620376238193548,-0.7800544319866094,1.0249852424737866,0.7511664715659118,1.7104408595114569,0.9423010408325196,-1.3920348226450763,-1.4201328926122367,0.0404937352371182,0.17467454139077637,0.12457581205396918,4.0,4.0,5.0,4.0,5.0,3.0,2.0,6.0,6.0,5.0,6.0,4.0,5.0,4.0,3.0,2.0,3.0,3.0,3.0,4.0,3.0,3.0,4.0,5.0,4.0,5.0,6.0,3.0,4.0,6.0,4.0,5.0,6.0,5.0,5.0,5.0,3.0,2.0,4.0,2.0,1.0,4.0,5.0,4.0,3.0,4.0,2.0,5.0,3.0,2.0,5.0,0.26046731219936675,-0.6660454890787506,1.7618947815243007,0.3360757560313098,-1.2691194648797735,-0.7593666080486486,0.4912903352012265,0.33980181033565987,1.2750492825208382,0.9954122472029713,-1.025382612461687,-1.6822348254677406,-0.0005404546149450336,-0.3385700831081138,-0.6886067169024216
1,0,0,0.35,0.15,0.15,0.6794719805303471,-1.3603157938226218,-0.3267667908543044,0.6742583607600177,-1.0,0.17154724599564464,-0.15151770410813167,1.5368199406435297,-0.2730954562784624,1.23815593077147,0.11889839729251919,0.01947071380720644,-0.41283483195713344,-1.533163421621912,-1.0932790918482354,1.081904978437859,-0.18981550883994203,-1.0745937027345682,1.2189971211182442,0.6175102557258346,6.0,4.0,4.0,2.0,4.0,3.0,3.0,4.0,3.0,3.0,5.0,3.0,4.0,2.0,6.0,6.0,5.0,6.0,2.0,3.0,4.0,5.0,3.0,3.0,2.0,4.0,3.0,3.0,4.0,2.0,1.0,3.0,3.0,3.0,2.0,2.0,5.0,6.0,6.0,5.0,6.0,3.0,2.0,4.0,2.0,5.0,6.0,5.0,5.0,6.0,5.0,0.0063528612731553755,-0.6660454890787506,-0.25485041887910204,-1.0209493787323387,1.7834447350189617,-0.5045188738320073,-1.005975448269178,-0.6654670276373246,-1.7802950200563963,-1.6645620250721915,1.672438032864026,0.6743668062068938,-1.38410426887313,1.3104775058507352,1.3329909840955156
0,0,0,0.35,0.15,0.15,-0.8103966825468734,1.126298781983695,1.0067557355646832,0.430427250005321,1.0,1.1750129237025688,-0.5158476323417446,1.0554413844928212,0.9731042038070783,0.6956428584004848,2.014908200604835,-0.04760148861970222,-0.6413919547482505,1.044700783319116,0.03431134533328216,0.9929332086620775,0.13946168466943804,-0.24342273595613256,0.8143881366506218,-0.33744763289947566,5.0,3.0,4.0,4.0,2.0,3.0,3.0,3.0,3.0,3.0,4.0,3.0,3.0,5.0,5.0,6.0,5.0,5.0,6.0,5.0,5.0,6.0,3.0,3.0,3.0,4.0,3.0,4.0,4.0,5.0,6.0,4.0,5.0,2.0,4.0,5.0,5.0,4.0,5.0,5.0,5.0,3.0,4.0,4.0,4.0,4.0,6.0,4.0,3.0,4.0,4.0,0.0063528612731553755,-1.328468353119777,-0.7590367189799527,-0.34243681135051446,1.2746840350358393,1.5342629999011235,-0.7564311510241106,-0.3303774149796632,1.0204372573060685,-0.33457488893461035,0.6607552908668837,0.337709430253374,-0.0005404546149450336,0.6508584702671961,-0.3516737667360989
0,1,0,0.35,0.15,0.15,0.7266770389320782,-0.21553758885371774,-1.0243109827968546,-1.7803027261635802,-1.0,-0.3582495347975642,0.7399859417341896,1.6385771096888049,1.2426249409195051,1.2620005067483904,0.42707890560479966,0.5646028739460616,0.008420290404304087,-0.8156173281393386,1.238112711731088,1.291244158554009,-0.5382144120548462,-0.9203656910510628,0.933203617446822,-0.5444669752616611,2.0,2.0,3.0,3.0,5.0,4.0,5.0,3.0,4.0,3.0,5.0,5.0,4.0,5.0,6.0,5.0,4.0,5.0,5.0,5.0,4.0,4.0,4.0,5.0,4.0,4.0,3.0,4.0,4.0,2.0,2.0,3.0,4.0,6.0,5.0,4.0,6.0,5.0,5.0,4.0,4.0,3.0,3.0,3.0,3.0,4.0,5.0,6.0,3.0,2.0,5.0,-1.518333844284113,0.6588002390033019,-0.25485041887910204,0.6753320397222226,1.020303685044278,0.514872063034558,0.24174603795615907,-0.3303774149796632,-1.2710709696268574,0.9954122472029713,1.3352104521983112,-0.3356053216536642,-1.0382133153085837,0.9806679880589657,-0.6886067169024216
0,1,0,0.35,0.15,0.15,1.1481936126540722,0.09657471835398043,0.5331882508913897,0.08354061521729922,-1.0,-1.2919911368407817,0.019444266995157,1.2352932401880268,0.5388264615748014,1.5008245096176565,1.1849718436822139,-0.7868527301121222,-0.8286271516813223,-0.03277791757032866,-0.07133366478502384,0.9951934107967305,0.34563027765743737,0.9271374847204827,1.4256666933328126,0.48716627436755755,2.0,2.0,2.0,2.0,4.0,3.0,5.0,4.0,4.0,4.0,3.0,4.0,4.0,3.0,5.0,6.0,6.0,5.0,6.0,6.0,5.0,5.0,2.0,2.0,3.0,3.0,4.0,3.0,2.0,4.0,4.0,3.0,4.0,4.0,4.0,4.0,4.0,5.0,5.0,4.0,2.0,4.0,6.0,5.0,5.0,6.0,6.0,5.0,5.0,5.0,4.0,-2.026562746136536,-0.003622625037724597,-0.25485041887910204,-0.34243681135051446,1.5290643850274006,1.5342629999011235,-1.505064042759313,-1.0005566402949864,-0.2526228687677792,-0.002078104900214853,0.6607552908668837,-0.672262697607183,1.3830233596432395,1.6402870236425056,0.6591250837628704
1,1,1,0.35,0.15,0.15,0.7763653168652782,0.0003803903604373006,0.5162920876401765,-0.27209291715471856,-1.0,0.9733815632862037,1.0690406006455326,1.2694145779613022,0.2059695503643388,-0.4613880873538084,-1.0060470238024593,0.8849238474404275,-0.3911224852674193,0.019265331701084576,-0.21748524333571362,-1.4948189902008675,1.4489536534421519,-0.9846101798330297,0.1231583723518078,0.11060648670848452,4.0,4.0,4.0,5.0,5.0,5.0,4.0,3.0,3.0,4.0,4.0,2.0,4.0,3.0,4.0,4.0,5.0,2.0,3.0,2.0,4.0,2.0,4.0,4.0,5.0,5.0,3.0,3.0,4.0,4.0,3.0,4.0,3.0,3.0,3.0,4.0,3.0,2.0,2.0,5.0,5.0,6.0,3.0,3.0,2.0,5.0,2.0,3.0,5.0,4.0,4.0,0.26046731219936675,0.6588002390033019,-0.5069435689295274,-1.0209493787323387,-0.2515980649135284,-1.2690620764819314,0.4912903352012265,-0.6654670276373246,-0.5072348939825487,-0.6670716729690054,-1.699837773793115,1.3476815581139316,-1.38410426887313,-0.6683796008998834,0.32219213359654686
0,1,1,0.35,0.15,0.15,-1.034443553187228,-0.6560621874826923,0.4584790219674535,-1.10235673686957,-1.0,-0.20792988386658198,1.2443090584360594,1.1461876868004413,-0.321782991096357,-0.11344216424873044,0.5161504789773571,1.1649625249823754,-0.023604299427340658,0.47388461186903563,1.5910946197547835,-0.4490629726778985,-1.0749294713450495,1.1244576029332793,1.0794321481604179,-0.4149834994563324,3.0,3.0,3.0,4.0,5.0,6.0,5.0,4.0,2.0,3.0,3.0,2.0,2.0,2.0,4.0,5.0,4.0,3.0,4.0,4.0,5.0,4.0,4.0,3.0,5.0,2.0,3.0,4.0,4.0,5.0,5.0,3.0,4.0,6.0,5.0,6.0,5.0,3.0,3.0,3.0,3.0,3.0,5.0,5.0,5.0,5.0,4.0,6.0,3.0,3.0,4.0,-0.7559904915054788,1.3212231030443273,-1.011129869030378,-2.038718229805075,0.002782285078032882,0.2600243288179167,-0.5068868537790432,-0.3303774149796632,0.25660118166175994,1.6604058152717622,-0.35092745113025897,-1.0089200735607025,1.0371324060786937,0.9806679880589657,-0.6886067169024216
0,1,1,0.35,0.15,0.15,0.7057180984159415,-0.9431860604528103,-1.3475559513518316,1.3091709092867634,1.0,1.572980994167507,1.2533420597153566,2.8837500950838217,1.4615597546080545,-0.13359107741441478,-0.17027978657845594,1.4314155194810614,0.8003056701155795,2.370021373790735,2.019628979198347,0.3816509261992487,0.7645177304959816,1.5715979294126599,-0.31405031764667496,-0.2342557918038465,6.0,4.0,6.0,5.0,5.0,4.0,5.0,5.0,6.0,7.0,6.0,4.0,6.0,4.0,4.0,5.0,4.0,3.0,3.0,3.0,4.0,5.0,4.0,6.0,4.0,4.0,5.0,4.0,4.0,7.0,6.0,6.0,7.0,5.0,5.0,5.0,5.0,6.0,5.0,4.0,5.0,4.0,4.0,5.0,6.0,3.0,4.0,4.0,3.0,4.0,4.0,1.2769251159042123,0.6588002390033019,2.013987931574726,0.6753320397222226,0.002782285078032882,-0.249671139615366,0.4912903352012265,0.33980181033565987,2.548109408594686,0.9954122472029713,1.3352104521983112,0.337709430253374,1.0371324060786937,-0.3385700831081138,-0.3516737667360989
0,0,0,0.35,0.15,0.15,-1.0099737623220253,-1.1179084259572074,-0.6625835463651987,0.531701475513236,1.0,0.9987950474208143,-1.019833622808976,2.8207462232031038,1.942661084399707,0.7461498835915568,0.2342709255215602,0.6219781250943667,1.0314686048306112,2.363910384654152,0.1348256934582643,-0.5319269014013434,-0.19848712386264958,-0.7939901201640455,-0.7742906348201274,0.8736093264591908,4.0,5.0,5.0,5.0,3.0,3.0,3.0,5.0,5.0,5.0,4.0,5.0,5.0,4.0,5.0,5.0,5.0,5.0,5.0,5.0,5.0,3.0,4.0,5.0,4.0,4.0,5.0,6.0,5.0,6.0,7.0,7.0,4.0,4.0,3.0,4.0,4.0,4.0,3.0,4.0,4.0,3.0,4.0,4.0,4.0,4.0,3.0,4.0,5.0,5.0,5.0,0.7686962140517896,-0.9972569210992638,0.7535221813225994,0.6753320397222226,1.020303685044278,0.514872063034558,0.24174603795615907,1.3450706483086448,2.0388853581651465,-0.33457488893461035,-0.35092745113025897,-0.3356053216536642,-0.0005404546149450336,-0.3385700831081138,0.9960580339291931
1,1,0,0.35,0.15,0.15,-0.483748905099674,-1.645413988170522,-0.45774431780494046,2.561032330529465,-1.0,0.5848137840952785,-0.019138872220647474,2.3343160334896753,0.6599069670842007,-2.232394662833241,-1.878954718570136,1.2284697732806853,1.2992217694327475,1.4062293094276164,0.47851847587151464,-1.565676621534067,1.0918120884171543,-0.697964470712599,1.6869855289602227,-0.7649287402944739,5.0,4.0,3.0,4.0,4.0,4.0,4.0,5.0,6.0,6.0,5.0,5.0,4.0,5.0,1.0,3.0,4.0,2.0,3.0,3.0,3.0,3.0,5.0,5.0,6.0,5.0,6.0,4.0,5.0,6.0,6.0,4.0,5.0,5.0,3.0,3.0,3.0,2.0,3.0,5.0,4.0,5.0,4.0,3.0,4.0,6.0,6.0,7.0,4.0,3.0,4.0,0.0063528612731553755,-0.003622625037724597,1.5098016314738754,0.6753320397222226,-1.5234998148713348,-1.01421434226529,1.2399232269364286,1.0099810356509835,1.2750492825208382,-0.33457488893461035,-1.3626101931274013,0.6743668062068938,-0.3464314081794914,2.2999060592260445,-0.3516737667360989
1,1,0,0.35,0.15,0.15,1.378835008896162,-0.3019133850638484,0.8315799186961081,-1.037343783355991,-1.0,-0.017165806677155282,0.14640616513042293,0.07979650301011998,-0.8134796885868306,1.4135973542455884,-0.3154958544552525,-0.7436429535269897,0.008941049762592801,0.9500586740287309,0.5884269755274343,-0.4616742972538343,-2.0841789232894303,0.4947305580451834,-1.0876896482485927,0.6545893110899753,4.0,4.0,3.0,5.0,4.0,4.0,3.0,2.0,2.0,2.0,1.0,2.0,2.0,2.0,5.0,5.0,7.0,6.0,3.0,5.0,5.0,4.0,4.0,2.0,3.0,2.0,4.0,4.0,4.0,4.0,4.0,5.0,5.0,4.0,3.0,6.0,2.0,4.0,5.0,3.0,2.0,3.0,5.0,5.0,5.0,3.0,2.0,3.0,5.0,6.0,4.0,0.0063528612731553755,-0.3348340570582378,-2.271595619282505,-2.038718229805075,1.7834447350189617,0.2600243288179167,-1.2555197455142455,0.004712197677998546,0.5112132068765295,0.3304186791341802,-0.35092745113025897,-1.3455774495142216,1.0371324060786937,-1.3279986364834233,0.9960580339291931
0,0,0,0.35,0.15,0.15,-1.1330621468594475,-1.4409940866869018,0.9571842587778334,-0.5147778879361407,-1.0,-0.30548234749065284,-0.11126917529714665,1.7303497480193992,1.567246902274222,0.17690296394827304,0.24848865847926233,1.1247306159116226,0.5866578163210368,-0.9696273389793622,-0.5659144062301482,-0.48358115104567767,-0.4983197454099385,-1.053397913598395,1.261429056357506,0.37936980117020946,3.0,3.0,3.0,3.0,4.0,3.0,3.0,4.0,4.0,6.0,4.0,5.0,5.0,4.0,4.0,4.0,3.0,3.0,3.0,4.0,4.0,3.0,4.0,6.0,4.0,4.0,5.0,3.0,5.0,1.0,3.0,4.0,2.0,3.0,3.0,2.0,4.0,4.0,2.0,4.0,4.0,4.0,2.0,3.0,4.0,6.0,5.0,5.0,5.0,5.0,4.0,-1.0101049424316901,-0.6660454890787506,0.501429031272174,0.6753320397222226,-0.5059784149050897,-0.5045188738320073,0.4912903352012265,0.33980181033565987,-1.5256829948416268,-1.3320652410377964,-0.6881550317959728,0.0010520542998551361,-1.0382133153085837,1.3104775058507352,0.6591250837628704
1,0,0,0.35,0.15,0.15,1.4932047520192242,-1.7736378904066556,-0.02782092678995274,-1.0816511737972436,1.0,0.4536874627833929,-0.5441027576595128,1.2988129859077804,2.091840253218205,0.035917777457476374,-1.3122366066318047,1.2800833744830062,1.7129251052078134,0.07793863448219362,-0.06703841091024976,-0.02604158580152402,0.9274077814955275,1.1451111345240874,0.12024510919536416,-0.7364376593718734,3.0,5.0,4.0,4.0,2.0,3.0,3.0,2.0,4.0,2.0,3.0,6.0,5.0,6.0,5.0,4.0,3.0,4.0,3.0,2.0,2.0,3.0,4.0,4.0,5.0,4.0,6.0,5.0,6.0,4.0,4.0,3.0,4.0,3.0,3.0,3.0,4.0,4.0,5.0,4.0,4.0,5.0,5.0,4.0,5.0,4.0,5.0,5.0,4.0,3.0,4.0,0.0063528612731553755,-1.328468353119777,-1.2632230190808036,1.6931008907949592,0.002782285078032882,-1.5239098106985727,0.24174603795615907,1.680160260966307,-0.2526228687677792,-0.9995684570034009,0.32352771020116905,0.337709430253374,0.6912414525141477,0.6508584702671961,-0.3516737667360989
1,1,0,0.35,0.15,0.15,0.31193928783403496,0.39894659746194255,0.41527407837062424,-0.03301331262067307,1.0,-0.23328194149966985,0.027984306900166955,1.3628082939544124,0.9123184483155355,1.9856630109607867,1.1098185921020518,-0.04527105256397179,-0.028155432471991232,-0.04288891154796784,0.11504002784510302,1.1482378255151104,0.22316530317528377,-1.5577517444822853,-0.5411549710950091,0.8008575417577326,4.0,3.0,4.0,4.0,3.0,4.0,4.0,3.0,4.0,3.0,4.0,4.0,3.0,5.0,7.0,5.0,5.0,6.0,4.0,5.0,6.0,5.0,2.0,2.0,1.0,3.0,3.0,4.0,3.0,4.0,3.0,3.0,5.0,4.0,4.0,4.0,5.0,5.0,5.0,4.0,4.0,4.0,3.0,2.0,3.0,3.0,5.0,4.0,4.0,4.0,4.0,-0.24776158965305603,-0.3348340570582378,-0.5069435689295274,-0.003180527659602121,1.7834447350189617,1.0245675314678406,-2.004152637249448,-0.6654670276373246,-0.2526228687677792,-0.002078104900214853,0.9979828715325975,0.0010520542998551361,-1.38410426887313,-0.008760565316343828,-0.014740816569775791
0,1,0,0.35,0.15,0.15,1.9956858786787408,1.7413691282163903,-0.4219333873756012,0.048940612646724155,-1.0,-0.7352417527622896,2.697976792272684,1.1046454143520705,-1.3537556761441558,0.06501520792421667,-0.3658753881440401,0.16354673624383043,-0.5571495571862752,1.042960510174384,1.1414515756208945,-0.41882160108851674,-0.2529970261454435,-0.3061486725729709,-0.4850927730824134,-0.5262843492445077,3.0,3.0,2.0,3.0,7.0,6.0,6.0,4.0,3.0,3.0,4.0,3.0,2.0,2.0,4.0,4.0,5.0,5.0,5.0,6.0,4.0,4.0,4.0,4.0,4.0,3.0,3.0,3.0,2.0,4.0,4.0,5.0,4.0,4.0,5.0,4.0,5.0,4.0,4.0,5.0,3.0,4.0,5.0,4.0,5.0,3.0,4.0,3.0,4.0,4.0,3.0,-1.2642193933579016,2.3148573991058665,-0.5069435689295274,-1.699461946114163,0.5115429850611555,0.7697197972511993,-0.25734255653397575,-1.335646252952648,0.25660118166175994,0.3304186791341802,0.32352771020116905,0.0010520542998551361,0.6912414525141477,-0.6683796008998834,-0.3516737667360989
0,1,0,0.35,0.15,0.15,-1.620557103696122,0.8245800622126194,0.010867927115399877,-1.719686674964796,1.0,2.020364734221883,-0.1267492526134315,3.278386719471981,2.725610744178938,-0.6368008762884894,-0.6505237371975097,1.8035623762335722,0.250892354407674,0.2640426712409407,0.6844657522868851,-0.7165086202052455,-0.4378765165025049,-0.24171540557625942,-1.2296970253996278,-0.019131240252653087,5.0,6.0,5.0,6.0,2.0,4.0,5.0,6.0,5.0,4.0,4.0,6.0,6.0,6.0,3.0,3.0,3.0,3.0,4.0,3.0,2.0,3.0,6.0,6.0,6.0,5.0,3.0,4.0,4.0,3.0,3.0,3.0,4.0,5.0,3.0,3.0,3.0,3.0,3.0,4.0,4.0,4.0,3.0,3.0,3.0,4.0,2.0,3.0,3.0,3.0,4.0,1.5310395668304237,-0.3348340570582378,0.7535221813225994,2.0323571744858713,-1.0147391148882123,-1.01421434226529,1.7390118214265635,-0.3303774149796632,-0.7618469191973182,-0.33457488893461035,-1.025382612461687,0.0010520542998551361,-1.0382133153085837,-0.9981891186916533,-0.6886067169024216
1,1,1,0.35,0.15,0.15,-2.2063067403217387,0.3461236106212894,-0.42082152606294737,0.12776805304221547,1.0,2.1213261083682178,0.7311809198592416,3.410905583077339,1.716555328877559,-1.3328708955378592,-1.7116352677588034,3.4825738901546366,1.2850409743522455,0.8082273023941099,2.348782351287568,-2.4961710936738224,0.6689178678625542,0.6986028482018398,-0.49476441178279473,-0.22564106000132506,6.0,6.0,6.0,5.0,5.0,5.0,4.0,6.0,5.0,6.0,6.0,5.0,3.0,5.0,2.0,2.0,3.0,2.0,2.0,3.0,2.0,2.0,7.0,7.0,7.0,7.0,5.0,5.0,4.0,3.0,4.0,4.0,4.0,5.0,6.0,5.0,2.0,2.0,1.0,5.0,5.0,5.0,4.0,5.0,6.0,4.0,4.0,5.0,3.0,3.0,4.0,1.7851540177566352,0.6588002390033019,1.7618947815243007,0.3360757560313098,-1.7778801648628961,-1.778757544915214,2.9867333076519005,0.6748914229933222,-0.2526228687677792,1.3279090312373663,-2.374292935124543,1.0110241821604127,1.0371324060786937,0.3210489524754257,-0.6886067169024216
0,0,1,0.35,0.15,0.15,-0.32153461858555427,0.43830815709343796,-0.2643092140973989,-0.037244796646681726,1.0,0.8522619311728868,-0.16127259959262508,2.11787108162812,0.395840578346917,-0.860880803262343,-0.09523572369591249,1.3459831889993126,0.5479997609637047,0.19441196460498872,0.9783154494932507,-1.4483250972720736,0.475308039933649,2.537363388246261,-0.14789240905350773,0.5469543348903415,4.0,4.0,3.0,5.0,4.0,4.0,3.0,5.0,5.0,3.0,4.0,3.0,3.0,4.0,3.0,4.0,3.0,3.0,4.0,4.0,5.0,4.0,5.0,4.0,5.0,4.0,5.0,3.0,5.0,5.0,4.0,3.0,3.0,4.0,4.0,2.0,3.0,3.0,4.0,5.0,4.0,4.0,5.0,7.0,6.0,4.0,4.0,4.0,3.0,4.0,4.0,0.0063528612731553755,-0.3348340570582378,0.24933588122174866,-0.6816930950414264,-0.760358764896651,0.2600243288179167,0.4912903352012265,0.33980181033565987,-0.2526228687677792,-0.6670716729690054,-0.6881550317959728,0.337709430253374,2.0748052667723322,-0.008760565316343828,-0.3516737667360989
1,1,1,0.35,0.15,0.15,-0.31744398693348186,-0.25588763379684043,-0.6402219066686687,-0.8470702331639692,1.0,0.27614356222600944,-0.4273940574471937,0.8160536532996401,1.0574069389363956,-0.8717555562499617,-0.5427134831819047,1.0436447772976194,0.864578613954737,-0.29181098602663846,0.646124187971759,-0.3655884364655263,-1.3646758809009052,-0.18564578563691309,-0.38632299701274897,-2.058503371826933,4.0,3.0,3.0,4.0,3.0,2.0,4.0,3.0,3.0,3.0,4.0,4.0,4.0,4.0,4.0,3.0,2.0,4.0,4.0,3.0,3.0,4.0,4.0,5.0,5.0,3.0,4.0,5.0,5.0,3.0,3.0,3.0,2.0,5.0,4.0,5.0,4.0,3.0,4.0,3.0,2.0,3.0,3.0,4.0,4.0,4.0,3.0,4.0,2.0,2.0,2.0,-0.5018760405792674,-0.9972569210992638,-0.7590367189799527,-0.003180527659602121,-0.760358764896651,-0.5045188738320073,0.24174603795615907,0.6748914229933222,-1.2710709696268574,0.6629154631685762,-0.35092745113025897,-1.3455774495142216,-0.3464314081794914,-0.3385700831081138,-2.0363385175677133
1,1,0,0.35,0.15,0.15,1.508827499792956,-1.1310279849572493,0.8343346444703124,-0.3069280948088833,-1.0,0.7240725886667398,0.3837239018273403,1.651794783291033,1.1632785156570937,-0.15344994100747578,-0.4335718715201594,0.3902102458844708,-0.4631860016260775,1.5213459531737354,-0.07364170198385939,0.17734046730549308,0.008143316108186416,-0.14597040686057625,3.108702301496189,-0.22274922254442553,5.0,4.0,4.0,2.0,4.0,4.0,4.0,4.0,5.0,5.0,5.0,4.0,4.0,5.0,3.0,4.0,6.0,4.0,3.0,4.0,4.0,3.0,4.0,3.0,3.0,3.0,4.0,3.0,3.0,5.0,5.0,5.0,7.0,4.0,4.0,3.0,6.0,4.0,5.0,4.0,6.0,4.0,4.0,4.0,3.0,7.0,7.0,6.0,4.0,4.0,4.0,-0.24776158965305603,-0.003622625037724597,0.7535221813225994,0.3360757560313098,0.25716263506959414,-0.5045188738320073,-0.7564311510241106,-0.6654670276373246,1.5296613077356076,-0.33457488893461035,0.9979828715325975,0.6743668062068938,-0.3464314081794914,2.629715577017815,-0.014740816569775791
0,0,1,0.35,0.15,0.15,0.23405643245646018,-0.17843996069162407,-0.14630170037348855,0.8842226840635149,-1.0,-0.07214213028441918,0.6658569628539366,2.585226132744616,0.034764039344759246,-0.6464625447774844,-0.3823726959316594,2.179725746530685,0.7554148902048754,0.7094210801631444,0.6045058063023163,-0.9571667724625272,0.5516328863109417,1.276682040513522,-1.0832156346209614,-0.05544629649386151,4.0,2.0,3.0,3.0,3.0,5.0,4.0,4.0,5.0,5.0,4.0,3.0,3.0,2.0,4.0,3.0,3.0,3.0,4.0,4.0,5.0,3.0,6.0,6.0,5.0,6.0,5.0,4.0,5.0,4.0,3.0,5.0,5.0,5.0,5.0,5.0,4.0,3.0,4.0,4.0,5.0,5.0,5.0,5.0,4.0,3.0,3.0,2.0,4.0,4.0,4.0,-1.0101049424316901,-0.003622625037724597,0.501429031272174,-1.360205662423251,-0.760358764896651,0.005176594601275346,1.7390118214265635,0.6748914229933222,0.25660118166175994,0.9954122472029713,-0.35092745113025897,0.6743668062068938,0.6912414525141477,-1.3279986364834233,-0.014740816569775791
0,0,1,0.35,0.15,0.15,-0.08469734929476178,-0.006356223216343056,-0.6329546166246349,0.8980945995090196,-1.0,-1.0901503341231542,0.8420879176624259,2.0277895798784122,1.2682620399305602,-0.4580562703728389,0.15126290019815225,1.1309592005325089,-0.6726824298017567,-0.5811684856384511,1.4732821252653512,0.3021077288270879,-0.10524153415861423,1.225970974119193,-0.4965905759089561,-1.419986350060947,2.0,2.0,2.0,2.0,6.0,5.0,6.0,5.0,4.0,5.0,5.0,5.0,4.0,5.0,4.0,3.0,5.0,4.0,3.0,4.0,4.0,5.0,4.0,5.0,4.0,4.0,4.0,3.0,3.0,2.0,2.0,3.0,3.0,5.0,4.0,5.0,4.0,3.0,3.0,4.0,4.0,4.0,6.0,5.0,5.0,3.0,2.0,5.0,2.0,3.0,4.0,-2.026562746136536,1.652434535064841,0.7535221813225994,0.6753320397222226,0.002782285078032882,0.005176594601275346,0.24174603795615907,-0.6654670276373246,-1.5256829948416268,0.6629154631685762,-0.6881550317959728,0.0010520542998551361,1.3830233596432395,-0.6683796008998834,-1.0255396670687447
1,0,0,0.35,0.15,0.15,-0.7886295154016463,-0.9948298971943762,2.3457793515589076,1.1245854123074113,-1.0,1.0912131469917152,-0.07167001747684393,1.9962085685801774,-0.43194625947509074,-0.5856977863700691,-1.1986101774256457,0.588123736425342,-0.19878610965105048,-0.28601860190178663,-0.15865995753283066,-1.6904868793002255,0.8704466208970919,1.4453937884729493,0.06900635107934183,0.45380081966255814,5.0,5.0,4.0,5.0,4.0,3.0,4.0,4.0,4.0,5.0,6.0,3.0,3.0,4.0,4.0,5.0,5.0,3.0,4.0,3.0,4.0,4.0,4.0,3.0,3.0,4.0,3.0,3.0,3.0,3.0,4.0,3.0,4.0,4.0,4.0,3.0,2.0,3.0,3.0,5.0,4.0,4.0,7.0,7.0,6.0,4.0,3.0,5.0,4.0,4.0,5.0,0.7686962140517896,-0.3348340570582378,0.7535221813225994,-0.6816930950414264,0.25716263506959414,-0.249671139615366,-0.5068868537790432,-1.0005566402949864,-0.5072348939825487,-0.33457488893461035,-1.3626101931274013,0.337709430253374,2.766587173901425,-0.008760565316343828,0.32219213359654686
1,0,0,0.35,0.15,0.15,-1.1371973214810847,-0.7888216035722091,2.2172648781146402,0.5611045025091044,-1.0,0.8006888267129686,-1.4127218136827224,1.5666985688141961,-0.49959810345594047,-0.14280471773345965,-0.028952743803357495,0.3756665357500398,-0.7035132245772125,0.6753039984906346,-0.72651206427358,-0.13395125890137113,-0.7511680545349226,-0.20726692289271179,0.07943714150600004,0.3287556825503252,5.0,5.0,5.0,3.0,3.0,3.0,2.0,5.0,4.0,3.0,3.0,3.0,3.0,1.0,4.0,3.0,4.0,3.0,4.0,4.0,4.0,4.0,4.0,4.0,4.0,5.0,3.0,3.0,3.0,4.0,5.0,4.0,5.0,1.0,3.0,3.0,6.0,4.0,4.0,4.0,3.0,4.0,5.0,3.0,4.0,4.0,4.0,3.0,4.0,4.0,4.0,0.5145817631255781,-1.328468353119777,-0.25485041887910204,-1.699461946114163,-0.5059784149050897,0.005176594601275346,0.24174603795615907,-1.0005566402949864,0.5112132068765295,-1.6645620250721915,0.6607552908668837,-0.3356053216536642,-0.0005404546149450336,-0.3385700831081138,-0.014740816569775791
1,1,0,0.35,0.15,0.15,0.08839039155537827,-0.03731772873816432,0.8649553446662781,2.168625795619129,-1.0,0.3536467804226408,0.6972831388225705,2.1871046044658926,0.08932596223173206,0.014145187515365032,-0.25398527105690444,0.9780881889504344,0.982965529138909,2.063283537959396,1.0738139705037708,-0.14891383642805212,-0.5063979659453621,0.9364890521923513,-0.22694583940219923,-1.5679402921426049,4.0,3.0,4.0,4.0,4.0,6.0,3.0,5.0,3.0,4.0,5.0,4.0,4.0,2.0,4.0,5.0,5.0,4.0,4.0,4.0,3.0,3.0,3.0,4.0,3.0,4.0,5.0,6.0,6.0,6.0,5.0,5.0,6.0,6.0,4.0,6.0,4.0,5.0,5.0,4.0,5.0,3.0,5.0,6.0,5.0,5.0,4.0,4.0,3.0,2.0,2.0,-0.24776158965305603,0.3275888069827882,0.24933588122174866,-0.6816930950414264,0.5115429850611555,-0.5045188738320073,-0.5068868537790432,1.680160260966307,1.5296613077356076,1.3279090312373663,0.6607552908668837,0.0010520542998551361,1.3830233596432395,0.3210489524754257,-1.6994055674013904
1,1,0,0.35,0.15,0.15,1.106113836991008,-0.04114791243433885,-0.9069753926522721,-1.5996301941813467,-1.0,1.0093814818157933,-1.0706761362586494,2.7559103531155893,0.4945004732168154,-0.4931743407963033,0.7518444350988336,-0.1552045971995175,0.3411446590505254,0.7725956787900028,1.327830110670997,0.3021881559284473,-0.7748189312639502,-0.6453123951036102,1.250609381256701,-0.39490760935161545,5.0,5.0,4.0,3.0,3.0,2.0,2.0,5.0,4.0,4.0,5.0,3.0,4.0,4.0,3.0,5.0,3.0,4.0,5.0,5.0,5.0,5.0,3.0,3.0,2.0,4.0,4.0,4.0,5.0,4.0,4.0,4.0,2.0,5.0,5.0,4.0,3.0,5.0,3.0,3.0,3.0,2.0,3.0,3.0,3.0,4.0,5.0,5.0,3.0,5.0,3.0,0.26046731219936675,-1.6596797851402898,0.501429031272174,-0.34243681135051446,-0.2515980649135284,1.0245675314678406,-1.005975448269178,0.33980181033565987,-0.5072348939825487,0.6629154631685762,-0.35092745113025897,-1.3455774495142216,-1.0382133153085837,0.6508584702671961,-0.3516737667360989
1,1,1,0.35,0.15,0.15,-0.1471292883229492,-0.5206810650844244,-1.6385552432140955,0.4361079574504879,-1.0,1.6348014954959913,-0.014578962884511548,2.2503566857243364,-0.7925745617147358,-0.7585058156225066,-1.467888466627324,1.3176345961973788,0.10617003073766429,0.3477109736869898,0.1585407862766316,-1.1136025841446893,0.9267190434577501,0.29111947888589296,0.05511619313351812,-0.8811220086237755,4.0,5.0,6.0,5.0,3.0,4.0,4.0,4.0,4.0,5.0,5.0,3.0,2.0,3.0,4.0,4.0,4.0,3.0,2.0,1.0,2.0,2.0,4.0,5.0,5.0,5.0,5.0,4.0,3.0,3.0,3.0,4.0,4.0,3.0,4.0,5.0,4.0,3.0,4.0,6.0,4.0,5.0,4.0,4.0,5.0,5.0,4.0,4.0,3.0,3.0,4.0,1.0228106649780009,-0.3348340570582378,0.501429031272174,-1.360205662423251,-0.2515980649135284,-2.2884530133484966,0.7408346324462939,0.004712197677998546,-0.5072348939825487,-0.002078104900214853,-0.35092745113025897,1.0110241821604127,0.3453504989496009,0.3210489524754257,-0.6886067169024216
1,0,1,0.35,0.15,0.15,1.0099905343322262,-0.6897616851038589,1.0786788142502388,-0.34808181102358976,1.0,0.9505663840574505,0.7295439628995052,1.496668472362684,0.8568178446361272,0.2967434355139449,1.571373853327044,-0.40837173342840616,-1.016549382158565,-0.27232052416249647,-0.026597382808591467,1.726784313336851,-0.14447619568353665,-1.6038084198226066,-0.1789274542675261,1.6163110235328435,5.0,6.0,6.0,5.0,5.0,6.0,5.0,3.0,4.0,3.0,5.0,5.0,3.0,5.0,5.0,5.0,5.0,6.0,7.0,7.0,4.0,6.0,4.0,3.0,3.0,4.0,2.0,3.0,4.0,4.0,3.0,5.0,6.0,4.0,4.0,4.0,6.0,6.0,6.0,4.0,6.0,6.0,3.0,3.0,4.0,4.0,4.0,6.0,6.0,5.0,5.0,1.5310395668304237,1.3212231030443273,-0.25485041887910204,0.3360757560313098,1.2746840350358393,2.043958468334406,-0.5068868537790432,-1.0005566402949864,0.5112132068765295,-0.002078104900214853,2.00966561352974,1.3476815581139316,-0.6923223617440373,0.6508584702671961,1.3329909840955156
0,0,0,0.35,0.15,0.15,0.7793010065223271,-0.39312577056096504,-0.9584440185308095,-1.2010516605125472,1.0,-0.5970629122217164,-1.8480277977154849,-0.20258686566968587,0.5200850817738024,0.8972991589191128,1.2816019243706684,-1.275891106660097,-0.7535201438791717,-1.3847044407806686,-1.1759876336915107,-0.2697645346556301,-1.8351746030017064,-0.9460502841759276,-0.30936281614680183,0.9952252242201393,4.0,3.0,3.0,2.0,1.0,1.0,1.0,1.0,2.0,2.0,3.0,5.0,3.0,3.0,5.0,5.0,5.0,5.0,6.0,4.0,5.0,5.0,1.0,1.0,2.0,1.0,3.0,3.0,3.0,2.0,3.0,2.0,3.0,2.0,2.0,2.0,4.0,3.0,4.0,3.0,2.0,2.0,4.0,3.0,3.0,3.0,5.0,5.0,5.0,5.0,4.0,-1.0101049424316901,-2.984525513222342,-2.0195024692320795,-0.34243681135051446,1.020303685044278,1.0245675314678406,-2.75278552898465,-1.0005566402949864,-1.5256829948416268,-1.997058809106587,-0.35092745113025897,-1.6822348254677406,-0.6923223617440373,0.3210489524754257,0.6591250837628704
0,0,0,0.35,0.15,0.15,1.4189877199029797,-1.0491712101039155,0.03219993235324826,1.0864362887842962,-1.0,-0.2039817312142992,0.7892990115834964,1.4387135167193756,0.13323227556085607,-0.11059866292204579,0.9169121503924323,-0.6831670954320238,1.4343445629157046,-1.0699723268252224,0.5340253756373801,0.09906161776418951,-2.2114114004454737,0.9147165826025239,3.286724444553898,-0.26011261318547246,2.0,3.0,4.0,3.0,5.0,6.0,4.0,3.0,3.0,5.0,4.0,4.0,2.0,4.0,3.0,5.0,4.0,3.0,6.0,5.0,5.0,4.0,3.0,2.0,3.0,2.0,5.0,6.0,5.0,3.0,2.0,2.0,3.0,4.0,5.0,4.0,6.0,5.0,3.0,3.0,2.0,2.0,5.0,6.0,4.0,6.0,7.0,7.0,3.0,4.0,5.0,-1.0101049424316901,0.9900116710238146,-0.25485041887910204,-0.6816930950414264,-0.2515980649135284,1.0245675314678406,-1.505064042759313,1.3450706483086448,-1.5256829948416268,0.3304186791341802,0.6607552908668837,-1.6822348254677406,1.0371324060786937,2.629715577017815,-0.014740816569775791
1,1,0,0.35,0.15,0.15,-0.20418183451268232,-0.6822725813203483,0.1414834846787107,0.14724945258272665,-1.0,1.0357809750738773,0.2888534099972466,2.3197310537696483,0.8878184345522835,0.6179389887362435,0.2343284619164022,0.6266614421591249,-0.4497512563302971,0.7797160983009883,-0.5476718357215467,-0.5889157967671146,0.4049696934621157,-0.05194175514364444,1.0453221741082743,0.12417409101673987,4.0,5.0,5.0,3.0,3.0,3.0,2.0,4.0,4.0,3.0,4.0,4.0,4.0,5.0,3.0,5.0,4.0,4.0,5.0,4.0,3.0,2.0,3.0,3.0,2.0,5.0,4.0,2.0,3.0,4.0,5.0,4.0,3.0,3.0,4.0,3.0,4.0,3.0,4.0,4.0,3.0,4.0,4.0,4.0,3.0,5.0,5.0,5.0,4.0,3.0,5.0,0.26046731219936675,-1.328468353119777,-0.25485041887910204,0.3360757560313098,0.002782285078032882,-0.5045188738320073,-0.7564311510241106,-1.0005566402949864,0.001989156446990387,-0.6670716729690054,-0.35092745113025897,-0.3356053216536642,-0.3464314081794914,0.9806679880589657,-0.014740816569775791
1,0,0,0.35,0.15,0.15,-0.9359863543877568,0.5551220522967826,-0.270834051700284,-1.557243321325762,1.0,1.6384400230944807,-0.38543413491729844,1.386115656248086,1.6305805319154951,-1.2767863289466435,-1.4612797850909764,0.7278241259880045,-0.20159467520906427,-0.15260556064445252,1.774501386364387,-0.9097332352166823,-1.5936742995000939,-0.3454044094519209,-0.45346105204442727,-0.3060370803353502,5.0,6.0,5.0,6.0,4.0,3.0,2.0,3.0,3.0,3.0,3.0,4.0,5.0,6.0,3.0,3.0,2.0,2.0,3.0,2.0,3.0,3.0,4.0,5.0,3.0,4.0,3.0,4.0,3.0,3.0,2.0,4.0,4.0,6.0,6.0,5.0,3.0,3.0,4.0,3.0,3.0,2.0,4.0,4.0,2.0,2.0,3.0,3.0,3.0,3.0,5.0,1.5310395668304237,-0.9972569210992638,-1.011129869030378,1.0145883234131345,-1.5234998148713348,-1.2690620764819314,-0.0077982592889083565,-0.6654670276373246,-0.7618469191973182,1.6604058152717622,-0.6881550317959728,-1.3455774495142216,-0.6923223617440373,-1.3279986364834233,-0.3516737667360989
1,1,0,0.35,0.15,0.15,1.0125337938665342,1.081081665329746,1.4108233390045115,-0.6789550855522178,1.0,0.24382666384363028,0.4057261989427836,1.5321877173274125,1.9626122933967625,-0.030125153791373593,0.5585242234322827,0.98825945526545,-0.28429330208428605,2.081128274259007,0.7104975851881029,1.5180295094840477,-1.074528563862259,1.6441220852387732,-0.8548674310198789,-0.5787863831420985,4.0,4.0,5.0,4.0,4.0,5.0,5.0,4.0,4.0,5.0,3.0,4.0,6.0,4.0,4.0,4.0,3.0,4.0,4.0,3.0,4.0,6.0,3.0,4.0,5.0,4.0,4.0,5.0,4.0,7.0,7.0,6.0,6.0,5.0,4.0,4.0,6.0,5.0,6.0,2.0,5.0,2.0,7.0,6.0,4.0,3.0,3.0,3.0,3.0,3.0,4.0,0.26046731219936675,0.6588002390033019,-0.0027572688286767065,0.6753320397222226,-0.2515980649135284,0.2600243288179167,-0.0077982592889083565,0.33980181033565987,2.548109408594686,0.3304186791341802,1.672438032864026,-1.0089200735607025,1.7289143132077864,-0.9981891186916533,-0.6886067169024216
1,0,1,0.35,0.15,0.15,-0.5204692936974614,-1.0748212986704693,-0.39337340375551677,-0.505754567396967,-1.0,-0.7693512411674499,-0.719550087973978,1.2876893201575894,1.346015811444229,-0.7901725320201496,-1.2581107360611532,-0.14634345165035656,-0.36231495689834614,0.1784919877322061,-0.6528738458127361,0.5911263445770057,-0.07131463248752035,-0.966595470778475,1.49769849029742,0.8976195726165427,3.0,4.0,2.0,3.0,3.0,2.0,2.0,3.0,4.0,4.0,3.0,4.0,5.0,5.0,3.0,3.0,3.0,4.0,3.0,4.0,3.0,4.0,4.0,3.0,3.0,3.0,4.0,4.0,4.0,5.0,4.0,5.0,4.0,3.0,4.0,3.0,5.0,4.0,4.0,3.0,3.0,4.0,3.0,3.0,3.0,5.0,6.0,6.0,5.0,3.0,4.0,-1.0101049424316901,-1.6596797851402898,-0.5069435689295274,0.6753320397222226,-0.760358764896651,-0.5045188738320073,-0.7564311510241106,0.004712197677998546,0.5112132068765295,-0.6670716729690054,0.32352771020116905,-0.672262697607183,-1.0382133153085837,1.6402870236425056,-0.014740816569775791
1,1,1,0.35,0.15,0.15,0.4010059468098549,-1.1829654899142095,-0.9072839176422199,0.7351743087508545,-1.0,0.6043288871762696,0.19676452457710342,2.267783756550497,1.2474175512403498,-0.9021245044421188,-0.362781385404949,0.605300712038021,1.068483782318658,-0.013512711319830395,-0.6164874035936636,-0.2971368807425704,0.6765149859326431,-0.03816990529948631,-1.4064336221606009,1.1981113913185208,5.0,5.0,4.0,5.0,3.0,3.0,4.0,4.0,4.0,5.0,5.0,4.0,5.0,5.0,3.0,3.0,3.0,2.0,2.0,4.0,2.0,3.0,3.0,3.0,3.0,4.0,6.0,5.0,5.0,4.0,4.0,3.0,5.0,2.0,3.0,3.0,3.0,4.0,3.0,5.0,4.0,4.0,4.0,3.0,3.0,3.0,3.0,3.0,5.0,4.0,4.0,0.7686962140517896,-0.6660454890787506,0.501429031272174,0.6753320397222226,-1.2691194648797735,-1.2690620764819314,-0.7564311510241106,1.3450706483086448,0.001989156446990387,-1.3320652410377964,-0.6881550317959728,0.337709430253374,-0.6923223617440373,-0.9981891186916533,0.32219213359654686
0,1,1,0.35,0.15,0.15,0.866901413476683,-1.3853242070765373,0.8009238068253332,0.30984769053659805,1.0,-2.0211544160165196,-0.09965444858538763,1.3406260528961789,1.8709454514488437,1.7866389495773376,1.8311642680325355,-0.10604869222299937,-0.7120736573202497,0.06594588247145688,-1.2420358949965113,1.6096897061080058,0.3739000506338247,0.012380045397249129,0.9804233148469963,0.39541492861544064,1.0,1.0,2.0,1.0,3.0,2.0,4.0,3.0,3.0,4.0,4.0,6.0,4.0,6.0,6.0,5.0,6.0,6.0,5.0,5.0,7.0,5.0,4.0,4.0,3.0,2.0,2.0,2.0,3.0,3.0,4.0,2.0,2.0,1.0,1.0,3.0,4.0,4.0,6.0,6.0,4.0,3.0,3.0,4.0,4.0,4.0,4.0,5.0,4.0,5.0,3.0,-2.78890609891517,-0.9972569210992638,-0.5069435689295274,1.3538446071040464,1.7834447350189617,1.5342629999011235,-0.7564311510241106,-1.6707358656103095,-1.2710709696268574,-2.329555593140982,0.6607552908668837,0.337709430253374,-0.3464314081794914,0.3210489524754257,-0.014740816569775791
1,1,1,0.35,0.15,0.15,-0.16461452391912582,0.48516379972501467,0.0053725486515020906,0.40185741702250893,-1.0,1.7106736261378006,-0.601546066849178,2.88029921468444,1.6154915024538292,-1.3505619123401207,-0.540904244079915,0.257839052758021,0.0455452112927969,-0.3981562738251212,-0.04994781925335743,0.565822646460101,0.12831395522161293,0.5289350306205929,-0.8045818645157929,-2.214905980732764,5.0,6.0,6.0,5.0,3.0,4.0,4.0,5.0,5.0,6.0,7.0,4.0,4.0,6.0,3.0,2.0,3.0,4.0,3.0,4.0,5.0,4.0,2.0,3.0,4.0,3.0,3.0,5.0,3.0,4.0,3.0,4.0,3.0,3.0,4.0,3.0,5.0,5.0,6.0,4.0,4.0,6.0,4.0,5.0,4.0,3.0,3.0,4.0,3.0,1.0,1.0,1.5310395668304237,-0.3348340570582378,1.7618947815243007,0.6753320397222226,-1.0147391148882123,0.005176594601275346,-1.005975448269178,-0.3303774149796632,-0.5072348939825487,-0.6670716729690054,1.3352104521983112,0.6743668062068938,0.3453504989496009,-0.6683796008998834,-2.3732714677340363
1,0,0,0.35,0.15,0.15,-0.3603429307303634,-0.4212694804093782,-0.9073329636246636,-1.0532882406621638,1.0,0.6581613529064978,-0.16609019464805969,2.481957346849493,1.347235997382546,-0.8464681745433226,-1.449950088845379,1.1433286463529269,-0.465970776472032,0.20231897593852993,-0.5809170279401655,-0.3048445149702469,-0.2909102970373827,-0.5014255196063987,-1.2428557502674564,-1.930520208370901,4.0,4.0,3.0,5.0,4.0,4.0,4.0,6.0,6.0,5.0,6.0,5.0,6.0,5.0,4.0,3.0,4.0,3.0,3.0,3.0,3.0,1.0,6.0,5.0,3.0,4.0,3.0,4.0,4.0,3.0,3.0,3.0,3.0,3.0,3.0,3.0,4.0,4.0,3.0,4.0,3.0,2.0,3.0,5.0,4.0,4.0,4.0,3.0,2.0,3.0,3.0,0.0063528612731553755,-0.003622625037724597,1.7618947815243007,1.3538446071040464,-0.5059784149050897,-1.5239098106985727,0.4912903352012265,-0.3303774149796632,-1.0164589444120877,-0.9995684570034009,-0.35092745113025897,-1.0089200735607025,-0.0005404546149450336,-0.3385700831081138,-1.3624726172350679
1,0,0,0.35,0.15,0.15,-1.5830238826041843,-0.28855254472901887,0.34899999921992947,-1.1685058647229893,-1.0,1.881934988168958,-1.5103031901407435,2.691870108818222,0.2203801976353581,-0.2935571996956019,-0.27804576091775685,0.12514694133796223,0.5075496000077807,0.04371103561795363,0.2208710758780909,0.7081670639416565,-0.6597775616603728,-2.3010539614259518,1.3668293124189612,0.9594131082827339,6.0,6.0,5.0,5.0,3.0,1.0,2.0,5.0,4.0,4.0,6.0,4.0,4.0,3.0,3.0,3.0,6.0,4.0,3.0,4.0,3.0,4.0,3.0,3.0,4.0,2.0,4.0,4.0,5.0,5.0,4.0,3.0,3.0,4.0,4.0,3.0,5.0,3.0,6.0,3.0,3.0,3.0,2.0,2.0,2.0,4.0,5.0,3.0,4.0,5.0,5.0,1.5310395668304237,-1.990891217160803,0.7535221813225994,-0.34243681135051446,0.002782285078032882,-0.5045188738320073,-1.005975448269178,0.33980181033565987,-0.2526228687677792,-0.33457488893461035,0.6607552908668837,-1.0089200735607025,-2.0758861760022222,-0.008760565316343828,0.6591250837628704
1,1,0,0.35,0.15,0.15,1.021805759053017,-0.04098981041858712,-0.08357908195404233,1.2741319044559185,1.0,0.17052220548660751,1.879501322138759,2.138392187670783,1.206065891071898,1.0735508150363926,1.70842313683011,0.700640858322322,0.07482146741404619,0.1441297830184419,1.8145414083988838,1.348194735647174,0.5725260472972505,0.09304550389557917,-1.7771288886046934,-1.0661031997573072,4.0,2.0,5.0,4.0,6.0,6.0,5.0,5.0,5.0,5.0,5.0,5.0,5.0,4.0,5.0,5.0,5.0,7.0,5.0,6.0,5.0,5.0,4.0,4.0,3.0,5.0,3.0,3.0,4.0,4.0,4.0,4.0,4.0,5.0,5.0,6.0,5.0,5.0,5.0,5.0,5.0,5.0,5.0,5.0,4.0,3.0,3.0,2.0,4.0,3.0,2.0,-0.24776158965305603,1.652434535064841,1.0056153313730247,0.6753320397222226,1.5290643850274006,1.279415265684482,-0.0077982592889083565,-0.6654670276373246,0.001989156446990387,1.3279090312373663,0.9979828715325975,1.0110241821604127,0.6912414525141477,-1.3279986364834233,-1.0255396670687447
1,1,1,0.35,0.15,0.15,0.016130917826726893,-1.2371234419118808,0.01758450009904009,-1.5382915066860126,-1.0,0.6875715065610045,0.7769447929529225,1.0781070707696898,-0.01838974699478413,-1.5012094288681603,-1.3240362588547963,1.6634978299229979,1.2123111749842006,1.4853696566049077,0.8867991002535429,-0.7815285298118735,-0.8828968348411761,0.14773174269404507,0.04766080343696577,-0.11112593428092797,3.0,3.0,4.0,4.0,3.0,6.0,4.0,3.0,2.0,3.0,3.0,4.0,3.0,3.0,2.0,2.0,2.0,4.0,3.0,3.0,3.0,2.0,4.0,5.0,5.0,5.0,5.0,5.0,5.0,5.0,6.0,6.0,5.0,5.0,5.0,5.0,3.0,3.0,3.0,4.0,4.0,3.0,4.0,3.0,4.0,4.0,4.0,3.0,4.0,4.0,4.0,-0.5018760405792674,0.3275888069827882,-1.2632230190808036,-0.6816930950414264,-1.5234998148713348,-1.2690620764819314,0.7408346324462939,1.0099810356509835,1.5296613077356076,0.9954122472029713,-1.025382612461687,-0.3356053216536642,-0.3464314081794914,-0.3385700831081138,-0.014740816569775791
0,1,0,0.35,0.15,0.15,-1.448416524655455,0.23459329621437516,1.1953627263773219,0.6374559907555811,-1.0,0.7198141644911731,0.4184155600904033,0.7255762366552568,0.4504933331856945,-0.8135396809413005,0.47383177799493964,-0.6564547654463055,0.4393033084368443,-0.13709926721029095,-0.5539560005899092,-0.2991523427464208,-0.8329227009087349,-1.4297015910535456,0.18152684540467895,0.09234840480459178,4.0,3.0,4.0,5.0,3.0,3.0,4.0,3.0,3.0,3.0,3.0,3.0,3.0,3.0,3.0,3.0,3.0,3.0,4.0,4.0,4.0,5.0,2.0,4.0,3.0,3.0,4.0,5.0,3.0,2.0,4.0,4.0,3.0,4.0,3.0,3.0,4.0,2.0,3.0,4.0,2.0,3.0,3.0,3.0,1.0,5.0,4.0,3.0,4.0,4.0,4.0,0.0063528612731553755,-0.6660454890787506,-1.011129869030378,-1.0209493787323387,-1.0147391148882123,0.2600243288179167,-1.005975448269178,0.004712197677998546,-0.7618469191973182,-0.6670716729690054,-1.025382612461687,-1.0089200735607025,-1.729995222437676,-0.008760565316343828,-0.014740816569775791
1,1,1,0.35,0.15,0.15,-0.2682205299751472,-0.7732149252534662,1.090538411642425,0.019600222733481124,-1.0,0.5809544120343016,0.4554513707695927,2.110631184471548,-0.1849886071154639,-0.6472345626320394,-0.269189662194118,1.0182933555844307,-0.5342679504817556,1.3020188172276124,0.9911191341416006,-0.8252965534650283,-0.2352257868587818,-0.32488910273994637,0.8756227881229027,1.572358842213145,3.0,3.0,5.0,6.0,3.0,5.0,4.0,4.0,4.0,4.0,3.0,5.0,2.0,4.0,4.0,3.0,4.0,4.0,3.0,3.0,4.0,4.0,4.0,5.0,4.0,5.0,3.0,3.0,4.0,4.0,4.0,4.0,6.0,4.0,5.0,4.0,4.0,3.0,3.0,4.0,5.0,4.0,3.0,5.0,4.0,5.0,4.0,6.0,4.0,5.0,6.0,0.26046731219936675,-0.003622625037724597,-0.25485041887910204,-0.34243681135051446,-0.2515980649135284,-0.5045188738320073,0.4912903352012265,-0.6654670276373246,0.5112132068765295,0.3304186791341802,-0.6881550317959728,0.337709430253374,-0.0005404546149450336,0.9806679880589657,0.9960580339291931
0,0,0,0.35,0.15,0.15,1.3523125697838996,0.2967105459400255,0.1855096939914877,0.9379461126257987,-1.0,-1.0712596165187758,0.5551573548043356,-0.33998603052203835,-0.29529231281398455,0.9944083380806521,-0.048597143527967956,0.26750895157406207,-0.1696752970833325,0.9287245842899705,-0.1794425393023463,0.9833900831388143,0.3232244798245521,-1.9205749235771952,-0.5769556819899004,1.7908270942671072,3.0,3.0,2.0,2.0,4.0,3.0,6.0,1.0,1.0,2.0,1.0,3.0,3.0,4.0,5.0,5.0,5.0,4.0,4.0,5.0,5.0,3.0,4.0,3.0,4.0,4.0,3.0,3.0,5.0,4.0,5.0,4.0,4.0,4.0,4.0,3.0,4.0,5.0,5.0,5.0,5.0,5.0,2.0,3.0,1.0,2.0,4.0,5.0,5.0,4.0,7.0,-1.518333844284113,0.3275888069827882,-2.7757819193833555,-0.6816930950414264,0.7659233350527167,0.2600243288179167,-0.25734255653397575,-0.3303774149796632,0.25660118166175994,-0.33457488893461035,0.6607552908668837,1.0110241821604127,-2.0758861760022222,-0.3385700831081138,1.3329909840955156
0,0,1,0.35,0.15,0.15,-0.8931353981288573,0.6057176425253556,1.1924311379845631,1.3306704114384131,-1.0,0.03820450748153836,0.6966171958131431,0.49007327238601395,-0.283780547482596,0.3262632705136625,0.4418490850672179,-0.0755694698998704,0.3185611244616474,0.4777355405735523,-0.34939102749891704,1.0652160224909444,-1.0369610044510975,-0.7962055144814817,0.3379727417300499,1.1063416712922869,4.0,3.0,5.0,3.0,4.0,4.0,5.0,1.0,3.0,3.0,2.0,4.0,2.0,3.0,4.0,5.0,4.0,4.0,6.0,5.0,6.0,4.0,3.0,3.0,2.0,4.0,5.0,4.0,4.0,4.0,4.0,3.0,4.0,3.0,5.0,4.0,5.0,6.0,5.0,3.0,3.0,4.0,4.0,3.0,3.0,3.0,4.0,6.0,5.0,6.0,5.0,-0.24776158965305603,0.3275888069827882,-1.7674093191816542,-1.0209493787323387,0.25716263506959414,1.279415265684482,-1.005975448269178,0.33980181033565987,-0.2526228687677792,-0.002078104900214853,1.3352104521983112,-0.672262697607183,-0.6923223617440373,0.3210489524754257,1.3329909840955156
1,0,1,0.35,0.15,0.15,1.0566664421154388,-1.523145802497184,-0.1731839370063241,-1.144100863691575,-1.0,0.40368531423063847,0.5784392789077011,2.4964268303061923,2.061674361092524,0.30397514156721395,-0.778354435345247,1.1147510119418926,1.399769690964515,1.0088473922648475,2.263433559310454,0.3388959942869888,0.4342033507488509,-0.7682930002876315,-0.8063142402083329,-1.5452853391408399,4.0,3.0,4.0,4.0,5.0,6.0,5.0,3.0,4.0,3.0,5.0,5.0,7.0,5.0,4.0,5.0,4.0,5.0,4.0,5.0,3.0,3.0,5.0,5.0,5.0,3.0,6.0,6.0,5.0,5.0,4.0,4.0,4.0,6.0,5.0,5.0,4.0,3.0,3.0,5.0,4.0,4.0,3.0,3.0,3.0,3.0,4.0,4.0,3.0,5.0,5.0,-0.24776158965305603,1.3212231030443273,-0.25485041887910204,1.6931008907949592,0.5115429850611555,-0.249671139615366,0.4912903352012265,1.680160260966307,0.25660118166175994,1.3279090312373663,-0.6881550317959728,0.337709430253374,-1.0382133153085837,-0.3385700831081138,0.32219213359654686
0,1,1,0.35,0.15,0.15,-0.4701564714278104,0.8548012913380317,0.7788242339558273,1.1970107265078143,-1.0,0.7883601970223613,0.8153148934685297,2.2070125356883943,0.24947316593254734,-0.7618500427559676,-0.9353113839355647,1.1803562803545684,1.837164155421729,1.1406011205284963,0.7016706787540163,-1.1057608959012653,-1.4315362783839016,-0.28995044451151814,-1.4858661187086566,0.465480061288833,4.0,3.0,4.0,4.0,4.0,4.0,5.0,5.0,4.0,4.0,4.0,3.0,4.0,3.0,3.0,3.0,3.0,2.0,3.0,3.0,3.0,5.0,5.0,6.0,4.0,5.0,4.0,6.0,6.0,6.0,5.0,4.0,4.0,4.0,4.0,3.0,2.0,3.0,2.0,1.0,4.0,2.0,3.0,4.0,4.0,2.0,4.0,4.0,4.0,4.0,3.0,-0.24776158965305603,0.3275888069827882,0.24933588122174866,-0.6816930950414264,-1.2691194648797735,-0.5045188738320073,0.9903789296913613,1.3450706483086448,0.7658252320912989,-0.33457488893461035,-1.699837773793115,-1.6822348254677406,-0.3464314081794914,-0.6683796008998834,-0.3516737667360989
1,0,0,0.35,0.15,0.15,1.2086840381007928,0.03522211585751887,1.3116622938749927,0.6400228838831682,1.0,0.6395730724439039,0.9110333227414127,2.578253826123568,1.2552055777479034,1.5000027334184303,-0.42461803260433784,1.3377113637203912,0.3966434974128604,0.7312224221476558,-0.5334083300563495,0.09035741345324266,-0.6829492329535727,1.7185392509707897,-1.443438295816509,-0.21440564612518137,4.0,4.0,3.0,3.0,4.0,5.0,5.0,4.0,5.0,5.0,5.0,4.0,3.0,4.0,6.0,5.0,6.0,6.0,3.0,3.0,3.0,3.0,4.0,4.0,3.0,5.0,3.0,4.0,5.0,5.0,3.0,5.0,5.0,3.0,3.0,2.0,3.0,4.0,4.0,2.0,3.0,3.0,6.0,6.0,5.0,3.0,3.0,3.0,4.0,4.0,4.0,-0.5018760405792674,0.6588002390033019,0.7535221813225994,-0.34243681135051446,1.7834447350189617,-1.01421434226529,-0.0077982592889083565,0.004712197677998546,0.5112132068765295,-1.3320652410377964,-0.35092745113025897,-1.3455774495142216,1.7289143132077864,-0.9981891186916533,-0.014740816569775791
0,1,0,0.35,0.15,0.15,1.1952813813019485,0.24255655425702172,-0.12367893310069271,-0.24508955949692626,1.0,0.31499670758359616,-0.4966292959630494,1.6990918723957618,-0.10288689885225621,1.7392590428772796,1.7278843739033178,0.06400157883176294,1.122616793691128,0.05733620956976376,0.05979500203023937,-0.14228310631151475,0.2306742188576028,-0.26574924459184623,0.855600199691831,-2.8719408957476293,4.0,5.0,4.0,4.0,4.0,3.0,3.0,3.0,4.0,5.0,5.0,4.0,5.0,5.0,6.0,5.0,6.0,7.0,7.0,6.0,6.0,6.0,2.0,5.0,4.0,3.0,5.0,4.0,5.0,4.0,6.0,4.0,4.0,4.0,5.0,4.0,4.0,5.0,4.0,6.0,3.0,4.0,3.0,3.0,3.0,6.0,5.0,4.0,1.0,1.0,1.0,0.26046731219936675,-0.6660454890787506,0.24933588122174866,0.6753320397222226,2.0378250850105233,2.2988062025510474,-0.5068868537790432,0.6748914229933222,0.5112132068765295,0.3304186791341802,0.32352771020116905,0.337709430253374,-1.0382133153085837,0.9806679880589657,-3.0471373680666822
1,1,1,0.35,0.15,0.15,1.8708246472534178,1.3018922438461893,-0.3443886979509539,2.015154835965243,-1.0,0.3813375419996953,2.1761716718048594,2.951482257494049,0.737289757834086,-0.5069634805973764,0.030342151815565654,1.7639243274957557,2.2459360073014496,-0.22432974309916276,0.5919999473003383,-1.3660777707417382,-0.5853461551023322,0.17527545457260366,-1.3527899799711787,0.6564666859810453,4.0,4.0,4.0,4.0,7.0,5.0,5.0,5.0,5.0,5.0,6.0,4.0,4.0,4.0,3.0,3.0,4.0,5.0,4.0,4.0,4.0,4.0,6.0,5.0,5.0,5.0,6.0,5.0,6.0,5.0,5.0,4.0,3.0,4.0,4.0,4.0,2.0,2.0,2.0,3.0,4.0,3.0,4.0,3.0,3.0,3.0,3.0,3.0,4.0,5.0,4.0,0.0063528612731553755,1.652434535064841,1.25770848142345,-0.003180527659602121,-0.2515980649135284,0.005176594601275346,1.2399232269364286,1.680160260966307,0.25660118166175994,-0.002078104900214853,-2.037065354458829,-0.672262697607183,-0.6923223617440373,-0.9981891186916533,0.32219213359654686
1,0,0,0.35,0.15,0.15,-0.23120142593784976,0.7900746163788983,0.005624002267903293,0.34126775154325256,1.0,1.7372285044101903,0.1458056566691141,2.2092598940053914,1.2324168847640087,0.25924230476266014,0.6371395113355481,1.5320705330816087,0.44288426012060567,1.1936182767558505,-0.7640216832027412,1.0775790979076334,0.07334083751119536,1.5894815378049734,0.28260487600257644,-1.090039959405482,5.0,6.0,5.0,5.0,3.0,3.0,4.0,4.0,4.0,5.0,4.0,3.0,5.0,3.0,5.0,5.0,5.0,4.0,3.0,3.0,5.0,4.0,6.0,4.0,4.0,5.0,4.0,5.0,5.0,5.0,6.0,6.0,5.0,3.0,4.0,4.0,5.0,5.0,5.0,4.0,5.0,5.0,4.0,6.0,4.0,4.0,5.0,4.0,2.0,4.0,3.0,1.2769251159042123,-0.6660454890787506,0.24933588122174866,-0.34243681135051446,0.7659233350527167,-0.249671139615366,0.7408346324462939,0.6748914229933222,1.5296613077356076,-0.33457488893461035,0.9979828715325975,0.6743668062068938,0.6912414525141477,0.3210489524754257,-1.0255396670687447
0,0,0,0.35,0.15,0.15,0.35276265309859905,-1.2541948475829807,0.865239500961291,0.6468069194288074,-1.0,0.7008439350340728,1.4463763763898436,1.2552993658761644,1.316471529266493,-0.08566434307596316,1.2381256597062422,-0.8918656520055372,0.22021598860261526,1.3029845093654846,0.17629806471621226,0.7275940147609379,-1.0309176945428695,0.0453122689939055,-1.125134038331852,-1.5675726283328166,4.0,5.0,5.0,4.0,3.0,4.0,5.0,3.0,3.0,2.0,3.0,4.0,5.0,5.0,3.0,3.0,3.0,4.0,6.0,6.0,5.0,5.0,2.0,2.0,2.0,2.0,3.0,5.0,4.0,5.0,4.0,5.0,4.0,3.0,4.0,5.0,5.0,5.0,5.0,3.0,3.0,5.0,3.0,4.0,5.0,3.0,4.0,3.0,2.0,2.0,2.0,0.5145817631255781,-0.003622625037724597,-1.2632230190808036,0.6753320397222226,-0.760358764896651,1.5342629999011235,-2.004152637249448,0.004712197677998546,0.5112132068765295,-0.002078104900214853,0.9979828715325975,-0.3356053216536642,-0.0005404546149450336,-0.6683796008998834,-2.0363385175677133
1,1,0,0.35,0.15,0.15,-0.5037695795170098,2.148171889780311,-1.179630041148189,-0.41209268256541665,1.0,2.0975355073839896,1.9965741841811973,2.723952894405739,2.8047200599038336,0.0019043803754346667,-0.303547885807101,1.5934989760178762,0.9663074986902815,0.9481920607173395,1.4507711425418441,-1.6692786197426346,-0.28210384947361783,0.253294154902838,0.6703331866447082,-1.0678546903911361,5.0,5.0,6.0,5.0,5.0,5.0,6.0,5.0,6.0,4.0,5.0,7.0,5.0,7.0,4.0,4.0,5.0,4.0,3.0,2.0,4.0,3.0,5.0,6.0,6.0,3.0,4.0,5.0,5.0,6.0,5.0,5.0,4.0,6.0,4.0,4.0,4.0,4.0,1.0,4.0,3.0,5.0,4.0,5.0,7.0,5.0,4.0,5.0,4.0,1.0,3.0,1.2769251159042123,1.3212231030443273,1.0056153313730247,2.371613458176783,0.25716263506959414,-1.01421434226529,0.9903789296913613,0.6748914229933222,1.0204372573060685,0.6629154631685762,-1.025382612461687,0.0010520542998551361,1.3830233596432395,0.6508584702671961,-1.3624726172350679
1,0,0,0.35,0.15,0.15,1.0655400255419762,-0.08383802119294574,0.722096857261423,0.18118879857419834,-1.0,-0.47430494966100983,0.7301178196073124,-0.3745890477696925,-0.7522640504349999,2.28207940768527,-0.019760968374856636,-0.6486448466170482,-0.903411817578319,1.1186446633701097,-0.4785139997899789,0.7767956661827906,-1.2268025607856734,0.0961351591532007,0.12897123607428262,-0.6870262774752305,2.0,4.0,3.0,2.0,4.0,4.0,3.0,1.0,2.0,2.0,2.0,3.0,3.0,3.0,6.0,6.0,6.0,7.0,3.0,3.0,5.0,4.0,2.0,3.0,3.0,3.0,3.0,3.0,2.0,4.0,3.0,5.0,6.0,4.0,2.0,4.0,5.0,6.0,6.0,2.0,3.0,4.0,3.0,4.0,4.0,4.0,4.0,5.0,3.0,3.0,4.0,-1.2642193933579016,-0.3348340570582378,-2.271595619282505,-1.0209493787323387,2.292205435002084,-0.249671139615366,-1.2555197455142455,-1.335646252952648,0.5112132068765295,-0.6670716729690054,1.672438032864026,-1.0089200735607025,-0.3464314081794914,0.3210489524754257,-0.6886067169024216
1,1,1,0.35,0.15,0.15,1.6518797053705983,-0.3378966926808581,-0.13231584768566684,0.41307683392137645,-1.0,0.9874127716696954,0.40618780773462787,1.6377279288408957,-0.14996737919871517,0.6273980518966198,0.5730433527854093,-0.05563734817109034,1.2357151656228496,0.06257124222862873,1.5769888748895908,0.4462033662067134,-1.184306152474687,1.2348464326612825,-0.18556370302535774,1.8562043590110184,6.0,4.0,4.0,4.0,4.0,4.0,5.0,5.0,4.0,2.0,3.0,4.0,4.0,3.0,5.0,5.0,3.0,5.0,5.0,4.0,4.0,4.0,3.0,3.0,4.0,4.0,5.0,6.0,5.0,3.0,4.0,4.0,5.0,5.0,6.0,4.0,4.0,6.0,4.0,3.0,4.0,2.0,4.0,5.0,4.0,3.0,4.0,3.0,6.0,5.0,5.0,0.5145817631255781,0.3275888069827882,-0.5069435689295274,-0.34243681135051446,0.5115429850611555,0.2600243288179167,-0.5068868537790432,1.3450706483086448,0.001989156446990387,0.9954122472029713,0.6607552908668837,-1.0089200735607025,0.3453504989496009,-0.6683796008998834,1.3329909840955156
0,0,0,0.35,0.15,0.15,-1.068766968121189,-0.04048726661571876,1.0659621812434712,-0.5318831290811729,-1.0,-1.1415437199598149,0.4979892110162919,0.48253522193448783,-0.28139365205774314,-0.8216319863564991,-2.1716780418994905,-0.19228834627629332,-0.7513621056210651,0.08381163430463295,-0.18634853577796417,0.7500063406767616,-0.8610309248840018,-0.1374179973203612,1.7295610082965762,1.1921741936987182,2.0,1.0,2.0,3.0,4.0,4.0,5.0,3.0,2.0,2.0,3.0,2.0,3.0,4.0,3.0,2.0,3.0,3.0,1.0,1.0,1.0,2.0,2.0,4.0,3.0,3.0,3.0,3.0,2.0,4.0,4.0,5.0,4.0,3.0,3.0,5.0,5.0,6.0,4.0,4.0,3.0,3.0,4.0,3.0,3.0,6.0,5.0,6.0,4.0,6.0,5.0,-2.026562746136536,0.3275888069827882,-1.515316169131229,-1.0209493787323387,-1.2691194648797735,-2.798148481781779,-1.005975448269178,-1.335646252952648,0.25660118166175994,-0.33457488893461035,0.9979828715325975,-0.672262697607183,-0.6923223617440373,1.6402870236425056,0.9960580339291931
1,0,0,0.35,0.15,0.15,-0.24942629807598304,-1.735242618262511,0.22361027196993602,-0.4100013860651507,1.0,0.09764645480033463,-0.4331711841475847,0.9350185849325987,1.8767625971203425,0.5674990401711801,-0.09350626353855215,0.9813124953086094,-0.6221254661447428,1.0069905023051067,-0.6687076544439524,-0.7325079880676959,0.5204000059920904,-0.5050646868320062,-1.1164890426104868,0.7444717306111344,4.0,4.0,3.0,3.0,3.0,3.0,3.0,3.0,3.0,1.0,2.0,6.0,5.0,6.0,5.0,6.0,3.0,3.0,4.0,4.0,4.0,4.0,5.0,4.0,5.0,5.0,4.0,3.0,4.0,4.0,3.0,5.0,3.0,4.0,3.0,2.0,4.0,3.0,4.0,5.0,5.0,6.0,3.0,4.0,4.0,4.0,4.0,2.0,5.0,4.0,6.0,-0.5018760405792674,-0.9972569210992638,-1.7674093191816542,1.6931008907949592,0.25716263506959414,0.005176594601275346,0.7408346324462939,-0.3303774149796632,-0.2526228687677792,-0.9995684570034009,-0.35092745113025897,1.3476815581139316,-0.3464314081794914,-0.6683796008998834,0.9960580339291931
0,1,1,0.35,0.15,0.15,0.9100075566486414,0.39354725765612375,0.1675743934212808,-1.5553862621028063,1.0,-0.8696514290313675,-0.03643002659485878,0.6377252102280858,-0.09381598298551175,1.8958994655986987,0.946497554761446,0.14708243806446697,-0.09641255665479832,-0.41413318822321554,-0.5817021365749413,0.7063250840736706,-0.07070653463202065,0.49004588251722875,-0.500488523685268,0.9071978429582499,3.0,3.0,3.0,3.0,3.0,3.0,2.0,2.0,1.0,4.0,3.0,3.0,4.0,3.0,6.0,5.0,7.0,6.0,6.0,5.0,4.0,4.0,4.0,3.0,3.0,3.0,4.0,2.0,3.0,4.0,3.0,3.0,4.0,3.0,4.0,3.0,5.0,5.0,6.0,5.0,4.0,3.0,5.0,5.0,5.0,3.0,3.0,4.0,5.0,6.0,4.0,-1.0101049424316901,-1.328468353119777,-1.515316169131229,-0.6816930950414264,2.0378250850105233,0.7697197972511993,-0.7564311510241106,-1.0005566402949864,-0.5072348939825487,-0.6670716729690054,1.3352104521983112,0.0010520542998551361,1.0371324060786937,-0.6683796008998834,0.9960580339291931
1,0,0,0.35,0.15,0.15,-0.8500556657724365,-0.7658099048324658,-0.37919183482615554,-0.04842784221362249,1.0,0.3156041521209676,-0.5048830188878811,1.5725069624269699,1.664150418090916,-2.1023964714941674,-0.8943362369639551,2.237444843903477,0.9607695883240446,1.5407386749382008,1.944627915204755,0.5602121323686269,0.8941036819108694,-0.33277937616959397,-0.5531272716131913,-1.0106553485442558,5.0,4.0,4.0,5.0,4.0,3.0,4.0,4.0,6.0,4.0,4.0,6.0,5.0,5.0,3.0,1.0,4.0,3.0,3.0,3.0,2.0,3.0,7.0,5.0,6.0,5.0,4.0,4.0,5.0,5.0,6.0,4.0,6.0,5.0,4.0,4.0,5.0,5.0,5.0,5.0,4.0,3.0,4.0,4.0,3.0,3.0,4.0,3.0,3.0,4.0,2.0,0.5145817631255781,-0.3348340570582378,0.501429031272174,1.3538446071040464,-1.2691194648797735,-1.2690620764819314,1.7390118214265635,0.33980181033565987,1.2750492825208382,0.3304186791341802,0.9979828715325975,0.0010520542998551361,-0.3464314081794914,-0.6683796008998834,-1.0255396670687447
1,1,1,0.35,0.15,0.15,-0.23482075246502224,1.0763934586341222,2.0300112267772388,-0.2833790583217465,1.0,1.7817289764723299,1.7679112094549083,2.841466844079677,2.523195820646145,-0.11329996198735212,-0.254665342069442,2.3758469730903604,0.5050557581369176,1.261390945149783,-0.6183423059863133,-1.1892063978037217,-0.856545070763129,1.0246997455713789,-2.5601424457811515,-0.06786496631991243,6.0,6.0,6.0,4.0,6.0,5.0,5.0,5.0,5.0,5.0,5.0,5.0,5.0,4.0,4.0,4.0,2.0,3.0,5.0,6.0,3.0,6.0,5.0,5.0,5.0,4.0,5.0,5.0,4.0,5.0,6.0,6.0,4.0,3.0,3.0,2.0,3.0,4.0,3.0,4.0,4.0,3.0,5.0,5.0,3.0,1.0,2.0,3.0,5.0,4.0,5.0,1.5310395668304237,1.3212231030443273,1.0056153313730247,0.6753320397222226,-0.760358764896651,1.0245675314678406,0.7408346324462939,0.6748914229933222,1.2750492825208382,-1.3320652410377964,-0.6881550317959728,-0.3356053216536642,0.3453504989496009,-1.9876176720669627,0.6591250837628704
1,1,0,0.35,0.15,0.15,-0.9343913991626132,0.28392149790987664,-1.2750354200259106,-0.7591320234137945,-1.0,2.328375427876045,-0.9370054810357082,2.4094839009014937,0.14098554370632105,-1.0612682771463422,-2.7577074941028403,1.7392874303182557,0.6885108658899504,1.4288663197554716,1.5915616504404868,0.22816004377363996,-0.9590966468820671,0.8600126805173496,0.870386936787167,0.7298080750166595,6.0,6.0,7.0,6.0,2.0,2.0,1.0,5.0,4.0,5.0,5.0,3.0,5.0,4.0,4.0,2.0,2.0,3.0,1.0,3.0,1.0,2.0,6.0,5.0,4.0,6.0,4.0,4.0,6.0,5.0,4.0,5.0,4.0,5.0,6.0,5.0,3.0,3.0,6.0,3.0,3.0,4.0,6.0,5.0,5.0,4.0,6.0,4.0,5.0,3.0,4.0,2.293382919609058,-2.322102649181316,0.7535221813225994,-0.003180527659602121,-1.2691194648797735,-2.2884530133484966,1.2399232269364286,0.6748914229933222,0.5112132068765295,1.3279090312373663,-0.013699870464544755,-0.672262697607183,1.3830233596432395,0.6508584702671961,-0.014740816569775791
1,1,1,0.35,0.15,0.15,2.001139318615246,0.8244779126226703,0.2500938300643145,0.23486619865252648,-1.0,1.7248905239163568,1.0926299271716744,2.3536593370371426,-0.03373027100476256,1.0527600411916225,0.8171534256630217,0.7732597942608708,0.7725027786501428,0.8851404234992675,0.39861256465613687,-1.295629845713361,-0.9358785325270303,-0.19012782679350293,-0.44561318855847887,0.2658500190927807,5.0,6.0,6.0,6.0,5.0,4.0,6.0,4.0,4.0,4.0,3.0,3.0,3.0,3.0,5.0,4.0,5.0,5.0,5.0,6.0,4.0,4.0,4.0,4.0,4.0,3.0,4.0,4.0,3.0,5.0,5.0,5.0,5.0,3.0,3.0,5.0,3.0,3.0,4.0,4.0,3.0,5.0,4.0,5.0,4.0,3.0,4.0,5.0,4.0,4.0,5.0,1.7851540177566352,0.9900116710238146,-0.25485041887910204,-1.0209493787323387,0.7659233350527167,0.7697197972511993,-0.25734255653397575,-0.3303774149796632,1.0204372573060685,-0.33457488893461035,-0.6881550317959728,0.0010520542998551361,0.3453504989496009,-0.008760565316343828,0.32219213359654686
1,0,1,0.35,0.15,0.15,0.824003821544902,-0.18342696621363783,0.6310200718988098,0.9097901130684848,1.0,0.7421423400796641,0.09753041105005375,1.3127364726890915,1.4395914267274381,-0.21524165676946294,-0.04552855605484418,1.2227195491157516,0.18720133488916868,1.009055052329321,-0.09624467299889633,0.790328384783594,0.5587902630697603,-0.135718118775117,0.21695161288381487,0.7114933893907819,3.0,4.0,4.0,4.0,3.0,4.0,3.0,4.0,3.0,4.0,3.0,3.0,4.0,4.0,4.0,4.0,4.0,3.0,4.0,5.0,2.0,2.0,5.0,5.0,3.0,4.0,5.0,3.0,4.0,4.0,3.0,4.0,5.0,3.0,4.0,3.0,6.0,4.0,3.0,4.0,3.0,4.0,5.0,4.0,4.0,4.0,4.0,4.0,4.0,5.0,5.0,-0.24776158965305603,-0.6660454890787506,-0.5069435689295274,-0.34243681135051446,-0.2515980649135284,-0.7593666080486486,0.24174603795615907,0.004712197677998546,0.001989156446990387,-0.6670716729690054,0.32352771020116905,-0.3356053216536642,0.3453504989496009,-0.008760565316343828,0.6591250837628704
1,1,0,0.35,0.15,0.15,0.6392622384635347,0.4265671892748075,-1.1114643251983918,0.5435173829048531,-1.0,0.7706875963533029,1.7463274162979365,2.0898143963427986,1.7394165651591171,0.6293976666780882,-0.2155863259054008,0.11416693629517705,-0.9390955402954174,0.14192755075185343,1.7158679533325767,-0.06729446114715765,0.3311630491767475,-0.41567977912559334,1.8228169198734219,0.22928131364151166,4.0,4.0,4.0,5.0,5.0,5.0,7.0,5.0,4.0,5.0,5.0,6.0,4.0,6.0,5.0,5.0,6.0,5.0,4.0,4.0,4.0,5.0,4.0,3.0,4.0,3.0,2.0,3.0,3.0,4.0,3.0,4.0,4.0,6.0,5.0,5.0,3.0,4.0,3.0,4.0,6.0,5.0,5.0,4.0,4.0,6.0,6.0,7.0,5.0,5.0,5.0,0.26046731219936675,1.652434535064841,0.7535221813225994,1.3538446071040464,1.2746840350358393,0.2600243288179167,-0.5068868537790432,-1.335646252952648,-0.2526228687677792,1.3279090312373663,-0.6881550317959728,1.0110241821604127,0.3453504989496009,2.2999060592260445,0.9960580339291931
1,1,0,0.35,0.15,0.15,-0.7647989328044381,0.16571932040874235,-0.8541766586078089,-0.184161720784054,1.0,0.6956015394695123,0.40121831007047937,2.131578272820559,2.361172839557545,0.5966903697492314,-1.4031874245597071,1.4052665439659275,0.3926018687360295,0.7162564592292945,2.076868057146905,-1.1059409433985299,0.6028560554042315,0.5256492701125515,-1.068595754844551,-1.0770376849643886,5.0,5.0,5.0,3.0,3.0,4.0,5.0,4.0,3.0,4.0,5.0,5.0,5.0,6.0,5.0,4.0,4.0,4.0,2.0,2.0,4.0,3.0,5.0,5.0,5.0,5.0,4.0,4.0,4.0,4.0,4.0,4.0,5.0,5.0,6.0,5.0,4.0,4.0,3.0,4.0,5.0,3.0,4.0,4.0,5.0,4.0,2.0,2.0,3.0,3.0,4.0,0.5145817631255781,-0.003622625037724597,-0.0027572688286767065,1.3538446071040464,0.25716263506959414,-1.2690620764819314,0.9903789296913613,0.004712197677998546,0.25660118166175994,1.3279090312373663,-0.35092745113025897,0.0010520542998551361,0.3453504989496009,-1.3279986364834233,-0.6886067169024216
1,1,1,0.35,0.15,0.15,-0.9663814240251881,-0.8349645398453992,-1.46170218859224,-0.379877328510188,-1.0,1.5898241063136225,1.1890542804801043,3.3672502754412514,1.6922715152750518,-1.4959638112871696,-1.2106513582379368,1.1810909618131933,1.2930406767213403,0.3766330648201789,1.5261541996027876,0.15037438399258907,0.5115336374549756,-0.5279609172299278,-1.315591881626185,-0.23534361437245266,5.0,5.0,5.0,4.0,5.0,5.0,4.0,6.0,5.0,5.0,5.0,5.0,5.0,4.0,3.0,3.0,3.0,2.0,3.0,2.0,3.0,3.0,5.0,5.0,4.0,6.0,5.0,6.0,4.0,4.0,4.0,3.0,5.0,5.0,5.0,6.0,4.0,4.0,5.0,5.0,4.0,3.0,4.0,5.0,4.0,3.0,3.0,3.0,4.0,4.0,3.0,0.7686962140517896,0.6588002390033019,1.25770848142345,0.6753320397222226,-1.2691194648797735,-1.2690620764819314,0.9903789296913613,1.0099810356509835,0.001989156446990387,1.3279090312373663,0.32352771020116905,0.0010520542998551361,0.3453504989496009,-0.9981891186916533,-0.3516737667360989
0,1,1,0.35,0.15,0.15,1.054130418451605,-0.3116779350682472,0.37001945559728117,2.0432445075501717,1.0,0.7596565941018647,1.2994905260934102,0.994895500419358,1.311014627995457,1.5124733250666442,0.4987322656353059,0.23532164720569154,-0.11374862682577941,-0.09126312132856855,-0.3326247807320158,-0.6434333039416593,0.7086820254848636,-0.37449664467849597,0.7557022749943375,-1.4545562478951597,4.0,4.0,6.0,4.0,5.0,6.0,4.0,3.0,3.0,4.0,2.0,5.0,5.0,5.0,6.0,6.0,5.0,6.0,5.0,5.0,4.0,4.0,3.0,3.0,4.0,3.0,4.0,2.0,4.0,2.0,2.0,4.0,2.0,3.0,4.0,3.0,3.0,3.0,5.0,5.0,5.0,5.0,4.0,5.0,3.0,5.0,5.0,5.0,3.0,2.0,3.0,0.5145817631255781,0.9900116710238146,-1.011129869030378,1.0145883234131345,1.7834447350189617,0.514872063034558,-0.7564311510241106,-0.6654670276373246,-1.5256829948416268,-0.6670716729690054,-0.35092745113025897,1.0110241821604127,-0.0005404546149450336,0.9806679880589657,-1.3624726172350679
1,1,0,0.35,0.15,0.15,-0.8272165758281212,1.0131031970901285,-1.321916743600361,-0.8727467137055936,-1.0,-0.2924473307862139,1.3331670937764237,1.3967218379741122,-1.0810486837594397,-0.19517869661714127,-0.37373734601041564,0.7985301233255514,1.4900291397813574,-0.15683904774711993,0.9533306712151194,-0.7176438873595299,-0.14989147411526227,0.8127113251338174,-0.19416936044980368,0.02117098670162769,3.0,3.0,2.0,4.0,5.0,5.0,4.0,3.0,3.0,3.0,3.0,1.0,2.0,3.0,3.0,3.0,3.0,4.0,4.0,4.0,2.0,2.0,3.0,4.0,5.0,4.0,5.0,5.0,5.0,2.0,3.0,2.0,3.0,5.0,6.0,4.0,2.0,4.0,3.0,4.0,4.0,4.0,5.0,4.0,4.0,2.0,3.0,3.0,5.0,4.0,4.0,-1.0101049424316901,0.6588002390033019,-1.011129869030378,-2.038718229805075,-0.760358764896651,-1.01421434226529,-0.0077982592889083565,1.0099810356509835,-1.5256829948416268,0.9954122472029713,-1.025382612461687,0.0010520542998551361,0.3453504989496009,-1.3279986364834233,0.32219213359654686
0,1,0,0.35,0.15,0.15,-0.807229415692156,0.8852114526249235,1.1725930478521067,0.638252668288423,1.0,2.142766900999506,0.005964787358328727,3.242801410138709,1.329172573931661,-0.3202528456346954,1.1314876670674245,2.0921525718751006,1.7459794278738374,2.211721301759519,0.26710269254389724,0.5093445830542548,0.7746413404211434,1.5148666331092013,-0.04947789537006142,1.7857917186420411,5.0,6.0,6.0,5.0,4.0,2.0,4.0,6.0,5.0,6.0,5.0,5.0,6.0,4.0,4.0,3.0,5.0,5.0,6.0,5.0,5.0,6.0,5.0,6.0,4.0,4.0,6.0,6.0,6.0,5.0,6.0,7.0,6.0,3.0,3.0,3.0,4.0,6.0,4.0,5.0,4.0,5.0,5.0,5.0,5.0,4.0,3.0,3.0,6.0,6.0,6.0,1.5310395668304237,-0.6660454890787506,1.5098016314738754,1.0145883234131345,0.25716263506959414,1.5342629999011235,0.7408346324462939,2.0152498736239686,2.0388853581651465,-0.9995684570034009,0.6607552908668837,0.6743668062068938,1.0371324060786937,-0.6683796008998834,2.006856884428162
1,0,0,0.35,0.15,0.15,1.2636268601181362,-0.3511958590906821,-0.47792603034767456,0.7523182389016108,1.0,-0.3404627425353187,0.8385514233924816,1.4357557762028708,0.1408459037654568,-0.3977433075024813,-0.5111309749522643,0.5730261151546029,-0.2851875564450728,-0.9648750831170592,0.5329703990105672,-1.451376461509088,1.2314912055718414,1.479482926248234,0.31069816957443347,-0.23947210343322006,4.0,3.0,3.0,3.0,5.0,4.0,4.0,4.0,4.0,4.0,4.0,3.0,3.0,4.0,3.0,5.0,6.0,4.0,2.0,4.0,4.0,4.0,4.0,4.0,4.0,3.0,3.0,3.0,3.0,3.0,3.0,3.0,3.0,4.0,3.0,5.0,3.0,3.0,2.0,4.0,5.0,5.0,5.0,5.0,5.0,5.0,3.0,5.0,4.0,4.0,4.0,-0.7559904915054788,0.3275888069827882,-0.0027572688286767065,-0.6816930950414264,0.5115429850611555,-0.5045188738320073,-0.25734255653397575,-1.0005566402949864,-1.0164589444120877,-0.002078104900214853,-1.3626101931274013,0.6743668062068938,1.0371324060786937,0.3210489524754257,-0.014740816569775791
1,1,1,0.35,0.15,0.15,0.6854703938566719,-0.6141579638499688,-1.6675943115003622,-0.8184827503768904,1.0,0.8370647611656925,0.3326998527885128,1.3434260813093313,0.5335366894905238,-0.2791740793679995,-1.5618413211536313,0.4634688273913836,-0.08206425162273362,0.26419370431711664,-0.23675990082195608,-0.2436433907506347,0.6300006620129979,1.0756147664945195,-0.05819324813314769,-0.35925204905257885,3.0,5.0,5.0,4.0,4.0,5.0,3.0,4.0,4.0,3.0,4.0,4.0,3.0,5.0,4.0,3.0,4.0,3.0,5.0,3.0,1.0,3.0,4.0,2.0,2.0,3.0,4.0,3.0,5.0,4.0,3.0,6.0,4.0,3.0,5.0,4.0,5.0,4.0,4.0,5.0,5.0,4.0,5.0,6.0,4.0,4.0,5.0,3.0,4.0,3.0,4.0,0.26046731219936675,-0.003622625037724597,-0.25485041887910204,-0.003180527659602121,-0.5059784149050897,-1.01421434226529,-1.2555197455142455,0.004712197677998546,0.25660118166175994,-0.002078104900214853,0.32352771020116905,0.6743668062068938,1.0371324060786937,-0.008760565316343828,-0.3516737667360989
0,0,0,0.35,0.15,0.15,-1.597798295728068,1.6154265311672364,0.03247142681203118,0.8731569101943282,1.0,1.1057043412518752,0.2162663081795969,1.4009288869544827,1.2243270175906094,-1.0038051438501918,-0.13081103978522846,0.592575539464128,1.0134862412619006,0.4034220480081984,0.5780618805825178,0.30447588855565744,-0.5559577384220972,-0.2627636350495741,-0.851383911093553,-0.34998561853718335,4.0,4.0,5.0,5.0,3.0,4.0,4.0,3.0,3.0,3.0,3.0,3.0,5.0,5.0,2.0,2.0,3.0,3.0,3.0,4.0,3.0,4.0,3.0,4.0,4.0,4.0,4.0,4.0,5.0,4.0,4.0,4.0,3.0,4.0,4.0,2.0,4.0,5.0,3.0,2.0,4.0,3.0,3.0,5.0,3.0,2.0,3.0,4.0,4.0,3.0,4.0,0.5145817631255781,-0.3348340570582378,-1.011129869030378,0.3360757560313098,-1.5234998148713348,-0.5045188738320073,-0.25734255653397575,0.33980181033565987,-0.2526228687677792,-0.6670716729690054,-0.013699870464544755,-1.0089200735607025,-0.3464314081794914,-0.9981891186916533,-0.3516737667360989
1,0,0,0.35,0.15,0.15,0.6048915312687314,-0.31693425299126615,0.2347819854165884,1.2525762304099246,1.0,0.959696070675205,-0.2766930338735659,1.3391151230432425,1.0275976834056515,-0.09203647072277654,-0.08672903475690971,1.1619859088422757,0.9592827630401772,0.7606917756990229,1.1589821314724986,-0.768764990111314,-0.5931093645585409,0.889289328042704,0.7211090539687983,-0.146984889124786,6.0,4.0,5.0,4.0,5.0,3.0,4.0,3.0,5.0,3.0,3.0,4.0,4.0,4.0,4.0,4.0,5.0,4.0,5.0,4.0,4.0,5.0,5.0,5.0,3.0,4.0,5.0,5.0,5.0,4.0,3.0,6.0,5.0,5.0,5.0,3.0,3.0,4.0,2.0,4.0,2.0,5.0,5.0,5.0,6.0,5.0,5.0,4.0,4.0,3.0,3.0,0.7686962140517896,-0.003622625037724597,-0.5069435689295274,-0.003180527659602121,0.25716263506959414,0.514872063034558,0.24174603795615907,1.0099810356509835,0.5112132068765295,0.3304186791341802,-1.025382612461687,-0.3356053216536642,1.3830233596432395,0.6508584702671961,-0.6886067169024216
0,1,1,0.35,0.15,0.15,0.9272691155255782,1.3003605251168628,-0.4298490468853494,-0.42209501167850494,-1.0,-0.5297122132930823,1.1415848131967778,1.3732183539488436,-0.9638194725552849,0.9495796130398756,0.1051940739195997,-0.42010207098804625,-0.6939663402063808,1.1491872073328064,-0.9287553039826921,0.2805146219384747,-0.4493002333511993,0.5425801399352597,0.5123819569335141,-3.1817865857483856,2.0,1.0,3.0,3.0,5.0,5.0,3.0,3.0,4.0,5.0,3.0,2.0,2.0,3.0,4.0,4.0,5.0,4.0,4.0,4.0,4.0,4.0,1.0,2.0,2.0,3.0,2.0,3.0,1.0,5.0,5.0,5.0,3.0,3.0,2.0,1.0,3.0,3.0,6.0,2.0,2.0,3.0,5.0,4.0,4.0,4.0,4.0,4.0,1.0,1.0,1.0,-1.7724482952103244,0.3275888069827882,-0.25485041887910204,-1.699461946114163,0.25716263506959414,0.005176594601275346,-2.004152637249448,-2.005825478267971,0.5112132068765295,-1.997058809106587,-0.013699870464544755,-1.6822348254677406,0.3453504989496009,-0.008760565316343828,-3.0471373680666822
0,1,0,0.35,0.15,0.15,1.4600726585203179,0.5939084685859146,0.08836875267062527,-1.1156306073782762,-1.0,-0.7747995717223991,-0.01719525641968278,0.4222551985113412,-0.81802246614352,1.0166970050679929,1.133537839037893,-0.3676515224312562,-0.46046831298451885,-0.4519057825536682,0.7378855727228621,0.8194255460549977,0.35674067131477794,-1.2959087541982934,-0.06543171220905819,1.690379645340065,3.0,2.0,3.0,3.0,4.0,3.0,2.0,2.0,3.0,3.0,3.0,1.0,2.0,3.0,6.0,5.0,5.0,5.0,5.0,4.0,5.0,6.0,3.0,3.0,3.0,2.0,3.0,4.0,2.0,4.0,3.0,3.0,4.0,5.0,5.0,4.0,6.0,5.0,5.0,4.0,4.0,5.0,3.0,2.0,3.0,4.0,5.0,5.0,6.0,6.0,6.0,-1.2642193933579016,-0.9972569210992638,-1.2632230190808036,-2.038718229805075,1.2746840350358393,1.0245675314678406,-1.2555197455142455,-1.0005566402949864,-0.5072348939825487,0.6629154631685762,1.3352104521983112,0.337709430253374,-1.38410426887313,0.6508584702671961,2.006856884428162
1,1,0,0.35,0.15,0.15,0.6366370837651802,-0.9344588049956831,0.8434639345371993,-0.21839927145727264,1.0,1.4870031121951077,0.021069503113784305,3.4863583716598905,3.5098337943819677,-0.1590958286735153,0.27689861936903537,1.9229040333890803,1.165030647333336,-0.09747481818411646,0.1464837128886527,0.45597191392207603,0.8013718293329808,0.3848736356059188,-0.7178101954156059,0.8826623645783606,5.0,4.0,4.0,5.0,2.0,3.0,3.0,5.0,5.0,6.0,4.0,7.0,5.0,6.0,4.0,3.0,4.0,5.0,4.0,3.0,4.0,5.0,4.0,5.0,4.0,7.0,5.0,4.0,5.0,4.0,3.0,4.0,4.0,4.0,3.0,2.0,4.0,4.0,4.0,4.0,4.0,3.0,4.0,3.0,3.0,3.0,4.0,3.0,4.0,5.0,6.0,0.5145817631255781,-1.328468353119777,1.0056153313730247,2.0323571744858713,0.002782285078032882,0.005176594601275346,0.9903789296913613,0.6748914229933222,-0.2526228687677792,-0.9995684570034009,-0.013699870464544755,-0.3356053216536642,-0.6923223617440373,-0.6683796008998834,0.9960580339291931
1,1,0,0.35,0.15,0.15,-1.2410601684830453,-1.387692427744357,-0.5858075070067581,-1.2727939467096796,-1.0,0.7751758034901806,1.4199472709256358,1.4349005426599386,0.5947667594886988,-0.3499448074213258,-0.8769314379175054,1.0368016417102481,-0.6954480045399802,0.5771228574614283,0.3526956237580961,-1.5343671118070854,0.6651362322827343,-1.6129731772317306,-1.7628271589888325,-0.19523398945997492,4.0,4.0,4.0,5.0,5.0,3.0,5.0,4.0,4.0,4.0,4.0,4.0,5.0,3.0,3.0,2.0,3.0,4.0,3.0,3.0,3.0,2.0,4.0,4.0,3.0,4.0,2.0,3.0,3.0,5.0,4.0,5.0,3.0,4.0,3.0,4.0,2.0,3.0,3.0,5.0,5.0,4.0,2.0,2.0,4.0,2.0,2.0,3.0,3.0,5.0,4.0,0.26046731219936675,0.3275888069827882,-0.0027572688286767065,-0.003180527659602121,-1.0147391148882123,-1.2690620764819314,-0.25734255653397575,-1.335646252952648,0.25660118166175994,-0.33457488893461035,-1.3626101931274013,0.6743668062068938,-1.38410426887313,-1.6578081542751928,-0.014740816569775791
0,0,0,0.35,0.15,0.15,-0.8571139760698905,1.6762265766007507,-0.9086635762620322,0.4305728594632505,1.0,1.1373001716980615,-1.3758972490123726,0.24633071101894988,0.38507559628902926,0.5383050019067276,1.4714240515298536,-1.6714406602777734,-0.3666850602412346,-1.562468935895875,-2.5576737394836924,0.8525334912500239,-0.9766097512889079,0.114714537084737,1.8245333090612774,-1.1877870522798122,5.0,5.0,6.0,5.0,1.0,1.0,2.0,2.0,3.0,2.0,1.0,4.0,5.0,4.0,4.0,5.0,3.0,4.0,4.0,6.0,5.0,6.0,2.0,3.0,2.0,3.0,3.0,4.0,3.0,3.0,2.0,1.0,1.0,2.0,1.0,2.0,5.0,5.0,5.0,3.0,4.0,3.0,4.0,4.0,4.0,6.0,6.0,5.0,3.0,2.0,3.0,1.2769251159042123,-2.6533140812018297,-2.0195024692320795,0.3360757560313098,0.002782285078032882,1.279415265684482,-1.505064042759313,-0.6654670276373246,-2.2895190704859356,-2.329555593140982,0.9979828715325975,-0.672262697607183,-0.0005404546149450336,1.6402870236425056,-1.3624726172350679
1,0,0,0.35,0.15,0.15,1.1616892160151389,0.4408475205212212,0.12964388335302934,-0.5580002902148989,1.0,0.741744461535685,-0.8955632229794257,0.857343454920648,-0.5664602548414377,2.045593055390075,1.125254838753129,0.7098863636965851,-0.3720817522664992,1.1164061425288776,1.3718201625647366,0.4746749716694655,1.3048681411957568,0.7437860850150961,0.9192815054346413,0.40070695106759086,4.0,4.0,3.0,2.0,2.0,3.0,3.0,3.0,3.0,1.0,4.0,3.0,2.0,3.0,5.0,6.0,7.0,6.0,5.0,5.0,5.0,6.0,4.0,3.0,4.0,4.0,2.0,4.0,4.0,5.0,4.0,4.0,4.0,5.0,4.0,3.0,4.0,4.0,5.0,5.0,5.0,6.0,5.0,4.0,6.0,4.0,4.0,5.0,5.0,5.0,5.0,-0.7559904915054788,-1.328468353119777,-1.2632230190808036,-1.360205662423251,2.0378250850105233,1.279415265684482,-0.25734255653397575,-0.6654670276373246,0.25660118166175994,-0.002078104900214853,0.32352771020116905,1.3476815581139316,1.0371324060786937,0.3210489524754257,0.9960580339291931
0,1,1,0.35,0.15,0.15,-0.31097309862183603,0.49719127722431916,-0.15092258122314717,0.17653795326757452,-1.0,0.4406466808305592,1.0029707081327468,2.8806664252333527,-0.05688006502169607,-0.2583337269359205,-0.3650883699402129,0.4140526296255166,0.05264665723357961,1.7678817724628613,2.6909282870333455,-0.1347847307946312,-0.4633742194853324,-0.6217559041460631,1.3452061349924405,-0.22204768362248212,3.0,5.0,3.0,3.0,5.0,4.0,4.0,5.0,4.0,5.0,5.0,3.0,2.0,5.0,5.0,3.0,4.0,4.0,3.0,4.0,4.0,4.0,4.0,4.0,4.0,4.0,4.0,4.0,3.0,5.0,5.0,6.0,5.0,6.0,6.0,7.0,4.0,5.0,3.0,3.0,4.0,4.0,4.0,6.0,3.0,4.0,6.0,5.0,3.0,4.0,5.0,-0.5018760405792674,0.3275888069827882,0.7535221813225994,-0.6816930950414264,0.002782285078032882,-0.249671139615366,-0.0077982592889083565,-0.3303774149796632,1.2750492825208382,2.325399383340552,-0.013699870464544755,-0.3356053216536642,0.3453504989496009,0.9806679880589657,-0.014740816569775791
0,0,0,0.35,0.15,0.15,-1.7758939260401607,-0.29992623650513245,0.15526946036770564,-0.14765153614662274,-1.0,0.15854686161786619,-0.13543599781380203,2.6489270450077385,0.10089855113483359,-0.6503016498734613,-1.7586820596488746,0.9580273874104421,-0.5198259976560675,0.7194583202205856,1.606077747748972,0.016330266732728305,-0.8791828231242669,-0.39080774230166,-0.9552691210049822,-0.45022477800106936,4.0,2.0,3.0,4.0,4.0,4.0,2.0,5.0,6.0,6.0,7.0,4.0,2.0,3.0,3.0,4.0,3.0,3.0,2.0,3.0,2.0,2.0,4.0,3.0,4.0,4.0,3.0,4.0,2.0,4.0,5.0,5.0,3.0,5.0,5.0,5.0,4.0,5.0,4.0,4.0,3.0,1.0,3.0,3.0,5.0,2.0,3.0,3.0,2.0,4.0,4.0,-0.7559904915054788,-0.6660454890787506,2.013987931574726,-1.0209493787323387,-0.760358764896651,-1.778757544915214,-0.25734255653397575,-1.0005566402949864,0.25660118166175994,0.9954122472029713,0.32352771020116905,-1.3455774495142216,-0.3464314081794914,-1.3279986364834233,-0.6886067169024216
1,0,0,0.35,0.15,0.15,-0.7610614542130856,0.7333298139507897,-1.3212069591445184,0.45392442573062985,1.0,2.7386248213530227,0.033315866684442155,2.687851058009322,2.5099955545156396,-1.010498653248275,-1.5341244473635456,2.1080120902348805,1.5222846353676642,1.5936364265473975,1.5821834457476214,-1.2135109391919383,0.6353223740263095,0.20759353563927713,-1.6452481078294072,0.7747716758325813,7.0,6.0,6.0,6.0,4.0,3.0,4.0,5.0,4.0,5.0,4.0,4.0,5.0,5.0,2.0,3.0,4.0,2.0,2.0,2.0,2.0,2.0,5.0,5.0,6.0,6.0,5.0,4.0,5.0,6.0,5.0,6.0,5.0,6.0,6.0,6.0,3.0,3.0,4.0,4.0,5.0,4.0,3.0,5.0,3.0,2.0,3.0,2.0,5.0,4.0,6.0,2.293382919609058,-0.3348340570582378,0.501429031272174,0.6753320397222226,-1.2691194648797735,-2.0336052791318555,1.489467524181496,0.6748914229933222,1.5296613077356076,1.9929025993061573,-0.6881550317959728,0.337709430253374,-0.3464314081794914,-1.6578081542751928,0.9960580339291931
1,1,1,0.35,0.15,0.15,-0.6059157630884493,1.7419558056778166,1.4131668220645772,-0.9286402964264817,-1.0,1.7050892480320106,1.8206379132896129,3.201337994313717,0.29475627090087364,-1.484351234430077,-0.10403306896304154,2.3993013145967814,1.0630605013706873,0.7906840356571461,1.121239952715395,-1.3138951415745987,-0.042673012647867714,0.39444288881079537,0.8542625957330896,-0.008330720019525673,5.0,6.0,6.0,5.0,7.0,7.0,6.0,6.0,6.0,5.0,5.0,4.0,4.0,4.0,3.0,2.0,3.0,2.0,5.0,6.0,4.0,4.0,5.0,5.0,5.0,6.0,5.0,5.0,4.0,5.0,5.0,4.0,5.0,5.0,5.0,4.0,4.0,4.0,2.0,4.0,6.0,5.0,5.0,4.0,6.0,6.0,6.0,6.0,4.0,5.0,4.0,1.5310395668304237,2.6460688311263802,1.5098016314738754,-0.003180527659602121,-1.5234998148713348,0.7697197972511993,1.2399232269364286,0.6748914229933222,0.7658252320912989,0.6629154631685762,-0.6881550317959728,1.0110241821604127,1.0371324060786937,1.9700965414342753,0.32219213359654686
0,1,1,0.35,0.15,0.15,-1.7231616548332829,0.0695324137521314,0.7010939092568522,1.0092297673265034,1.0,-0.16133771032328115,0.7557239279766901,1.2854328097167265,0.1836857160049593,-0.439989447541289,1.3356875847519074,-0.3333289305632124,-0.34155955313049174,-1.3307283751789947,-0.18896376669130122,0.7837379332763658,-0.08096281995651211,-0.15631414683883715,1.1386451787036505,-0.8374751416332372,4.0,3.0,4.0,4.0,4.0,5.0,5.0,3.0,3.0,4.0,5.0,4.0,3.0,5.0,4.0,3.0,4.0,3.0,6.0,6.0,5.0,7.0,3.0,3.0,3.0,3.0,4.0,4.0,2.0,3.0,3.0,1.0,3.0,4.0,4.0,3.0,5.0,3.0,4.0,3.0,4.0,5.0,3.0,5.0,3.0,6.0,6.0,3.0,4.0,4.0,4.0,-0.24776158965305603,0.6588002390033019,-0.25485041887910204,-0.003180527659602121,-0.5059784149050897,2.043958468334406,-1.005975448269178,-0.6654670276373246,-1.5256829948416268,-0.33457488893461035,-0.013699870464544755,0.0010520542998551361,-0.3464314081794914,0.9806679880589657,-0.014740816569775791
0,1,1,0.35,0.15,0.15,0.9767085132867871,-0.18154437353407585,-0.5761841065443141,-0.500940963010355,1.0,-0.22135269152420506,0.03520979130089252,1.194882532291766,2.112065296567754,1.005200277667936,0.3881831703776491,1.1530108979769236,0.3470731935297766,-1.6227495528949212,-0.35080178285163466,0.29183261216340106,-0.24702200259692514,0.5200475411309059,1.9384778184507703,1.3379290397637429,2.0,4.0,3.0,2.0,3.0,3.0,4.0,3.0,3.0,3.0,3.0,5.0,5.0,5.0,5.0,5.0,3.0,4.0,4.0,5.0,6.0,6.0,5.0,4.0,5.0,4.0,5.0,4.0,4.0,1.0,2.0,2.0,1.0,3.0,4.0,2.0,3.0,4.0,5.0,3.0,3.0,5.0,4.0,5.0,6.0,6.0,6.0,5.0,6.0,6.0,7.0,-1.2642193933579016,-0.6660454890787506,-1.011129869030378,1.0145883234131345,0.25716263506959414,1.279415265684482,0.4912903352012265,0.33980181033565987,-2.544131095700705,-0.9995684570034009,-0.013699870464544755,-0.3356053216536642,1.0371324060786937,1.6402870236425056,2.3437898345944848
1,0,1,0.35,0.15,0.15,0.34200185090083407,-0.607380959230284,-0.6815272778432412,0.40330222890490736,-1.0,-1.3538511580522647,-0.5612394382295196,0.7288029574151802,-0.5062987884593508,-0.18412498148865342,-0.6166799600822468,-0.5413272321018636,0.3681666937480419,1.0236944565869082,-1.2323534160585512,-1.2000367104990508,-0.8423059032618837,0.32710722220246213,-0.6788113237207625,-1.3844439052247597,2.0,2.0,1.0,2.0,3.0,4.0,2.0,2.0,3.0,2.0,3.0,4.0,3.0,2.0,4.0,4.0,3.0,5.0,5.0,4.0,4.0,5.0,4.0,3.0,3.0,3.0,5.0,3.0,4.0,4.0,4.0,5.0,4.0,3.0,2.0,4.0,2.0,3.0,3.0,2.0,3.0,4.0,6.0,4.0,4.0,4.0,3.0,3.0,2.0,3.0,2.0,-2.2806771970627473,-0.9972569210992638,-1.515316169131229,-1.0209493787323387,0.002782285078032882,0.514872063034558,-0.7564311510241106,0.004712197677998546,0.25660118166175994,-0.9995684570034009,-1.3626101931274013,-1.0089200735607025,0.6912414525141477,-0.6683796008998834,-1.6994055674013904
0,1,1,0.35,0.15,0.15,0.0636071411157995,1.1106715309893378,-0.41134544790463434,0.7228495095492262,1.0,1.1492279703611072,0.11606568383018212,2.830021696678007,2.162666767352563,1.4918727030339025,1.0646007718560593,1.1699973458217106,-1.1577638672856796,-1.3667665179943078,0.43203409548066035,-0.3703032272237564,1.3208342187584305,-0.056151346910994035,0.10204187627303071,-0.6102273296440011,5.0,4.0,5.0,4.0,3.0,4.0,4.0,4.0,5.0,4.0,5.0,5.0,4.0,5.0,5.0,5.0,4.0,6.0,5.0,4.0,4.0,5.0,3.0,4.0,3.0,4.0,3.0,4.0,3.0,3.0,3.0,2.0,2.0,4.0,4.0,3.0,4.0,3.0,2.0,6.0,4.0,4.0,3.0,2.0,4.0,4.0,4.0,4.0,4.0,3.0,3.0,0.5145817631255781,-0.3348340570582378,0.501429031272174,0.6753320397222226,1.020303685044278,0.514872063034558,-0.5068868537790432,-0.6654670276373246,-1.5256829948416268,-0.33457488893461035,-1.025382612461687,0.6743668062068938,-1.0382133153085837,-0.008760565316343828,-0.6886067169024216
1,1,0,0.35,0.15,0.15,-0.5846390429456741,-0.673750134300103,1.0213273257021058,1.401332003483822,1.0,-0.2043104398410771,0.7203362146443419,1.9046156724065653,1.5328693932666577,0.6793923411590402,0.4987970902570248,1.0837302607671964,1.395823713962081,0.7141980961484041,0.36726848235665166,-0.2754593208166458,-0.31143000244364816,0.39467819401298204,-0.3445072424321418,0.01816778096032244,3.0,3.0,4.0,4.0,3.0,5.0,4.0,3.0,3.0,4.0,2.0,5.0,5.0,5.0,4.0,6.0,5.0,4.0,5.0,5.0,4.0,6.0,4.0,5.0,5.0,5.0,5.0,6.0,5.0,4.0,6.0,3.0,4.0,3.0,4.0,4.0,5.0,5.0,5.0,3.0,4.0,3.0,4.0,5.0,5.0,3.0,3.0,3.0,4.0,5.0,6.0,-0.5018760405792674,-0.003622625037724597,-1.011129869030378,1.0145883234131345,0.7659233350527167,1.0245675314678406,0.7408346324462939,1.3450706483086448,0.25660118166175994,-0.33457488893461035,0.9979828715325975,-0.672262697607183,0.6912414525141477,-0.9981891186916533,0.9960580339291931
0,1,0,0.35,0.15,0.15,0.6170657306596452,0.5688357369965742,1.5472378981243975,1.2091355799625254,1.0,1.1991265738430272,1.353803604989226,2.5159550531489976,0.18949640279028612,1.7726496830614604,1.7499757257280617,0.9648276904096156,-0.0926105985357687,0.1610730376752241,-0.10295021412972588,0.6560676620972898,0.02404995649906108,0.20323920809848373,0.3267912375565228,-0.12366381185506704,4.0,4.0,4.0,4.0,5.0,6.0,6.0,4.0,5.0,5.0,5.0,4.0,3.0,3.0,5.0,6.0,6.0,5.0,6.0,6.0,5.0,5.0,5.0,4.0,3.0,3.0,2.0,3.0,4.0,3.0,4.0,3.0,2.0,3.0,3.0,2.0,4.0,4.0,4.0,4.0,3.0,5.0,3.0,4.0,3.0,5.0,3.0,5.0,3.0,4.0,5.0,0.0063528612731553755,1.652434535064841,0.7535221813225994,-0.6816930950414264,1.5290643850274006,1.5342629999011235,-0.25734255653397575,-1.0005566402949864,-1.0164589444120877,-1.3320652410377964,-0.013699870464544755,0.0010520542998551361,-0.6923223617440373,0.3210489524754257,-0.014740816569775791
0,0,1,0.35,0.15,0.15,-0.18564076504709195,-0.5756761151109074,-0.48331929846346816,-2.4993525749337198,1.0,0.42653938697082033,-0.8235950243801757,0.6988766994626454,-1.01168406991796,0.5147109620984935,-0.3461183520828477,-0.5729458822276922,-0.30563624606118933,-0.06140862127464082,-0.06951301793092224,0.3150691867835719,-1.1483844242816064,-1.1723535279815358,0.4494629090495684,-1.1632272333978069,4.0,4.0,5.0,3.0,2.0,1.0,3.0,3.0,4.0,3.0,3.0,3.0,2.0,3.0,4.0,4.0,4.0,5.0,4.0,3.0,4.0,5.0,3.0,3.0,3.0,2.0,2.0,3.0,2.0,3.0,4.0,3.0,3.0,3.0,2.0,3.0,4.0,5.0,4.0,3.0,2.0,3.0,3.0,3.0,4.0,5.0,5.0,5.0,3.0,3.0,3.0,0.0063528612731553755,-1.990891217160803,-0.7590367189799527,-1.360205662423251,0.25716263506959414,0.005176594601275346,-1.2555197455142455,-1.6707358656103095,-0.7618469191973182,-1.3320652410377964,0.32352771020116905,-1.3455774495142216,-0.6923223617440373,0.9806679880589657,-1.0255396670687447
0,0,0,0.35,0.15,0.15,-0.638016209637549,-0.5280303277240113,0.4499607287100695,0.4416533589605984,-1.0,0.6452308316644031,-1.5795902884578743,0.8036533257668305,-0.2992352983394039,0.05084282367135884,0.19634711525571352,-0.26576265488409845,-0.3499943695036104,-0.37863811558015736,-0.5750697547584482,0.6979203546402785,-0.6751050381116752,0.5539823322119113,-0.1186638799938442,-0.4468377793955185,4.0,4.0,3.0,4.0,1.0,2.0,1.0,4.0,1.0,2.0,2.0,3.0,3.0,2.0,3.0,3.0,3.0,3.0,4.0,4.0,4.0,4.0,3.0,2.0,3.0,3.0,4.0,3.0,2.0,3.0,4.0,4.0,3.0,3.0,2.0,3.0,5.0,5.0,6.0,3.0,4.0,2.0,4.0,4.0,4.0,4.0,4.0,4.0,4.0,2.0,4.0,-0.24776158965305603,-2.6533140812018297,-1.7674093191816542,-1.360205662423251,-1.0147391148882123,0.005176594601275346,-1.2555197455142455,-1.0005566402949864,-0.5072348939825487,-1.3320652410377964,1.3352104521983112,-1.0089200735607025,-0.0005404546149450336,-0.008760565316343828,-0.6886067169024216
0,1,1,0.35,0.15,0.15,1.432976587590355,0.22895246019049653,-1.792216737581925,-0.2768969901181424,1.0,0.37994767096126547,-0.7680322129735542,2.3780190832847197,3.1349475496849113,-0.2921848146381916,0.357935171795965,1.2178349173025893,0.27504469166523515,0.7919198623101362,0.764944589553127,-1.0080534766822202,0.40348650850200646,-1.9893498453081082,-0.25722765098378064,0.9368003332865955,2.0,4.0,4.0,4.0,3.0,3.0,4.0,5.0,4.0,5.0,5.0,6.0,6.0,6.0,4.0,5.0,4.0,4.0,4.0,4.0,4.0,5.0,3.0,4.0,4.0,4.0,4.0,3.0,4.0,4.0,4.0,5.0,4.0,5.0,5.0,5.0,4.0,4.0,4.0,4.0,5.0,5.0,2.0,4.0,3.0,4.0,4.0,4.0,5.0,5.0,3.0,-0.5018760405792674,-0.6660454890787506,0.7535221813225994,2.0323571744858713,0.25716263506959414,0.2600243288179167,-0.25734255653397575,-0.3303774149796632,0.25660118166175994,0.9954122472029713,-0.013699870464544755,0.6743668062068938,-1.0382133153085837,-0.008760565316343828,0.32219213359654686
0,1,0,0.35,0.15,0.15,-1.628239791591383,-0.10929050575567331,-0.4796050812405634,0.47385420890478414,1.0,1.2954287005112175,0.5730995104355054,2.14954369044481,2.72191925952077,-0.9469731611653307,-1.2870858251847466,1.6828573291788358,-0.37130151630849073,-0.2558667514201173,1.5261128020377304,0.04409466359270997,1.6429331051184388,0.5395659173063537,0.04551162014749338,0.8489347537899904,4.0,6.0,6.0,5.0,4.0,4.0,5.0,4.0,4.0,5.0,6.0,6.0,5.0,5.0,5.0,2.0,4.0,4.0,3.0,4.0,2.0,2.0,5.0,5.0,6.0,4.0,3.0,3.0,3.0,4.0,3.0,3.0,5.0,4.0,5.0,5.0,5.0,5.0,4.0,6.0,6.0,5.0,5.0,2.0,2.0,3.0,4.0,4.0,4.0,6.0,4.0,1.2769251159042123,0.3275888069827882,0.7535221813225994,1.3538446071040464,-0.2515980649135284,-1.2690620764819314,0.9903789296913613,-1.0005566402949864,-0.2526228687677792,0.6629154631685762,0.6607552908668837,1.6843389340674513,-1.0382133153085837,-0.3385700831081138,0.6591250837628704
0,0,1,0.35,0.15,0.15,-2.535326106087273,-0.4732610872711578,-0.35619221246431715,0.9974139087228815,1.0,0.5441051265679235,-0.6211278571027702,1.7699905835198324,1.1042459153974271,-0.5578652404071072,-1.1704718102520562,0.8775570548717128,1.7196342195256307,1.4085613336769645,-0.7353464977335465,-1.2980313788763733,-1.4552399207217344,0.9513191906827196,0.24400025276575626,-1.047879782779576,3.0,4.0,5.0,5.0,3.0,3.0,4.0,4.0,3.0,4.0,5.0,5.0,5.0,5.0,3.0,3.0,5.0,2.0,3.0,3.0,3.0,4.0,4.0,4.0,5.0,3.0,7.0,5.0,5.0,5.0,4.0,4.0,4.0,2.0,3.0,2.0,5.0,4.0,4.0,2.0,3.0,2.0,5.0,5.0,5.0,4.0,4.0,5.0,3.0,3.0,4.0,0.26046731219936675,-0.6660454890787506,-0.0027572688286767065,1.0145883234131345,-0.760358764896651,-0.7593666080486486,-0.0077982592889083565,1.680160260966307,0.25660118166175994,-1.6645620250721915,0.32352771020116905,-1.6822348254677406,1.0371324060786937,0.3210489524754257,-0.6886067169024216
0,0,1,0.35,0.15,0.15,0.44293638755721,-1.2025813582081237,-0.08219565030845308,0.7696891741146008,1.0,-1.0877593432007686,-0.9765645169156091,0.5602201758382085,1.3671320933277644,0.1611922150228351,-0.9914335124997758,0.5326998857452646,0.03283233236963706,-0.12930654108559542,-0.6565792624537256,0.8186650146327423,-0.24316109344093131,-0.9229102298584669,-1.4931727169158744,-0.8453060316045582,3.0,4.0,3.0,2.0,4.0,3.0,2.0,3.0,4.0,4.0,3.0,5.0,4.0,4.0,3.0,5.0,4.0,3.0,3.0,4.0,2.0,3.0,4.0,3.0,4.0,5.0,5.0,3.0,3.0,4.0,4.0,3.0,5.0,2.0,3.0,3.0,6.0,6.0,5.0,3.0,3.0,5.0,2.0,4.0,4.0,4.0,3.0,2.0,4.0,5.0,5.0,-1.0101049424316901,-0.9972569210992638,-0.5069435689295274,0.3360757560313098,-0.2515980649135284,-1.01421434226529,-0.0077982592889083565,-0.3303774149796632,0.001989156446990387,-1.3320652410377964,1.672438032864026,-0.3356053216536642,-0.6923223617440373,-0.9981891186916533,0.6591250837628704
1,1,0,0.35,0.15,0.15,0.5121573312758412,0.4370214841560543,0.8228584510835305,-1.3254939481920966,-1.0,1.0054293046712344,0.8570241105166776,1.0718254801657516,-0.5922315516065534,0.5710243815090743,0.6897274020321547,0.1912541556976985,0.639144354916904,-0.1854507755373987,0.2701137898958645,-0.7259360332966147,-1.3090564408818017,-0.24694994938192752,-1.619219059007878,-0.6594741746582895,4.0,4.0,4.0,6.0,5.0,4.0,5.0,3.0,3.0,4.0,2.0,2.0,4.0,4.0,4.0,5.0,6.0,4.0,4.0,5.0,4.0,5.0,3.0,3.0,4.0,3.0,4.0,5.0,4.0,2.0,3.0,3.0,3.0,4.0,3.0,2.0,4.0,2.0,4.0,3.0,3.0,2.0,4.0,4.0,2.0,2.0,3.0,2.0,3.0,4.0,4.0,0.5145817631255781,0.6588002390033019,-1.011129869030378,-0.6816930950414264,0.7659233350527167,0.514872063034558,-0.7564311510241106,0.33980181033565987,-1.2710709696268574,-0.9995684570034009,-0.6881550317959728,-1.3455774495142216,-0.6923223617440373,-1.6578081542751928,-0.3516737667360989
1,0,1,0.35,0.15,0.15,-1.0339995354250515,1.056178719869295,0.1316775993259708,-0.18193691265148904,1.0,1.1604487032102648,0.5762433653126057,1.3039788871657896,0.09759819587468355,-0.8882267411388574,-1.3728894973278989,0.31079744211766247,0.3008926795263168,-0.5503940646157142,-1.0838804290462227,-0.6593684685777372,1.038210727839538,0.3898826355014957,1.0134048566560656,-0.8360969886899641,5.0,5.0,4.0,4.0,4.0,4.0,4.0,3.0,3.0,3.0,1.0,3.0,2.0,3.0,2.0,3.0,3.0,3.0,2.0,2.0,2.0,2.0,4.0,3.0,4.0,3.0,4.0,3.0,5.0,3.0,3.0,3.0,3.0,2.0,3.0,3.0,4.0,3.0,3.0,5.0,6.0,6.0,3.0,3.0,5.0,5.0,5.0,7.0,3.0,5.0,2.0,0.5145817631255781,-0.003622625037724597,-1.515316169131229,-1.360205662423251,-1.2691194648797735,-2.0336052791318555,-0.5068868537790432,0.004712197677998546,-1.0164589444120877,-1.3320652410377964,-0.6881550317959728,1.6843389340674513,-0.3464314081794914,1.6402870236425056,-0.6886067169024216
0,1,1,0.35,0.15,0.15,-1.0367452667661246,0.4352354747845426,0.06592110122604676,1.6667457946286186,-1.0,0.5413622808159794,1.505924900187984,2.0166153915077962,1.126487980538159,-0.09100861026767038,-0.8900910469884392,1.157070246995624,0.768913777842408,0.8316995090447752,0.26945126048460166,-2.0853906369406454,1.2025497599773247,-1.1890262825703424,-0.1495456153831676,-1.564494860346574,4.0,5.0,5.0,5.0,5.0,5.0,6.0,4.0,5.0,4.0,5.0,6.0,5.0,4.0,4.0,4.0,3.0,3.0,4.0,3.0,4.0,4.0,5.0,4.0,4.0,4.0,4.0,4.0,5.0,5.0,6.0,5.0,5.0,4.0,3.0,4.0,3.0,3.0,3.0,5.0,6.0,4.0,1.0,2.0,3.0,4.0,3.0,6.0,3.0,4.0,1.0,0.7686962140517896,1.3212231030443273,0.501429031272174,1.0145883234131345,-0.5059784149050897,-0.249671139615366,0.24174603795615907,0.33980181033565987,1.2750492825208382,-0.33457488893461035,-1.025382612461687,1.0110241821604127,-2.0758861760022222,0.3210489524754257,-1.3624726172350679
1,0,0,0.35,0.15,0.15,-0.5298697437812672,1.2871565993388638,-0.029872011148015947,-1.389208121437588,1.0,2.2751659800758883,0.5041236172954495,3.019925224983827,3.6005538449985885,0.10802086327802596,1.0961651297499977,1.5070146036825922,-1.7228550344656948,-0.10956067567252795,1.5201898311756934,1.426161120882396,0.09383197725992237,-0.6619276876183783,0.23829515898964654,1.0828118458468587,6.0,6.0,6.0,5.0,4.0,3.0,4.0,5.0,6.0,5.0,5.0,7.0,5.0,6.0,5.0,5.0,5.0,3.0,6.0,5.0,5.0,5.0,4.0,4.0,4.0,5.0,1.0,2.0,3.0,3.0,2.0,4.0,3.0,6.0,3.0,5.0,6.0,5.0,5.0,5.0,3.0,2.0,2.0,4.0,4.0,3.0,5.0,5.0,5.0,4.0,5.0,1.7851540177566352,-0.3348340570582378,1.25770848142345,2.0323571744858713,0.5115429850611555,1.279415265684482,0.24174603795615907,-2.005825478267971,-1.0164589444120877,0.6629154631685762,1.3352104521983112,-0.672262697607183,-0.6923223617440373,0.3210489524754257,0.6591250837628704
1,0,0,0.35,0.15,0.15,-0.31047127389924506,-0.5098941461518487,0.059922262484792724,-1.288817776189048,1.0,0.21209867631886192,0.24198316066488318,0.7626823088746437,0.6745812943911208,0.5385406094328371,-1.9215887780860321,1.7286574268664172,1.1964600878096674,1.0801586731585726,1.2137525800017366,-0.5202004576487822,1.3211627690125576,0.1275580728805936,0.2551184782859849,0.5778273491361288,4.0,4.0,4.0,4.0,3.0,4.0,4.0,3.0,3.0,2.0,3.0,4.0,5.0,4.0,5.0,5.0,5.0,5.0,2.0,3.0,3.0,2.0,6.0,5.0,5.0,6.0,6.0,5.0,5.0,5.0,5.0,4.0,4.0,5.0,5.0,4.0,3.0,3.0,5.0,6.0,6.0,5.0,4.0,4.0,4.0,4.0,5.0,4.0,5.0,5.0,4.0,0.0063528612731553755,-0.3348340570582378,-1.2632230190808036,0.3360757560313098,1.020303685044278,-1.5239098106985727,1.489467524181496,1.3450706483086448,0.5112132068765295,0.6629154631685762,-0.35092745113025897,1.6843389340674513,-0.0005404546149450336,0.3210489524754257,0.6591250837628704
0,1,1,0.35,0.15,0.15,0.36927436091474664,1.1077622622643257,1.2683740429290693,-0.9980933609017656,-1.0,0.18810682588328015,0.8190832877386263,2.0264958153641324,0.2013311807092965,0.15438061154910696,0.3543059387305343,-0.09218600683441225,-0.20697752638253764,0.2080405742558733,0.8573881699985448,1.1436563640165405,0.1955247902591467,-1.4040648973334355,-0.6990948431011452,1.0724518978373996,4.0,2.0,5.0,2.0,5.0,6.0,3.0,4.0,5.0,4.0,5.0,3.0,3.0,3.0,5.0,4.0,5.0,5.0,5.0,4.0,4.0,5.0,2.0,2.0,2.0,2.0,4.0,3.0,5.0,4.0,5.0,3.0,3.0,3.0,3.0,4.0,5.0,5.0,5.0,5.0,4.0,3.0,2.0,3.0,3.0,5.0,3.0,4.0,5.0,4.0,5.0,-0.7559904915054788,0.6588002390033019,0.501429031272174,-1.0209493787323387,0.7659233350527167,0.514872063034558,-2.004152637249448,0.004712197677998546,-0.2526228687677792,-0.6670716729690054,0.9979828715325975,0.0010520542998551361,-1.38410426887313,-0.008760565316343828,0.6591250837628704
0,1,0,0.35,0.15,0.15,-0.2814391309540599,0.2522702568035529,-0.11958183869962405,0.6230977064408308,-1.0,0.18962053391166248,1.9022224641471397,1.4803447234889777,-0.4882455211046858,-0.2963756790501555,0.10396128721903018,0.6735871348028292,0.615895948598298,-0.6664409562211487,0.5794300265725838,-0.1175107535918804,-0.43533265060016113,-0.4154043173909058,-0.10672457964980873,-1.151284695523801,3.0,5.0,5.0,5.0,5.0,5.0,4.0,4.0,4.0,4.0,4.0,2.0,3.0,5.0,4.0,3.0,3.0,3.0,4.0,5.0,4.0,4.0,3.0,3.0,3.0,4.0,4.0,5.0,5.0,4.0,3.0,2.0,4.0,3.0,4.0,4.0,4.0,3.0,3.0,3.0,3.0,4.0,4.0,3.0,5.0,6.0,5.0,3.0,3.0,4.0,1.0,0.5145817631255781,0.6588002390033019,-0.0027572688286767065,-0.6816930950414264,-0.760358764896651,0.2600243288179167,-0.7564311510241106,0.6748914229933222,-0.7618469191973182,-0.33457488893461035,-0.6881550317959728,-0.672262697607183,-0.0005404546149450336,0.6508584702671961,-1.3624726172350679
0,1,1,0.35,0.15,0.15,-0.20104219122296058,1.6097024148306032,0.8416166626681272,1.021766975250312,-1.0,-0.6609732366173052,0.830497270551311,0.373200631896335,-0.3266413238465001,0.21042248975181044,-0.35366420399063053,-0.39889663067625086,-1.0400202964126364,-0.5820369267897951,1.0425285199490646,0.37463950478662233,-1.5276892680652923,-0.4779044517402317,-0.06583297085237627,0.9508249430006723,3.0,3.0,3.0,4.0,4.0,4.0,4.0,2.0,3.0,2.0,2.0,3.0,3.0,3.0,5.0,6.0,4.0,3.0,4.0,4.0,3.0,3.0,3.0,3.0,3.0,3.0,2.0,3.0,4.0,3.0,2.0,3.0,3.0,3.0,5.0,6.0,5.0,6.0,6.0,2.0,3.0,3.0,4.0,4.0,3.0,4.0,4.0,4.0,5.0,5.0,5.0,-0.7559904915054788,-0.003622625037724597,-1.7674093191816542,-1.0209493787323387,0.5115429850611555,-0.5045188738320073,-1.005975448269178,-1.0005566402949864,-1.2710709696268574,0.6629154631685762,1.672438032864026,-1.3455774495142216,-0.3464314081794914,-0.008760565316343828,0.9960580339291931
1,0,1,0.35,0.15,0.15,-0.4412426955546895,-2.4111931572061533,-1.9201862111812946,-1.1711245793596912,1.0,1.6502493830728597,-0.13940998218257603,2.828878448744788,1.0072484580389318,0.5027500176349854,0.4348485376746375,1.3782883661341891,0.30995130021410794,0.3741034548503475,1.9173191038285435,1.6581099554808225,-0.5056167752986317,0.4540988723894143,-1.0036230359117393,1.7051327738028565,6.0,6.0,6.0,6.0,4.0,3.0,4.0,5.0,6.0,6.0,6.0,6.0,4.0,4.0,5.0,5.0,6.0,5.0,4.0,4.0,4.0,5.0,4.0,5.0,6.0,4.0,4.0,4.0,4.0,5.0,4.0,4.0,4.0,6.0,5.0,5.0,7.0,6.0,5.0,3.0,3.0,4.0,5.0,4.0,4.0,4.0,4.0,2.0,7.0,5.0,5.0,2.0392684686828466,-0.3348340570582378,1.7618947815243007,0.6753320397222226,1.2746840350358393,0.2600243288179167,0.7408346324462939,0.004712197677998546,0.25660118166175994,1.3279090312373663,2.00966561352974,-0.672262697607183,0.3453504989496009,-0.6683796008998834,1.6699239342618393
1,1,1,0.35,0.15,0.15,-2.0842634933833106,-0.2956701518313275,0.45496875336773984,1.1940843277105693,1.0,0.6718178949214821,1.8126322631364764,1.7362592418138747,1.411619395398277,-1.8306528594593423,0.1632932456872298,1.8894050126949122,0.8029585120043609,-0.8322725423675613,1.3466664690794756,-0.8308898049022233,1.3209650590595312,-0.7681092270637611,0.2376746905334416,-0.7437640553379595,4.0,2.0,5.0,5.0,5.0,7.0,5.0,4.0,3.0,4.0,4.0,5.0,5.0,5.0,1.0,2.0,1.0,2.0,4.0,4.0,4.0,5.0,6.0,4.0,4.0,5.0,4.0,5.0,4.0,2.0,3.0,3.0,3.0,5.0,5.0,5.0,3.0,2.0,4.0,5.0,5.0,4.0,3.0,3.0,3.0,4.0,5.0,4.0,4.0,4.0,3.0,0.0063528612731553755,1.652434535064841,-0.25485041887910204,1.0145883234131345,-2.54102121483758,0.2600243288179167,0.7408346324462939,0.33980181033565987,-1.2710709696268574,0.9954122472029713,-1.025382612461687,0.6743668062068938,-1.0382133153085837,0.3210489524754257,-0.3516737667360989
1,1,0,0.35,0.15,0.15,-1.4689994532165662,-0.8532437115039188,1.6527833893894628,-1.036349723451926,-1.0,2.738873817945092,-0.09302760362367499,2.632641086087401,0.619784779814354,-1.648029009557765,-1.6101843543569387,1.3591135607657117,-0.3813694849718069,1.0588348393495988,0.9978393167195714,-1.0039694404771031,-0.10413617159488797,1.8498083680851953,-0.22899372419307087,-0.7652715353228358,7.0,5.0,7.0,5.0,2.0,4.0,4.0,4.0,5.0,6.0,5.0,5.0,3.0,3.0,3.0,4.0,3.0,2.0,2.0,3.0,2.0,1.0,4.0,4.0,4.0,4.0,3.0,3.0,3.0,4.0,5.0,4.0,5.0,4.0,5.0,3.0,4.0,5.0,4.0,4.0,6.0,5.0,5.0,5.0,7.0,3.0,5.0,4.0,4.0,2.0,3.0,2.0392684686828466,-0.6660454890787506,1.0056153313730247,-0.34243681135051446,-1.0147391148882123,-2.0336052791318555,-0.0077982592889083565,-1.0005566402949864,0.5112132068765295,-0.002078104900214853,0.32352771020116905,1.0110241821604127,1.7289143132077864,-0.008760565316343828,-1.0255396670687447
0,0,0,0.35,0.15,0.15,-0.0319152588974234,0.34412222686730076,0.34568111263024937,0.09726855949818612,1.0,-0.8161052476580022,-0.1091473372582071,0.6496822537056592,0.29866270515240845,0.5457415084166293,-1.2317747915645154,1.361383254272803,1.9822792733544263,0.08977266892041769,1.929918081772453,0.26848357153557517,-0.2543527176591564,1.3098449537754804,1.403897958542935,-1.1306758634636656,4.0,2.0,2.0,2.0,3.0,3.0,4.0,2.0,2.0,2.0,5.0,3.0,4.0,5.0,5.0,5.0,4.0,3.0,2.0,1.0,3.0,3.0,5.0,5.0,5.0,4.0,6.0,5.0,6.0,3.0,3.0,5.0,3.0,6.0,6.0,5.0,4.0,3.0,4.0,3.0,5.0,5.0,6.0,4.0,6.0,4.0,4.0,4.0,3.0,3.0,4.0,-1.518333844284113,-0.6660454890787506,-1.2632230190808036,-0.003180527659602121,0.25716263506959414,-1.778757544915214,0.7408346324462939,1.680160260966307,-0.5072348939825487,1.6604058152717622,-0.35092745113025897,0.337709430253374,1.3830233596432395,-0.008760565316343828,-0.6886067169024216
0,0,0,0.35,0.15,0.15,-0.4612871240387889,0.9042321716181014,0.5078110837421483,-0.02023126000113576,1.0,-0.31277505538127076,-0.6156567133201445,2.0761187683868614,1.6898287354693728,-1.014524528829063,-0.7224395556498081,0.6071236371324003,0.7049430777522301,0.21163208523323776,-0.4492321614940492,-0.17146666870408178,-0.12143827648267894,-1.085481077506521,0.024022511715598535,-0.224236715384461,3.0,3.0,2.0,3.0,3.0,4.0,3.0,5.0,5.0,3.0,5.0,5.0,4.0,3.0,3.0,3.0,4.0,5.0,3.0,3.0,3.0,3.0,4.0,4.0,5.0,4.0,4.0,6.0,5.0,4.0,5.0,4.0,3.0,3.0,4.0,4.0,3.0,6.0,4.0,3.0,3.0,5.0,2.0,3.0,4.0,4.0,4.0,4.0,5.0,4.0,4.0,-1.2642193933579016,-0.6660454890787506,0.501429031272174,-0.003180527659602121,-0.2515980649135284,-1.01421434226529,0.24174603795615907,1.0099810356509835,0.001989156446990387,-0.33457488893461035,0.32352771020116905,-0.3356053216536642,-1.0382133153085837,-0.008760565316343828,0.32219213359654686
0,1,1,0.35,0.15,0.15,-2.5004327877483035,-0.6090859457688804,1.2524587975509727,0.13967270848588145,1.0,1.3959349345476593,0.37882891183628437,2.8140243993217657,2.1419319100040535,-0.32212840158004447,-0.7899334187133431,1.7609795007750766,2.3195520174297544,-0.6276265140812911,1.1401493950033443,-1.3807895005279356,-1.5533009975268481,0.3416375465316484,-0.6549755905288279,0.4313207080070362,4.0,5.0,5.0,4.0,4.0,4.0,5.0,6.0,4.0,6.0,5.0,4.0,5.0,4.0,3.0,3.0,3.0,4.0,4.0,3.0,3.0,3.0,4.0,6.0,5.0,5.0,5.0,6.0,6.0,2.0,3.0,2.0,2.0,5.0,5.0,5.0,3.0,2.0,5.0,3.0,3.0,4.0,4.0,5.0,5.0,3.0,3.0,4.0,5.0,4.0,2.0,0.5145817631255781,0.3275888069827882,1.25770848142345,0.3360757560313098,-0.760358764896651,-0.7593666080486486,0.9903789296913613,1.680160260966307,-1.7802950200563963,0.9954122472029713,-0.6881550317959728,-0.672262697607183,0.6912414525141477,-0.6683796008998834,-0.3516737667360989
1,1,0,0.35,0.15,0.15,-2.281464723365207,0.789768435761221,1.1010692967568743,0.08186647901301805,1.0,1.526392946205842,1.0090689608604912,3.0224911085881425,2.106522412187361,-0.2565229569173563,0.49456229304345023,2.6480577591337022,1.1065367670842796,0.039856743449209864,1.6042512904255277,-0.3047591260013932,0.8135931161785465,2.496407023886102,-0.3597681083004346,-0.15744581078141923,5.0,5.0,5.0,5.0,4.0,3.0,4.0,5.0,5.0,6.0,6.0,4.0,5.0,5.0,3.0,3.0,5.0,4.0,4.0,5.0,5.0,5.0,6.0,6.0,5.0,6.0,3.0,5.0,5.0,3.0,4.0,4.0,5.0,6.0,5.0,6.0,4.0,4.0,3.0,5.0,4.0,5.0,6.0,7.0,5.0,2.0,4.0,3.0,4.0,4.0,5.0,1.0228106649780009,-0.3348340570582378,1.5098016314738754,0.6753320397222226,-0.2515980649135284,0.7697197972511993,1.7390118214265635,0.33980181033565987,0.001989156446990387,1.6604058152717622,-0.35092745113025897,0.6743668062068938,2.0748052667723322,-0.9981891186916533,0.32219213359654686
0,1,0,0.35,0.15,0.15,0.16509844606124388,-1.0292192950136094,1.3873346153234607,-1.1199678540718727,1.0,-0.6570226250150756,0.2769002752508495,0.7224737426954428,1.2258890960148374,1.6307241566667283,1.3801002700016571,0.0865306874521802,0.7284255455696671,0.15893432486351403,1.2732147877112254,0.5174444621440972,-0.5369948387491946,0.08728456828386416,1.261591610399843,2.903092081334297,3.0,3.0,3.0,2.0,2.0,4.0,4.0,2.0,2.0,2.0,3.0,4.0,4.0,5.0,6.0,5.0,5.0,6.0,6.0,4.0,5.0,5.0,4.0,3.0,3.0,4.0,4.0,5.0,3.0,3.0,3.0,3.0,3.0,4.0,6.0,5.0,4.0,6.0,6.0,3.0,3.0,4.0,4.0,4.0,4.0,6.0,4.0,6.0,6.0,7.0,6.0,-1.2642193933579016,-0.6660454890787506,-1.7674093191816542,0.3360757560313098,1.5290643850274006,1.0245675314678406,-0.5068868537790432,0.004712197677998546,-1.0164589444120877,0.9954122472029713,1.3352104521983112,-0.672262697607183,-0.0005404546149450336,1.3104775058507352,2.3437898345944848
1,1,0,0.35,0.15,0.15,-0.09911809641575484,0.6298949392939852,1.070929040004579,0.716580221169632,-1.0,0.33644496812760305,-0.08957297884907955,2.0054308667629,0.6969130941779254,0.9378147223617747,-0.2581722972816379,0.17317841470965817,0.9725054461562082,0.872688811416682,-0.6811598339487087,-0.2620470946279326,-1.2216363640717804,-0.6928606681772624,0.5607331059519753,0.21488929539365104,3.0,3.0,2.0,5.0,5.0,5.0,4.0,4.0,5.0,4.0,4.0,4.0,4.0,4.0,6.0,5.0,5.0,5.0,2.0,2.0,5.0,4.0,2.0,4.0,3.0,2.0,5.0,4.0,5.0,5.0,5.0,5.0,4.0,3.0,3.0,5.0,5.0,4.0,3.0,2.0,2.0,3.0,3.0,4.0,4.0,4.0,6.0,4.0,4.0,3.0,4.0,-0.7559904915054788,0.6588002390033019,0.24933588122174866,-0.003180527659602121,1.2746840350358393,-0.7593666080486486,-1.2555197455142455,0.6748914229933222,0.7658252320912989,-0.33457488893461035,-0.013699870464544755,-1.6822348254677406,-0.3464314081794914,0.6508584702671961,-0.3516737667360989
0,0,1,0.35,0.15,0.15,-0.6386985216499346,1.6842289833615642,2.9103146984151835,0.8227542708731814,1.0,1.2670177774966027,0.06062552004218566,2.6505207341160437,1.6122470373631312,-0.17899032674889626,-0.5287629954003884,1.7610440460433638,1.5503248359032138,1.4069484522335123,-0.6085023828313014,-0.13645002923509475,0.15212349804800157,0.3669459878818474,-0.4812656913051306,0.9014966247757351,5.0,6.0,5.0,5.0,3.0,3.0,4.0,5.0,7.0,6.0,6.0,6.0,5.0,5.0,3.0,4.0,4.0,4.0,3.0,4.0,3.0,4.0,5.0,4.0,4.0,6.0,4.0,4.0,5.0,5.0,5.0,4.0,6.0,3.0,3.0,4.0,4.0,5.0,3.0,4.0,5.0,6.0,3.0,4.0,5.0,4.0,5.0,4.0,5.0,5.0,5.0,1.2769251159042123,-0.6660454890787506,2.013987931574726,1.3538446071040464,-0.2515980649135284,-0.5045188738320073,0.7408346324462939,0.33980181033565987,1.0204372573060685,-0.6670716729690054,-0.013699870464544755,1.0110241821604127,-0.0005404546149450336,0.3210489524754257,0.9960580339291931
0,0,1,0.35,0.15,0.15,0.3534556334685857,0.5139552336135345,0.471971837015288,1.0980283486275946,1.0,1.1183722873857178,0.4751448445299389,2.611568432256265,2.7063698593412093,-0.31235185398546844,-2.3725748600991188,2.9897064859276807,2.645956861535672,0.7767551941386969,1.9649775720843043,-1.9467816447538193,0.844155574142929,-0.4574130963722012,-0.8741509819080192,-0.4116632904996075,5.0,4.0,5.0,5.0,6.0,3.0,5.0,5.0,5.0,5.0,4.0,6.0,5.0,4.0,3.0,4.0,3.0,2.0,3.0,2.0,2.0,1.0,7.0,6.0,6.0,5.0,6.0,6.0,7.0,5.0,5.0,4.0,4.0,6.0,6.0,5.0,3.0,2.0,3.0,5.0,3.0,5.0,3.0,3.0,4.0,4.0,3.0,3.0,4.0,3.0,4.0,0.7686962140517896,0.6588002390033019,0.7535221813225994,1.0145883234131345,-1.0147391148882123,-2.0336052791318555,1.988556118671631,2.3503394862816296,0.5112132068765295,1.6604058152717622,-1.3626101931274013,0.337709430253374,-0.6923223617440373,-0.6683796008998834,-0.3516737667360989
1,0,1,0.35,0.15,0.15,1.6810869789591563,-0.2285596944610058,0.012116566457708214,1.1484085085470057,1.0,0.2210395830425192,0.738470633621145,2.1571786582924384,2.2076655389105615,-0.48470126035753835,-0.8161134893756677,2.5540888128823664,1.3890713372658088,-0.11477087548985088,0.9025850570183198,-0.801866993275695,1.1905913876128995,-0.011412732673654058,-2.0193720118529126,-0.20787978071495541,4.0,4.0,3.0,5.0,5.0,6.0,4.0,3.0,4.0,5.0,5.0,4.0,5.0,5.0,3.0,4.0,4.0,3.0,3.0,3.0,2.0,4.0,7.0,4.0,6.0,6.0,5.0,5.0,5.0,4.0,5.0,3.0,4.0,5.0,3.0,4.0,4.0,4.0,4.0,6.0,5.0,5.0,4.0,3.0,4.0,1.0,1.0,2.0,4.0,4.0,3.0,0.0063528612731553755,0.9900116710238146,0.24933588122174866,0.6753320397222226,-0.5059784149050897,-1.01421434226529,1.7390118214265635,1.0099810356509835,0.001989156446990387,-0.002078104900214853,-0.013699870464544755,1.3476815581139316,-0.3464314081794914,-2.6472367076505026,-0.3516737667360989
0,0,0,0.35,0.15,0.15,-1.3511733202966425,1.0777010029921594,-0.4178936879238588,0.4265270313990739,-1.0,1.0303716305261272,0.639311152701929,2.463732646944774,1.3960801645427425,-2.5216034340904256,-0.5659369447909481,2.249437720174121,1.9420773766731962,0.3599383273089063,2.1082174739390673,-1.5395986341154242,1.012214504305337,0.9364080291231409,-1.5343047469883957,0.53825257073443,5.0,4.0,5.0,5.0,4.0,3.0,4.0,4.0,5.0,5.0,5.0,5.0,5.0,3.0,1.0,1.0,1.0,2.0,4.0,4.0,4.0,5.0,6.0,5.0,6.0,5.0,5.0,5.0,6.0,2.0,2.0,5.0,4.0,5.0,6.0,7.0,3.0,2.0,3.0,6.0,6.0,4.0,6.0,6.0,6.0,4.0,3.0,3.0,5.0,4.0,4.0,0.7686962140517896,-0.3348340570582378,0.7535221813225994,0.3360757560313098,-2.7954015648291413,0.2600243288179167,1.489467524181496,1.3450706483086448,-0.7618469191973182,1.9929025993061573,-1.3626101931274013,1.3476815581139316,2.0748052667723322,-0.6683796008998834,0.32219213359654686
1,0,1,0.35,0.15,0.15,-0.11787713144797647,1.1140304427452379,0.9349184167926695,0.6052311650880324,1.0,0.048538632588253305,1.487063270378911,1.2517826290232348,0.49846500154440565,0.7824370161826616,0.8186671064747493,0.7994007657833752,0.6401984091920752,-0.49784433232973946,1.0334160996166988,-1.646166180344764,-0.668081538315562,-1.3066916633440226,0.12786263279529708,-0.30795047052959806,3.0,2.0,3.0,4.0,5.0,3.0,5.0,4.0,3.0,4.0,5.0,4.0,3.0,2.0,5.0,4.0,4.0,4.0,4.0,4.0,5.0,5.0,5.0,4.0,4.0,4.0,4.0,3.0,5.0,3.0,4.0,3.0,3.0,4.0,3.0,4.0,2.0,3.0,1.0,2.0,2.0,4.0,4.0,2.0,3.0,3.0,5.0,3.0,4.0,3.0,2.0,-1.0101049424316901,0.3275888069827882,-0.0027572688286767065,-1.0209493787323387,0.25716263506959414,0.514872063034558,0.24174603795615907,0.004712197677998546,-0.7618469191973182,-0.33457488893461035,-2.037065354458829,-1.3455774495142216,-1.0382133153085837,-0.3385700831081138,-1.0255396670687447
0,0,0,0.35,0.15,0.15,0.31631363703725784,-0.9403122559740665,0.8612601590518921,0.2059362935873452,1.0,0.5763769591641453,-0.13603363142147448,1.9773783645284926,1.3098136749098537,0.00025337485375753754,-0.27451259503854236,0.7452504066186407,-0.18291178766333882,0.4123737984120703,0.13740076908842486,0.3040344214239767,1.258667198968645,0.24600953417637905,0.1633797719859496,-0.2847713996971032,4.0,3.0,4.0,6.0,3.0,3.0,3.0,4.0,4.0,4.0,4.0,5.0,3.0,4.0,4.0,3.0,3.0,4.0,4.0,4.0,4.0,4.0,3.0,4.0,3.0,5.0,4.0,4.0,4.0,5.0,4.0,4.0,3.0,4.0,3.0,3.0,5.0,3.0,3.0,6.0,6.0,5.0,4.0,3.0,3.0,2.0,3.0,4.0,4.0,4.0,5.0,0.26046731219936675,-0.9972569210992638,-0.0027572688286767065,-0.003180527659602121,-0.5059784149050897,0.005176594601275346,-0.25734255653397575,0.004712197677998546,0.001989156446990387,-0.6670716729690054,-0.35092745113025897,1.6843389340674513,-0.6923223617440373,-0.9981891186916533,0.32219213359654686
0,1,0,0.35,0.15,0.15,-0.012938235722989194,0.31013031918410394,-0.6362495779453542,0.16367343877315674,1.0,0.28253028080447584,-0.03705604521147521,1.3529034495787178,2.305975427648825,0.1984563944572581,0.18600445916174646,1.2254951666831568,1.4232396904551434,0.22026636182714407,-0.5774865918717781,0.5725180306413453,0.16340362158397093,-1.3124206405992291,-0.1772831924894527,1.5189679897038362,5.0,4.0,4.0,3.0,2.0,4.0,5.0,3.0,4.0,5.0,5.0,5.0,5.0,5.0,5.0,4.0,4.0,4.0,4.0,4.0,6.0,4.0,4.0,4.0,3.0,4.0,5.0,5.0,6.0,5.0,4.0,4.0,3.0,3.0,4.0,3.0,5.0,5.0,5.0,4.0,4.0,4.0,2.0,4.0,2.0,4.0,5.0,2.0,5.0,5.0,4.0,0.0063528612731553755,-0.3348340570582378,0.24933588122174866,1.0145883234131345,0.25716263506959414,0.514872063034558,-0.25734255653397575,1.3450706483086448,0.001989156446990387,-0.6670716729690054,0.9979828715325975,0.0010520542998551361,-1.38410426887313,-0.3385700831081138,0.6591250837628704
0,1,0,0.35,0.15,0.15,-0.9771454080275547,-2.509466879616272,2.078285688040771,-0.8682676933651134,1.0,0.4487457863974137,0.09120576809132719,0.7153156970604614,0.07951368594585084,-0.6369426045326539,0.340774091142755,0.30982444897255945,0.5540475810048144,0.13072319148194575,1.492638601875384,-0.629130633079932,0.1377143882045943,-0.2195754290351254,-1.0917156238767263,0.8889362877556801,4.0,5.0,2.0,5.0,3.0,2.0,3.0,2.0,2.0,3.0,3.0,3.0,3.0,4.0,4.0,5.0,3.0,3.0,4.0,3.0,4.0,5.0,3.0,3.0,3.0,4.0,5.0,4.0,5.0,2.0,3.0,4.0,3.0,5.0,4.0,6.0,4.0,4.0,4.0,5.0,3.0,4.0,4.0,4.0,5.0,3.0,3.0,3.0,5.0,4.0,5.0,0.0063528612731553755,-1.328468353119777,-1.515316169131229,-0.6816930950414264,-0.2515980649135284,0.005176594601275346,-0.7564311510241106,0.6748914229933222,-1.0164589444120877,0.9954122472029713,-0.013699870464544755,0.0010520542998551361,0.3453504989496009,-0.9981891186916533,0.6591250837628704
1,0,1,0.35,0.15,0.15,0.05528055076841583,-0.8411195976738084,-0.37983385735135994,-0.653870137462001,1.0,0.3041466824733222,0.01041984582140841,2.3067465723838194,1.7423867309146015,-0.2702566233686512,-0.3230112126623835,2.2796468550165985,0.9473716486057311,0.12729154014587563,2.2074014919752534,-0.3510304293457744,2.2937606769405865,0.3206374258598752,-0.1895972537853658,0.5844076280852903,2.0,4.0,5.0,4.0,4.0,3.0,4.0,5.0,5.0,6.0,5.0,4.0,5.0,6.0,3.0,4.0,5.0,4.0,4.0,4.0,4.0,5.0,5.0,6.0,6.0,6.0,5.0,5.0,5.0,4.0,4.0,4.0,4.0,6.0,6.0,5.0,6.0,5.0,3.0,6.0,7.0,5.0,5.0,4.0,5.0,4.0,5.0,4.0,5.0,6.0,5.0,-0.24776158965305603,-0.3348340570582378,1.25770848142345,1.0145883234131345,0.002782285078032882,0.2600243288179167,1.7390118214265635,1.0099810356509835,0.001989156446990387,1.6604058152717622,0.6607552908668837,2.02099631002097,0.6912414525141477,0.3210489524754257,1.3329909840955156
1,1,1,0.35,0.15,0.15,0.2097342283770429,0.07614721543966935,1.5328661637196914,-1.1438652095592512,1.0,1.7161459554651572,0.3233753954765821,2.755626114563027,2.1795394964915893,-0.30680820315037644,0.03080332233146721,1.7380890815240637,-0.3803633818258707,2.2038711231119708,-0.17554282457017262,-1.0036669128068154,3.096623649602923,1.0677159663925577,-0.6597212031373052,-0.5411498463076567,4.0,3.0,5.0,6.0,3.0,4.0,5.0,4.0,4.0,4.0,4.0,5.0,5.0,4.0,4.0,4.0,4.0,3.0,4.0,3.0,3.0,1.0,5.0,5.0,4.0,6.0,2.0,3.0,4.0,6.0,6.0,6.0,4.0,4.0,2.0,3.0,3.0,3.0,3.0,7.0,6.0,7.0,4.0,4.0,6.0,3.0,3.0,3.0,4.0,3.0,4.0,0.5145817631255781,-0.003622625037724597,-0.0027572688286767065,0.6753320397222226,-0.2515980649135284,-1.2690620764819314,0.9903789296913613,-1.0005566402949864,1.5296613077356076,-0.9995684570034009,-1.025382612461687,2.694311061928009,0.6912414525141477,-0.9981891186916533,-0.3516737667360989
1,0,1,0.35,0.15,0.15,0.4263610180475726,1.4703559825346084,0.34384143267762424,-1.648677687683578,1.0,-0.4105801291956951,0.33145601478639175,2.0596052680350967,2.2477248692466354,0.32681239875828105,-0.09197457402655931,0.9464487647235559,-0.6401357146434978,1.7632765874857566,0.2277616605504679,0.4137048246567996,-1.4070106154060407,-1.0433075724406464,-1.8940712439241807,-0.24433140741372128,3.0,3.0,3.0,2.0,4.0,4.0,5.0,5.0,4.0,4.0,4.0,5.0,5.0,5.0,4.0,5.0,5.0,5.0,3.0,4.0,3.0,4.0,4.0,4.0,4.0,3.0,3.0,4.0,3.0,5.0,6.0,5.0,5.0,4.0,4.0,3.0,5.0,5.0,5.0,2.0,4.0,3.0,2.0,2.0,4.0,2.0,1.0,3.0,4.0,4.0,5.0,-1.2642193933579016,0.3275888069827882,0.24933588122174866,1.0145883234131345,0.7659233350527167,-0.5045188738320073,-0.25734255653397575,-0.6654670276373246,1.2750492825208382,-0.33457488893461035,0.9979828715325975,-1.0089200735607025,-1.38410426887313,-1.9876176720669627,0.32219213359654686
1,1,0,0.35,0.15,0.15,0.8858656767233322,0.03640547179397427,-0.4006856055746141,-0.9036608270238012,1.0,-0.2129693107986227,0.27633140673790924,2.131472725814235,2.5048142473585138,2.01124525080001,0.499763034016384,1.4764913482702835,-0.16045027389337435,0.48488869921734,-0.720266878784212,-0.20861120657238078,0.8770617238806359,1.5600198447891105,0.4602630286884675,1.3944806659080462,3.0,4.0,4.0,4.0,4.0,4.0,3.0,5.0,5.0,5.0,5.0,5.0,6.0,5.0,5.0,7.0,5.0,7.0,6.0,5.0,5.0,6.0,4.0,5.0,5.0,5.0,5.0,3.0,4.0,5.0,5.0,5.0,4.0,3.0,3.0,4.0,4.0,4.0,4.0,5.0,5.0,6.0,6.0,5.0,5.0,5.0,5.0,5.0,6.0,4.0,6.0,-0.24776158965305603,-0.3348340570582378,1.0056153313730247,1.3538446071040464,2.0378250850105233,1.5342629999011235,0.7408346324462939,0.004712197677998546,0.7658252320912989,-0.6670716729690054,-0.013699870464544755,1.3476815581139316,1.3830233596432395,0.9806679880589657,1.3329909840955156
1,0,0,0.35,0.15,0.15,0.5686506416307865,-1.5057699296825606,-0.10384362947596638,1.951954670167083,-1.0,0.9540865507638769,0.1809351830135837,2.019358712802277,0.8324226619671524,0.3386252668518479,-0.14805669417616585,1.7476494505360165,2.7721839041800216,-0.6220275452931304,0.5482677600677233,-0.7731402527724766,-0.4955158516935487,0.010529813926939857,-0.7286636132532595,-0.12329578939552245,4.0,5.0,4.0,5.0,3.0,3.0,4.0,5.0,5.0,4.0,4.0,3.0,4.0,3.0,4.0,5.0,4.0,5.0,4.0,5.0,2.0,5.0,5.0,5.0,4.0,5.0,7.0,7.0,7.0,3.0,3.0,3.0,3.0,4.0,4.0,3.0,3.0,4.0,4.0,3.0,4.0,4.0,4.0,5.0,4.0,4.0,4.0,5.0,3.0,3.0,3.0,0.5145817631255781,-0.6660454890787506,0.501429031272174,-0.6816930950414264,0.5115429850611555,0.005176594601275346,0.7408346324462939,3.0205187115969534,-1.0164589444120877,-0.33457488893461035,-0.35092745113025897,-0.3356053216536642,0.3453504989496009,0.3210489524754257,-1.0255396670687447
1,0,0,0.35,0.15,0.15,-0.3613124185721991,1.3486236492900585,-1.4093096063114974,-0.607662212125172,-1.0,0.10201347131102773,-0.3044847629073064,1.6690154690292833,-0.5303397640895835,-0.8884402516972384,-0.17089612931744907,-0.03632337579453221,-0.2337663832465138,0.5923309846535838,-0.39237085314646164,-1.0358144356734922,-0.20358187945042233,-1.625281225106414,1.1183391925896005,0.8124825546705517,3.0,5.0,2.0,4.0,3.0,3.0,3.0,4.0,3.0,4.0,3.0,2.0,2.0,2.0,2.0,4.0,4.0,3.0,4.0,4.0,2.0,3.0,3.0,2.0,4.0,3.0,2.0,3.0,3.0,6.0,5.0,4.0,6.0,4.0,4.0,3.0,2.0,4.0,3.0,5.0,3.0,3.0,2.0,5.0,1.0,4.0,4.0,6.0,4.0,5.0,6.0,-0.5018760405792674,-0.9972569210992638,-0.5069435689295274,-2.038718229805075,-0.760358764896651,-0.7593666080486486,-1.005975448269178,-1.335646252952648,1.2750492825208382,-0.33457488893461035,-1.025382612461687,-0.3356053216536642,-1.38410426887313,0.6508584702671961,0.9960580339291931
1,0,1,0.35,0.15,0.15,0.9952216720483714,-0.5986947329500701,-2.9830028335786802,0.9698461639546401,1.0,-0.8713189442349241,-0.32904548159031044,1.3289554323486121,1.5828689431062073,0.45467487835003695,0.19915948109100792,0.9662332668506315,2.0716973483744603,-0.4960349789343599,0.9932349126574083,0.09965226453892634,-0.5685071764716073,0.9372599136518467,2.31205652585113,-1.3692506004847942,3.0,3.0,2.0,3.0,3.0,3.0,3.0,3.0,3.0,3.0,4.0,6.0,6.0,5.0,5.0,4.0,4.0,4.0,4.0,4.0,4.0,5.0,5.0,4.0,5.0,3.0,5.0,5.0,7.0,3.0,3.0,4.0,2.0,4.0,4.0,6.0,6.0,5.0,5.0,4.0,4.0,3.0,5.0,6.0,4.0,6.0,6.0,6.0,2.0,3.0,2.0,-1.2642193933579016,-0.9972569210992638,-0.7590367189799527,1.6931008907949592,0.25716263506959414,0.2600243288179167,0.24174603795615907,1.680160260966307,-1.0164589444120877,0.6629154631685762,1.3352104521983112,-0.3356053216536642,1.0371324060786937,1.9700965414342753,-1.6994055674013904
1,1,1,0.35,0.15,0.15,1.0527057614080604,0.89225421454351,0.2273423892919368,0.744009883046539,-1.0,0.17418239997070128,0.21605123537859328,1.048445826363631,0.7453003184603751,1.072133862256457,0.6220878848678664,-0.6602370824947765,-0.11036130644658282,-1.7803941245001225,0.2217665505814479,0.6289934575770033,-1.602010589783795,-1.7739702637249561,-0.34757181858876707,-0.9399989961539231,4.0,4.0,4.0,2.0,3.0,3.0,5.0,4.0,3.0,3.0,3.0,4.0,5.0,5.0,6.0,5.0,5.0,5.0,5.0,6.0,4.0,6.0,2.0,3.0,2.0,1.0,4.0,5.0,1.0,2.0,2.0,2.0,2.0,4.0,4.0,4.0,5.0,4.0,4.0,2.0,2.0,1.0,2.0,1.0,1.0,3.0,4.0,3.0,3.0,3.0,2.0,-0.5018760405792674,-0.3348340570582378,-0.7590367189799527,0.6753320397222226,1.2746840350358393,1.279415265684482,-2.004152637249448,-0.6654670276373246,-2.034907045271166,-0.002078104900214853,0.32352771020116905,-2.3555495773747794,-2.767668083131315,-0.6683796008998834,-1.3624726172350679
0,1,1,0.35,0.15,0.15,-0.8268240378026835,-0.41922322485371805,1.1654319760133225,0.026639851273370825,-1.0,1.047600676162467,0.9415067926387415,2.3430693767537525,-1.455641631581396,1.4274898487124066,0.6537315050202147,1.3440811941114208,0.23063743348572502,0.5570076723913889,-0.7042787358113105,-0.20244409002142622,-0.7738537440057415,-2.112076168867638,-0.70886786673129,-1.0843358244829642,4.0,3.0,5.0,2.0,5.0,4.0,4.0,4.0,4.0,4.0,5.0,1.0,2.0,3.0,6.0,5.0,5.0,6.0,5.0,5.0,4.0,4.0,5.0,6.0,3.0,3.0,5.0,4.0,3.0,5.0,3.0,5.0,4.0,3.0,2.0,2.0,4.0,5.0,3.0,3.0,3.0,3.0,2.0,2.0,3.0,3.0,3.0,4.0,3.0,2.0,4.0,-0.5018760405792674,0.3275888069827882,0.24933588122174866,-2.038718229805075,1.5290643850274006,0.514872063034558,0.24174603795615907,0.004712197677998546,0.25660118166175994,-1.6645620250721915,-0.013699870464544755,-1.0089200735607025,-1.729995222437676,-0.6683796008998834,-1.0255396670687447
0,1,1,0.35,0.15,0.15,0.6045318149935118,-1.4666780570957165,-1.2331544731330826,1.3646012433850332,-1.0,1.1483145969455388,2.0169810371945673,2.4085335265803276,-0.09549573007206841,-0.19767747820773138,-0.10827636387331731,1.1126358207852305,1.9927570585562944,1.2679749482131084,2.229374483902129,-1.6792147656898244,-0.18309579310030383,-0.6247548267270927,-2.125233453325742,-0.6560809299929453,5.0,5.0,4.0,4.0,6.0,6.0,6.0,5.0,4.0,5.0,3.0,3.0,2.0,5.0,4.0,4.0,4.0,5.0,4.0,4.0,4.0,2.0,4.0,3.0,4.0,3.0,7.0,6.0,4.0,4.0,5.0,5.0,4.0,7.0,6.0,6.0,4.0,2.0,2.0,4.0,3.0,4.0,4.0,4.0,4.0,1.0,2.0,2.0,3.0,2.0,3.0,0.5145817631255781,1.983645967085354,0.24933588122174866,-0.6816930950414264,0.25716263506959414,-0.5045188738320073,-0.5068868537790432,1.680160260966307,0.5112132068765295,2.325399383340552,-1.3626101931274013,-0.3356053216536642,-0.0005404546149450336,-2.317427189858732,-1.3624726172350679
1,1,1,0.35,0.15,0.15,-1.9575537478268552,1.1083798421353446,0.6692084720054476,0.3731018800845153,1.0,1.0591771885225636,2.295886866471272,2.517084018324526,1.947944986732956,-1.453240436614625,0.03412455562421246,2.3634713490747985,1.1681269405904227,1.0813875536203612,1.556844849374651,-0.5465252135175337,-0.4832923290754163,0.5510481171631889,-2.0037370980234956,0.574393697399407,5.0,4.0,5.0,4.0,6.0,5.0,7.0,6.0,4.0,5.0,5.0,5.0,6.0,3.0,3.0,2.0,3.0,2.0,4.0,3.0,5.0,4.0,5.0,6.0,5.0,6.0,5.0,4.0,5.0,4.0,4.0,5.0,5.0,5.0,6.0,5.0,4.0,4.0,2.0,3.0,4.0,4.0,4.0,6.0,5.0,1.0,3.0,1.0,5.0,5.0,6.0,0.5145817631255781,1.983645967085354,1.0056153313730247,0.6753320397222226,-1.5234998148713348,0.005176594601275346,1.489467524181496,0.6748914229933222,0.5112132068765295,1.3279090312373663,-0.6881550317959728,-0.3356053216536642,1.0371324060786937,-2.317427189858732,1.3329909840955156
0,1,0,0.35,0.15,0.15,0.77216902376524,-0.27369313403004053,-0.6371752874896474,-0.21668340772599115,-1.0,-0.9773869593219701,1.434655318705479,1.7020908373870898,-0.6744581828612015,1.4831047513715991,0.5476148664690997,-0.1909231231498599,0.4850460876509522,-0.9494937026076388,-0.3016711700183407,1.2710561766904551,-2.749443065448821,-1.8177248805170205,0.9737730301669802,-0.06716444665905572,2.0,3.0,3.0,2.0,6.0,5.0,5.0,4.0,4.0,4.0,3.0,4.0,2.0,3.0,6.0,6.0,5.0,6.0,4.0,5.0,3.0,5.0,3.0,4.0,3.0,4.0,5.0,5.0,5.0,3.0,4.0,3.0,4.0,4.0,4.0,4.0,5.0,6.0,4.0,1.0,1.0,2.0,2.0,4.0,4.0,5.0,5.0,5.0,4.0,4.0,4.0,-1.518333844284113,1.3212231030443273,-0.25485041887910204,-1.0209493787323387,1.7834447350189617,0.2600243288179167,-0.5068868537790432,1.0099810356509835,-0.5072348939825487,-0.002078104900214853,0.9979828715325975,-2.692206953328298,-0.6923223617440373,0.9806679880589657,-0.014740816569775791
1,0,0,0.35,0.15,0.15,-0.9892379811717428,1.8418121483079106,-1.1376805570457627,0.5920599725467783,-1.0,0.6745395860331349,0.792840008630671,2.0353423968440962,0.09476047438693469,0.5418152778991343,0.024081064975605804,0.7361632306783751,0.43497683166484374,0.7011972545020537,0.1224764448476956,-1.0013753147145708,-1.2010111753309767,0.021314815108563,1.5207649485567503,0.018751519221712157,4.0,4.0,5.0,5.0,5.0,5.0,5.0,5.0,4.0,5.0,4.0,2.0,4.0,3.0,4.0,4.0,5.0,4.0,3.0,4.0,5.0,3.0,3.0,5.0,4.0,5.0,5.0,5.0,4.0,5.0,4.0,4.0,4.0,4.0,4.0,5.0,2.0,4.0,3.0,4.0,3.0,3.0,3.0,3.0,6.0,5.0,5.0,5.0,4.0,4.0,5.0,0.5145817631255781,0.9900116710238146,0.501429031272174,-1.0209493787323387,0.25716263506959414,-0.249671139615366,0.24174603795615907,0.6748914229933222,0.25660118166175994,0.3304186791341802,-1.025382612461687,-0.672262697607183,-0.0005404546149450336,0.9806679880589657,0.32219213359654686
0,0,0,0.35,0.15,0.15,0.11227004559357735,-0.6993924471937963,-1.4157969288501497,-0.41851697876280414,-1.0,1.0491229087796012,0.6840880962986511,1.8935331963051443,0.10369698308691278,0.5620869202131501,-0.9826777738496602,1.1175280790294042,1.0246893907618275,-0.5259873167378414,0.34394024990560007,-0.8699830132085132,0.2822780090566165,-0.14190271284204176,0.6929087881912768,-0.703328483378983,4.0,5.0,5.0,6.0,4.0,4.0,4.0,2.0,3.0,3.0,4.0,4.0,4.0,4.0,4.0,4.0,3.0,4.0,3.0,3.0,4.0,3.0,4.0,4.0,4.0,5.0,4.0,6.0,6.0,3.0,4.0,2.0,3.0,4.0,4.0,5.0,4.0,3.0,3.0,3.0,4.0,4.0,4.0,3.0,3.0,4.0,4.0,4.0,4.0,4.0,4.0,1.0228106649780009,-0.003622625037724597,-1.011129869030378,-0.003180527659602121,-0.2515980649135284,-0.7593666080486486,0.24174603795615907,1.3450706483086448,-1.0164589444120877,0.3304186791341802,-0.6881550317959728,-0.3356053216536642,-0.6923223617440373,-0.008760565316343828,-0.014740816569775791
0,0,1,0.35,0.15,0.15,-0.5604540753974238,-0.9378121855366625,0.6745570574248516,0.18650865026640515,1.0,2.84635692965286,1.1865045319479581,2.781303563844663,2.445631087765678,-0.46847372844912116,-1.218116535604026,2.431876471294768,2.4124229244396513,2.0323781307280813,0.3796993200132789,0.7562425575694735,2.5332553487921268,0.8129841321873627,0.08353769050846183,-0.48174193844418,6.0,7.0,7.0,6.0,5.0,5.0,5.0,5.0,5.0,4.0,5.0,7.0,6.0,5.0,4.0,4.0,4.0,4.0,2.0,3.0,3.0,2.0,6.0,4.0,6.0,6.0,6.0,6.0,7.0,7.0,7.0,6.0,7.0,4.0,5.0,6.0,6.0,6.0,5.0,7.0,5.0,5.0,4.0,5.0,4.0,4.0,4.0,4.0,3.0,5.0,5.0,2.5474973705352695,0.9900116710238146,0.7535221813225994,2.0323571744858713,0.002782285078032882,-1.5239098106985727,1.489467524181496,2.3503394862816296,2.8027214338094555,0.9954122472029713,1.672438032864026,1.6843389340674513,0.3453504989496009,-0.008760565316343828,0.32219213359654686
1,0,1,0.35,0.15,0.15,-0.012598562627031235,0.378930013694057,-0.39859112542078556,-0.6832610948386925,-1.0,-0.7454074161078912,0.48503984188655014,2.4475163047052706,-0.7279832604372738,1.073463206206568,-0.8147473155151177,1.4502700221356033,1.1873854108532944,0.30838126799369914,-0.047667931882348635,-0.40514659869914155,-0.08143265510785253,-0.375132995119742,-0.8135206346737334,0.1215449315331763,3.0,1.0,3.0,2.0,3.0,5.0,3.0,3.0,6.0,4.0,5.0,2.0,3.0,1.0,5.0,4.0,5.0,4.0,3.0,3.0,3.0,2.0,5.0,4.0,4.0,4.0,4.0,5.0,4.0,3.0,4.0,4.0,3.0,3.0,4.0,3.0,3.0,2.0,3.0,4.0,4.0,4.0,3.0,4.0,5.0,4.0,3.0,3.0,4.0,3.0,4.0,-1.7724482952103244,-0.3348340570582378,0.501429031272174,-2.038718229805075,0.5115429850611555,-1.2690620764819314,0.24174603795615907,0.33980181033565987,-0.5072348939825487,-0.6670716729690054,-1.3626101931274013,0.0010520542998551361,-0.0005404546149450336,-0.6683796008998834,-0.3516737667360989
1,0,1,0.35,0.15,0.15,0.07414157102957349,-0.0668213152045583,-0.6524514992286999,-0.9347232003535129,1.0,0.6462862991033026,1.5516447518625403,2.121232313331835,2.7102253750933203,-1.107564283313147,0.3822019679411959,2.0540563946984047,1.0457331036948503,-0.06861035799723697,0.9584806258007814,-0.8258608652061883,0.9191751622550817,1.140708825568536,0.7581494961812542,-0.13028904005647837,4.0,5.0,5.0,6.0,5.0,5.0,6.0,4.0,5.0,5.0,6.0,6.0,7.0,7.0,3.0,3.0,3.0,3.0,4.0,4.0,4.0,4.0,6.0,6.0,7.0,7.0,5.0,5.0,6.0,3.0,4.0,4.0,4.0,5.0,6.0,5.0,3.0,4.0,3.0,5.0,4.0,4.0,5.0,6.0,4.0,5.0,5.0,6.0,4.0,5.0,6.0,1.0228106649780009,1.3212231030443273,1.0056153313730247,2.710869741867696,-1.0147391148882123,0.005176594601275346,2.4876447131617656,1.3450706483086448,-0.2526228687677792,1.3279090312373663,-0.6881550317959728,0.337709430253374,1.0371324060786937,1.3104775058507352,0.9960580339291931
0,0,0,0.35,0.15,0.15,-0.17990491552672255,0.8490281165591819,-2.13856074838049,0.5663440271559088,-1.0,-0.9302686634705221,0.524685073111265,1.5517186951459054,-0.33410626453415226,0.9347382145486564,0.9996064741328357,0.2872100142642712,-1.4162394035020698,-0.44250098078646904,1.5507369094408958,0.28469673615902796,-0.010202363713999851,0.3717412861969376,-0.7525015621325938,-0.07484712930172728,3.0,3.0,3.0,4.0,5.0,4.0,4.0,4.0,4.0,4.0,3.0,2.0,3.0,3.0,6.0,5.0,5.0,4.0,5.0,6.0,5.0,5.0,1.0,3.0,2.0,3.0,2.0,3.0,1.0,3.0,3.0,2.0,2.0,6.0,6.0,5.0,4.0,6.0,5.0,4.0,4.0,5.0,3.0,5.0,4.0,2.0,4.0,2.0,4.0,3.0,4.0,-0.7559904915054788,0.3275888069827882,-0.25485041887910204,-1.360205662423251,1.020303685044278,1.279415265684482,-1.7546083400043804,-2.005825478267971,-1.5256829948416268,1.6604058152717622,0.9979828715325975,0.337709430253374,-0.0005404546149450336,-1.3279986364834233,-0.3516737667360989
0,1,1,0.35,0.15,0.15,-0.1847893310296287,1.0470902502979669,0.27780507643932933,0.7862422436239385,-1.0,-0.7245043907281299,1.056666790085031,1.9121154986827729,1.3875222606881548,-0.09239732233894796,0.15797629391528356,0.3663136869875412,-0.8163562099233166,-0.354793983658216,0.0798958997603095,0.08395053640517847,0.281278145271933,1.060135652335378,0.195101423231544,-0.7060000144424912,3.0,2.0,2.0,3.0,6.0,5.0,5.0,4.0,5.0,4.0,4.0,5.0,4.0,6.0,3.0,4.0,3.0,3.0,3.0,3.0,6.0,3.0,3.0,4.0,5.0,4.0,2.0,4.0,3.0,4.0,3.0,4.0,2.0,4.0,2.0,4.0,3.0,4.0,4.0,7.0,4.0,5.0,5.0,5.0,5.0,4.0,4.0,5.0,4.0,3.0,3.0,-1.518333844284113,1.3212231030443273,0.24933588122174866,1.0145883234131345,-0.760358764896651,-0.249671139615366,-0.0077982592889083565,-1.0005566402949864,-0.7618469191973182,-0.6670716729690054,-0.35092745113025897,1.3476815581139316,1.0371324060786937,0.3210489524754257,-0.6886067169024216
0,1,1,0.35,0.15,0.15,0.9959409801790657,1.1937294630823592,-2.603958268236122,-1.5264803777461353,-1.0,0.7348690333533572,0.19807673745511134,3.430242192570007,0.3616188489916883,-1.1532997129280351,-0.7130381349548596,0.12925263623411354,0.1499208255150306,0.14262300824879892,0.8752088337224883,0.08847733088985771,-2.2216409893506386,-0.8483855549669201,0.3192954817592354,-0.36632602468399633,4.0,5.0,4.0,6.0,4.0,4.0,4.0,6.0,5.0,5.0,5.0,3.0,3.0,3.0,4.0,2.0,3.0,2.0,3.0,3.0,3.0,2.0,5.0,4.0,4.0,3.0,4.0,4.0,5.0,4.0,4.0,3.0,4.0,5.0,5.0,4.0,5.0,6.0,5.0,3.0,2.0,3.0,3.0,3.0,5.0,5.0,5.0,5.0,3.0,4.0,3.0,0.7686962140517896,-0.003622625037724597,1.25770848142345,-1.0209493787323387,-1.2691194648797735,-1.2690620764819314,-0.0077982592889083565,0.33980181033565987,-0.2526228687677792,0.6629154631685762,1.3352104521983112,-1.3455774495142216,-0.3464314081794914,0.9806679880589657,-0.6886067169024216
1,1,0,0.35,0.15,0.15,-0.7716459900519758,-0.3714906862756988,0.8059420917415274,0.043500173191180845,-1.0,2.2998489782986473,0.03443111194063542,3.037703367272145,1.8372989623339024,-0.7083001563754184,-0.30406758911860765,1.871417940040779,0.47822505828612466,0.07895569074200681,0.280662292378138,-2.902739292830263,0.06395225254104192,1.4759446480502432,1.9916230586857573,-0.6921671824298439,6.0,6.0,6.0,6.0,2.0,4.0,4.0,5.0,6.0,5.0,5.0,5.0,7.0,5.0,5.0,4.0,3.0,5.0,4.0,3.0,5.0,4.0,6.0,5.0,4.0,6.0,5.0,3.0,6.0,4.0,5.0,4.0,3.0,5.0,3.0,5.0,2.0,2.0,3.0,4.0,4.0,5.0,6.0,4.0,5.0,5.0,6.0,5.0,3.0,3.0,3.0,2.0392684686828466,-0.6660454890787506,1.25770848142345,1.6931008907949592,0.25716263506959414,0.005176594601275346,1.2399232269364286,0.6748914229933222,0.001989156446990387,0.3304186791341802,-1.699837773793115,0.337709430253374,1.0371324060786937,1.3104775058507352,-1.0255396670687447
1,0,1,0.35,0.15,0.15,1.9195311008039446,0.695246078741924,0.027394727613475355,0.6615351889964752,-1.0,0.25448511563651205,0.02138992058239067,2.364434756659512,0.25962919401329076,0.19327912835478797,-0.17272991719706807,1.9554905691977504,1.5749770423378358,1.2761543272369806,1.3534950071300824,0.6492665342719345,0.8741625642849715,1.7057016090002977,0.41726947516679747,0.6868149982072973,5.0,5.0,3.0,3.0,2.0,5.0,3.0,5.0,4.0,4.0,4.0,2.0,4.0,2.0,3.0,5.0,5.0,4.0,5.0,4.0,5.0,3.0,5.0,5.0,5.0,4.0,4.0,5.0,6.0,5.0,5.0,5.0,5.0,5.0,5.0,4.0,5.0,5.0,5.0,4.0,6.0,6.0,5.0,6.0,6.0,4.0,4.0,4.0,4.0,4.0,4.0,0.0063528612731553755,-0.6660454890787506,0.24933588122174866,-1.360205662423251,0.25716263506959414,0.2600243288179167,0.7408346324462939,1.0099810356509835,1.0204372573060685,0.6629154631685762,0.9979828715325975,1.3476815581139316,1.7289143132077864,-0.008760565316343828,-0.014740816569775791
1,1,1,0.35,0.15,0.15,1.5965804116785745,0.1987886803663459,0.30443403577207684,0.8126495729764588,-1.0,1.2905367092570592,1.5174416484978905,2.9288741210928464,0.729082986363182,0.0019103948017890893,1.2840935495719985,1.364163378027437,0.8996538160973884,0.9513872051350212,0.9893302970401232,-0.493527065038053,-0.6484629928477172,0.4025623692824175,0.6696648390766935,0.6452449052664206,5.0,5.0,4.0,5.0,6.0,4.0,6.0,5.0,4.0,4.0,5.0,4.0,3.0,5.0,4.0,5.0,3.0,5.0,4.0,5.0,5.0,5.0,5.0,4.0,5.0,5.0,4.0,5.0,5.0,5.0,4.0,4.0,5.0,5.0,4.0,4.0,3.0,5.0,5.0,4.0,4.0,4.0,5.0,6.0,4.0,5.0,5.0,6.0,5.0,5.0,5.0,0.7686962140517896,1.3212231030443273,0.501429031272174,-0.003180527659602121,0.25716263506959414,0.7697197972511993,0.7408346324462939,0.6748914229933222,0.5112132068765295,0.3304186791341802,0.32352771020116905,0.0010520542998551361,1.0371324060786937,1.3104775058507352,0.9960580339291931
1,1,1,0.35,0.15,0.15,0.24777314887431237,-1.5574274198923992,-0.2338810831602265,1.3748100029399168,1.0,1.4717279117510103,2.9625563839832623,3.1056362918224765,2.2416297102949376,-0.6635791341532349,-3.034778032838081,3.11908582509838,2.2850388437719173,1.6168826393636437,1.6663076246150426,-1.232537052490851,0.7472356982427377,0.44949974035689455,-0.42783183541124903,0.028622156968266033,6.0,5.0,5.0,5.0,7.0,6.0,7.0,6.0,5.0,5.0,4.0,6.0,5.0,4.0,4.0,3.0,2.0,3.0,2.0,1.0,2.0,1.0,7.0,6.0,7.0,5.0,6.0,6.0,6.0,5.0,6.0,5.0,6.0,4.0,5.0,5.0,3.0,3.0,3.0,6.0,5.0,7.0,5.0,4.0,5.0,4.0,4.0,3.0,4.0,5.0,2.0,1.2769251159042123,2.6460688311263802,1.0056153313730247,1.0145883234131345,-1.0147391148882123,-2.543300747565138,2.2381004159166986,2.0152498736239686,1.5296613077356076,0.6629154631685762,-1.025382612461687,2.02099631002097,0.6912414525141477,-0.3385700831081138,-0.3516737667360989
0,1,0,0.35,0.15,0.15,1.3448191673127006,1.4411877560756439,0.0018301803003741561,-0.12967827489845343,-1.0,-1.0136395113012389,2.3235255764583593,1.4665785085881748,0.609180253221707,1.088407351048461,-0.1287649085955228,1.2028939117185797,0.47660069137656025,1.7114965613266455,0.5960929430079416,0.5704792176518955,0.22761403170817537,0.3745127411824829,-0.7850319019445975,0.2356485236147946,2.0,3.0,1.0,2.0,6.0,6.0,6.0,4.0,3.0,3.0,4.0,4.0,3.0,4.0,5.0,4.0,4.0,5.0,4.0,3.0,3.0,4.0,5.0,5.0,5.0,4.0,4.0,5.0,5.0,5.0,4.0,5.0,4.0,4.0,5.0,5.0,6.0,6.0,5.0,3.0,5.0,5.0,4.0,4.0,3.0,4.0,3.0,4.0,4.0,5.0,5.0,-2.026562746136536,1.983645967085354,-0.5069435689295274,-0.34243681135051446,0.5115429850611555,-0.5045188738320073,0.7408346324462939,0.6748914229933222,0.5112132068765295,0.6629154631685762,1.672438032864026,0.337709430253374,-0.3464314081794914,-0.3385700831081138,0.6591250837628704
1,1,1,0.35,0.15,0.15,0.7704352782239265,0.27398685725824967,0.1578200446639913,0.4339688878164403,-1.0,-0.28516925703125107,1.945195673919991,0.9113173172010599,1.0434394622072847,0.9498697431972807,1.4635747415614058,0.17487615575677076,0.11648850290720288,0.4706147377048612,-0.44257416786996406,1.2036998370522136,-1.7494091174499862,0.7780578636915243,0.41271743833199337,-0.6237550529036437,2.0,3.0,3.0,2.0,7.0,6.0,7.0,3.0,3.0,3.0,3.0,4.0,4.0,5.0,5.0,4.0,4.0,6.0,6.0,6.0,5.0,4.0,4.0,4.0,3.0,2.0,5.0,4.0,4.0,3.0,3.0,3.0,5.0,2.0,2.0,5.0,6.0,5.0,6.0,3.0,2.0,2.0,5.0,6.0,4.0,5.0,3.0,5.0,4.0,3.0,3.0,-1.518333844284113,2.6460688311263802,-1.011129869030378,0.3360757560313098,0.7659233350527167,1.279415265684482,-0.7564311510241106,0.33980181033565987,-0.5072348939825487,-0.9995684570034009,1.672438032864026,-1.6822348254677406,1.0371324060786937,0.3210489524754257,-0.6886067169024216
0,0,0,0.35,0.15,0.15,0.564888612069696,-0.8493824058500091,0.43667845359245533,-1.2879486598092202,-1.0,-0.6613928282185442,0.20772673633382044,0.23230790608294383,1.1412489689795564,1.4016700092214103,1.0490654065112206,0.04827377707633565,-0.3357060266208646,-1.3871364886094784,0.528335611593281,-1.1066844535250477,0.8266201703471594,-0.7262812684001075,-0.123753806578067,0.31294421510706144,3.0,2.0,2.0,3.0,4.0,5.0,4.0,1.0,3.0,4.0,3.0,5.0,4.0,4.0,5.0,6.0,5.0,5.0,4.0,4.0,6.0,5.0,3.0,3.0,3.0,2.0,3.0,3.0,3.0,1.0,3.0,3.0,2.0,4.0,5.0,3.0,5.0,3.0,3.0,4.0,5.0,5.0,3.0,4.0,2.0,4.0,4.0,4.0,3.0,5.0,4.0,-1.518333844284113,0.3275888069827882,-1.2632230190808036,0.3360757560313098,1.2746840350358393,0.7697197972511993,-1.2555197455142455,-1.0005566402949864,-1.7802950200563963,-0.002078104900214853,-0.35092745113025897,0.6743668062068938,-1.0382133153085837,-0.008760565316343828,-0.014740816569775791
0,0,0,0.35,0.15,0.15,-0.31519363334919936,-0.4025390391740785,-0.4403953868565301,0.9374998823525673,1.0,0.5631071532544061,-0.2844282964434688,1.9150061360938535,2.5338241802160417,0.7693178022262778,0.0499525037196486,3.172558744214916,1.1177092643288202,1.3651655138923817,0.42394148991690006,-2.3488377071845514,2.881006086490838,2.3999287446592725,-1.0055704555320653,-1.571102651534112,4.0,5.0,4.0,5.0,2.0,4.0,4.0,4.0,4.0,4.0,4.0,5.0,5.0,6.0,5.0,5.0,3.0,5.0,5.0,4.0,5.0,3.0,6.0,6.0,6.0,7.0,4.0,4.0,4.0,6.0,4.0,5.0,5.0,4.0,4.0,3.0,3.0,2.0,2.0,7.0,7.0,6.0,5.0,6.0,6.0,3.0,3.0,3.0,1.0,2.0,2.0,0.5145817631255781,-0.6660454890787506,-0.0027572688286767065,1.3538446071040464,0.5115429850611555,0.2600243288179167,2.2381004159166986,0.004712197677998546,1.0204372573060685,-0.33457488893461035,-1.699837773793115,2.694311061928009,1.7289143132077864,-0.9981891186916533,-2.3732714677340363
0,1,0,0.35,0.15,0.15,1.2153089947041034,1.2392780015529017,1.0689142942863832,-0.03856394978843475,-1.0,1.3033420162014036,2.2015818276983254,1.8150732034039054,1.1104219268075208,1.2042040188363328,2.1553211000081998,0.6966487764156282,1.7817450927770657,0.003747489024313627,0.3969937768322399,0.804281112132858,0.13488857884069647,1.4027617469219784,0.7684455630925937,-0.42723128390298315,4.0,6.0,5.0,5.0,7.0,6.0,7.0,3.0,3.0,4.0,3.0,5.0,6.0,4.0,5.0,5.0,4.0,5.0,6.0,6.0,6.0,6.0,5.0,5.0,5.0,4.0,5.0,6.0,4.0,3.0,3.0,4.0,4.0,4.0,3.0,3.0,6.0,6.0,5.0,4.0,4.0,5.0,5.0,5.0,5.0,4.0,5.0,5.0,4.0,4.0,4.0,1.0228106649780009,2.6460688311263802,-0.7590367189799527,1.0145883234131345,0.7659233350527167,2.043958468334406,0.7408346324462939,1.0099810356509835,-0.5072348939825487,-0.6670716729690054,1.672438032864026,0.337709430253374,1.0371324060786937,0.6508584702671961,-0.014740816569775791
1,1,0,0.35,0.15,0.15,-1.649906718247967,0.4525469040509306,1.7032829229812088,-1.3497964817526833,1.0,0.7100743682828979,-0.5151862651998931,0.5484013607866465,1.178611243734749,-1.4715856668334837,-2.0225919956982157,0.30894416252446044,1.4545599196732422,1.6044759863206857,-1.5454374006577019,0.11242233843875366,0.17160367396956044,-1.243256420262466,0.3341753300155551,-1.308096965140082,4.0,5.0,3.0,4.0,2.0,4.0,4.0,2.0,3.0,4.0,3.0,5.0,4.0,4.0,3.0,3.0,3.0,3.0,3.0,3.0,3.0,1.0,4.0,4.0,3.0,5.0,5.0,5.0,4.0,6.0,4.0,5.0,6.0,3.0,1.0,2.0,5.0,5.0,5.0,4.0,6.0,4.0,3.0,3.0,4.0,6.0,4.0,5.0,3.0,4.0,3.0,0.0063528612731553755,-0.6660454890787506,-1.011129869030378,0.3360757560313098,-1.0147391148882123,-1.5239098106985727,-0.0077982592889083565,0.6748914229933222,1.2750492825208382,-1.997058809106587,0.9979828715325975,0.6743668062068938,-0.6923223617440373,0.9806679880589657,-0.6886067169024216
0,1,0,0.35,0.15,0.15,-0.8234880637932539,-0.20116077974179336,1.3239886582145572,1.5225558299695903,-1.0,-0.7216478889405343,0.8370041982102363,2.1666717459328497,0.9346590261482434,-0.9375585376034536,-0.9598825940746766,0.3267707646824569,1.015386029085791,0.5940757137928487,1.6838605087670595,-1.2223598709858363,-0.7020070410988528,-0.21162300312550428,0.765874308197589,0.9798663619067157,2.0,3.0,2.0,3.0,4.0,5.0,5.0,5.0,5.0,4.0,4.0,3.0,4.0,4.0,3.0,3.0,4.0,2.0,3.0,3.0,3.0,2.0,4.0,4.0,3.0,5.0,5.0,5.0,5.0,4.0,4.0,4.0,4.0,6.0,6.0,3.0,2.0,3.0,3.0,5.0,4.0,4.0,2.0,5.0,4.0,6.0,4.0,4.0,5.0,5.0,6.0,-1.518333844284113,0.6588002390033019,0.501429031272174,-0.34243681135051446,-1.0147391148882123,-1.2690620764819314,-0.0077982592889083565,1.0099810356509835,0.001989156446990387,0.9954122472029713,-1.3626101931274013,0.337709430253374,-0.3464314081794914,0.6508584702671961,1.3329909840955156
1,1,0,0.35,0.15,0.15,-1.6653187748012852,-0.7260561360778275,2.309823801004402,-0.055293373052010895,1.0,0.3029676322605299,0.6496261042327292,0.9474599424826737,-0.34238866342351437,-0.4994473773961328,-0.8409379758307696,1.7794729695661333,0.7430293928632857,2.129212261799969,0.9497376925448404,-1.2249870180770457,-0.46527667858499233,0.4993145283281691,-0.774977819358255,-0.4325412116795193,4.0,3.0,4.0,4.0,4.0,4.0,5.0,4.0,3.0,2.0,5.0,3.0,2.0,3.0,4.0,5.0,3.0,4.0,3.0,4.0,3.0,2.0,5.0,6.0,6.0,6.0,5.0,5.0,3.0,5.0,6.0,6.0,5.0,6.0,5.0,4.0,4.0,3.0,4.0,4.0,3.0,5.0,4.0,5.0,3.0,3.0,3.0,4.0,4.0,3.0,4.0,-0.24776158965305603,0.3275888069827882,-0.5069435689295274,-1.360205662423251,0.002782285078032882,-1.01421434226529,1.7390118214265635,0.33980181033565987,1.5296613077356076,0.9954122472029713,-0.35092745113025897,0.0010520542998551361,-0.0005404546149450336,-0.6683796008998834,-0.3516737667360989
0,0,1,0.35,0.15,0.15,0.5332375651695093,-0.426453557696626,-0.7318572652392433,-1.2195108731926665,-1.0,-0.2977105035259593,-1.1521954303927402,2.6035610078524636,0.1830497663194589,0.22072646814161706,0.29587623831309195,1.0935594644847726,-0.633978698028692,0.570329673288009,1.470886817658159,-1.315162378685991,-0.9623957596878793,-0.32592691170344934,0.07189980459851729,1.036430398989143,3.0,2.0,4.0,4.0,2.0,4.0,3.0,4.0,5.0,5.0,5.0,2.0,4.0,3.0,4.0,4.0,5.0,3.0,3.0,4.0,4.0,5.0,4.0,4.0,4.0,4.0,3.0,3.0,4.0,3.0,4.0,4.0,4.0,5.0,6.0,5.0,4.0,3.0,3.0,4.0,3.0,3.0,2.0,4.0,3.0,3.0,2.0,4.0,5.0,5.0,5.0,-0.7559904915054788,-0.9972569210992638,0.7535221813225994,-1.0209493787323387,0.002782285078032882,0.005176594601275346,-0.0077982592889083565,-0.6654670276373246,-0.2526228687677792,1.3279090312373663,-0.6881550317959728,-0.672262697607183,-1.0382133153085837,-0.9981891186916533,0.9960580339291931
1,0,0,0.35,0.15,0.15,0.1489856980688938,-0.7524767557165933,0.3439349667853103,-2.305075126862843,1.0,1.5701283518843945,-0.7598895622238706,1.4479970985289468,0.7310386265625725,1.3815835497976732,0.5853989101714052,-0.47102955383606193,-0.4258931189391703,0.29128653511092684,-0.3339430263113937,1.154985647192776,-1.5218863172296175,-0.19593415740677816,-0.34923742624862275,-0.025264953961654277,4.0,5.0,5.0,4.0,3.0,3.0,3.0,3.0,3.0,4.0,5.0,4.0,3.0,3.0,5.0,6.0,6.0,5.0,5.0,5.0,5.0,5.0,3.0,3.0,3.0,3.0,4.0,4.0,4.0,4.0,4.0,4.0,3.0,3.0,4.0,5.0,6.0,5.0,5.0,3.0,2.0,3.0,4.0,2.0,4.0,4.0,5.0,4.0,4.0,5.0,5.0,0.5145817631255781,-0.9972569210992638,-0.25485041887910204,-0.6816930950414264,1.5290643850274006,1.0245675314678406,-1.005975448269178,0.004712197677998546,-0.2526228687677792,-0.002078104900214853,1.3352104521983112,-1.3455774495142216,-0.6923223617440373,0.3210489524754257,0.6591250837628704
1,1,1,0.35,0.15,0.15,0.951714389334515,-1.1729565604725007,-0.024350739940611616,-0.1770269402755796,-1.0,1.2141500684670332,2.341851516774519,2.5958203092563026,2.0185800237623837,-0.16883977193568622,0.2830767830652568,1.916129500876473,1.748002838187018,-0.27627078360387747,1.9538711282996175,-1.7491526040503684,0.11194084623261036,1.0679732046891242,-0.8906558041786747,1.9276701604021567,5.0,5.0,5.0,5.0,6.0,5.0,5.0,6.0,5.0,5.0,5.0,5.0,4.0,5.0,3.0,5.0,3.0,3.0,4.0,5.0,4.0,5.0,5.0,7.0,5.0,5.0,6.0,5.0,6.0,3.0,2.0,3.0,3.0,6.0,6.0,5.0,2.0,3.0,3.0,4.0,4.0,3.0,5.0,5.0,6.0,4.0,2.0,3.0,6.0,6.0,5.0,1.0228106649780009,1.3212231030443273,1.25770848142345,0.6753320397222226,-0.5059784149050897,0.514872063034558,1.489467524181496,1.680160260966307,-1.2710709696268574,1.6604058152717622,-1.3626101931274013,-0.3356053216536642,1.3830233596432395,-0.9981891186916533,1.6699239342618393
0,1,1,0.35,0.15,0.85,-0.027071324504133003,-1.6258687217201333,-2.220978345264288,-0.367030670293453,-1.0,1.5212866433433998,-0.3192515180788964,4.643719446826287,1.5734921049321873,-1.1717832851434267,-0.8839849611094373,1.9856238300373457,0.5346684004488328,1.5620488283477338,1.517183105096676,-0.7314015894159961,0.2580336956694428,-1.6641013602377885,-1.3767436995242772,0.8152117024749381,5.0,6.0,4.0,5.0,3.0,4.0,3.0,7.0,7.0,7.0,7.0,5.0,5.0,5.0,4.0,3.0,3.0,2.0,3.0,3.0,2.0,2.0,6.0,6.0,6.0,5.0,5.0,4.0,4.0,4.0,5.0,5.0,5.0,5.0,5.0,4.0,4.0,2.0,4.0,5.0,4.0,4.0,2.0,3.0,4.0,3.0,2.0,3.0,5.0,4.0,4.0,1.0228106649780009,-0.6660454890787506,3.0223605317764277,1.0145883234131345,-1.0147391148882123,-1.5239098106985727,1.7390118214265635,0.33980181033565987,0.7658252320912989,0.6629154631685762,-0.6881550317959728,0.337709430253374,-1.0382133153085837,-1.3279986364834233,0.32219213359654686
1,0,1,0.35,0.15,0.85,1.3297582252406177,0.059361677273361294,-0.4761328174227356,-0.7204793278226058,-1.0,0.33863331646032985,0.9518830571137094,1.1441243314783494,0.134118199922008,0.23597473208116435,-2.2343155989932155,0.6262405819077503,1.012456832586383,0.41666043626233945,0.7102786011626392,-1.660060849454299,-0.8960534372398984,-0.3466362633402814,1.2841039075644796,0.5235689810490833,4.0,4.0,4.0,4.0,5.0,4.0,5.0,3.0,4.0,3.0,3.0,4.0,2.0,3.0,4.0,4.0,5.0,5.0,2.0,2.0,1.0,3.0,4.0,3.0,3.0,3.0,6.0,6.0,5.0,3.0,3.0,3.0,2.0,4.0,4.0,5.0,3.0,1.0,2.0,3.0,4.0,4.0,4.0,5.0,4.0,4.0,5.0,4.0,4.0,4.0,5.0,0.0063528612731553755,0.6588002390033019,-0.7590367189799527,-1.0209493787323387,0.5115429850611555,-2.0336052791318555,-0.7564311510241106,1.680160260966307,-1.2710709696268574,0.3304186791341802,-2.037065354458829,-0.3356053216536642,0.3453504989496009,0.3210489524754257,0.32219213359654686
0,1,0,0.35,0.15,0.85,0.5414132425754647,0.0630269435505092,0.707587518671225,-0.19930262747847569,1.0,-0.7099134089765232,-0.02456976962625368,1.1825727773568877,1.3418657453306695,1.0870738798072477,0.088535679515649,0.9082627575560047,1.4605148494334852,-0.016099931364083386,0.7175764987937702,0.33675180677558025,-0.6303345813254098,1.2491960514503773,-0.009159773361256746,0.25254338263849946,3.0,3.0,4.0,3.0,3.0,3.0,3.0,3.0,3.0,4.0,5.0,4.0,3.0,4.0,6.0,4.0,3.0,6.0,3.0,3.0,6.0,3.0,4.0,4.0,5.0,4.0,6.0,6.0,5.0,4.0,2.0,3.0,4.0,4.0,4.0,4.0,4.0,5.0,4.0,2.0,4.0,4.0,6.0,6.0,5.0,4.0,5.0,2.0,5.0,4.0,5.0,-0.7559904915054788,-0.9972569210992638,-0.25485041887910204,-0.34243681135051446,0.7659233350527167,-0.249671139615366,0.24174603795615907,1.680160260966307,-0.7618469191973182,-0.002078104900214853,0.32352771020116905,-0.672262697607183,1.7289143132077864,-0.3385700831081138,0.6591250837628704
0,0,0,0.35,0.15,0.85,-0.07484640647342175,-0.48453914184898056,-0.6343747079985718,2.1762145340411423,1.0,0.27396881644874993,1.1414975062694743,1.4852570868400825,0.15063127717670066,1.0770872345231661,0.19374460815455996,1.1545210002203952,0.8255988599929214,1.1152662967509743,1.1175729097171336,0.002953724829323323,-0.3024982844571005,0.35119006618463267,0.9635649829900225,0.8780076921227685,3.0,4.0,4.0,4.0,5.0,4.0,5.0,5.0,4.0,4.0,2.0,3.0,3.0,3.0,4.0,5.0,5.0,4.0,3.0,5.0,4.0,4.0,5.0,5.0,5.0,5.0,5.0,5.0,3.0,4.0,4.0,4.0,5.0,5.0,5.0,5.0,4.0,4.0,5.0,3.0,3.0,5.0,5.0,5.0,4.0,6.0,5.0,4.0,5.0,4.0,3.0,-0.24776158965305603,0.6588002390033019,-0.25485041887910204,-1.0209493787323387,0.5115429850611555,0.005176594601275346,0.9903789296913613,0.33980181033565987,0.25660118166175994,0.9954122472029713,0.32352771020116905,-0.3356053216536642,0.6912414525141477,0.9806679880589657,-0.014740816569775791
0,0,1,0.35,0.15,0.85,1.5409401373109646,0.5000652096027882,-1.8225253262402354,0.28245733529468364,-1.0,-0.30074920984360154,0.7794782818802923,3.439588470002528,0.9826671537222795,1.1721793985363478,1.5933370344440814,1.3009228081293638,-0.036807814137579054,-0.5235301777421797,0.3389257235705362,0.7707087366508356,-0.1271685899282481,0.7195073113110407,0.22104989543214976,0.3745332805529098,4.0,3.0,5.0,4.0,6.0,5.0,4.0,7.0,6.0,5.0,5.0,4.0,3.0,3.0,5.0,4.0,4.0,5.0,5.0,6.0,6.0,6.0,6.0,4.0,4.0,5.0,5.0,3.0,3.0,3.0,4.0,2.0,3.0,4.0,3.0,3.0,5.0,4.0,4.0,4.0,3.0,6.0,4.0,3.0,4.0,4.0,4.0,5.0,5.0,6.0,4.0,0.0063528612731553755,0.9900116710238146,1.7618947815243007,-0.6816930950414264,0.5115429850611555,1.7891107341177648,0.7408346324462939,-0.3303774149796632,-1.0164589444120877,-0.6670716729690054,0.32352771020116905,0.337709430253374,-0.3464314081794914,0.3210489524754257,0.9960580339291931
1,0,1,0.35,0.15,0.85,-0.3677825685980659,-0.296457576716955,-1.9558664771030168,-1.4377142247342252,-1.0,-0.3726443579109924,0.2895018502998823,0.7325110397165031,0.09415627389312592,-1.1201007691573068,-0.381544957773998,-0.7480970951956901,-0.4584095092255328,0.08543769988569214,2.377477272274987,-1.5296517374146439,-1.3371545991177847,-0.010027903581278697,1.5401595599505051,0.8339310678697733,4.0,4.0,5.0,3.0,4.0,5.0,4.0,2.0,2.0,4.0,2.0,4.0,4.0,3.0,2.0,3.0,3.0,3.0,4.0,4.0,3.0,3.0,2.0,2.0,3.0,2.0,3.0,4.0,5.0,3.0,4.0,4.0,3.0,6.0,6.0,5.0,2.0,3.0,4.0,3.0,3.0,3.0,5.0,5.0,4.0,6.0,5.0,5.0,5.0,6.0,6.0,0.0063528612731553755,0.3275888069827882,-1.515316169131229,-0.34243681135051446,-1.2691194648797735,-0.5045188738320073,-1.7546083400043804,0.004712197677998546,-0.5072348939825487,1.6604058152717622,-1.025382612461687,-1.0089200735607025,0.6912414525141477,1.3104775058507352,1.6699239342618393
0,1,0,0.35,0.15,0.85,-0.5261820682858445,-0.462079968958613,-1.319120955623618,-0.874368771680188,-1.0,0.14470304581255147,0.6364542903479715,0.6786354328623363,0.06996846480887484,0.9350662759277343,1.0601480203636344,-0.6316278591295843,0.7427987138981049,-0.6735665077926623,0.26043866660875215,-0.23334064286449965,-1.8644688855844667,1.754073905101527,1.0140001851359797,-0.374117629396692,4.0,4.0,4.0,4.0,4.0,4.0,4.0,4.0,1.0,3.0,3.0,3.0,3.0,2.0,6.0,5.0,5.0,4.0,4.0,4.0,4.0,5.0,2.0,2.0,2.0,3.0,4.0,3.0,5.0,4.0,4.0,2.0,2.0,4.0,5.0,2.0,4.0,2.0,5.0,2.0,1.0,1.0,6.0,7.0,4.0,5.0,5.0,5.0,4.0,4.0,4.0,0.0063528612731553755,-0.003622625037724597,-1.2632230190808036,-1.360205662423251,1.020303685044278,0.2600243288179167,-1.7546083400043804,0.004712197677998546,-1.0164589444120877,-0.33457488893461035,-0.35092745113025897,-2.692206953328298,1.7289143132077864,0.9806679880589657,-0.014740816569775791
0,0,1,0.35,0.15,0.85,-1.2657065967553767,1.0365283249784316,1.380666162290879,1.3465990873056666,-1.0,0.7120124273881763,0.6574780651154712,2.415077310064505,0.14228797224876027,0.05266702830198644,1.3623983331799157,0.30689221908157216,-0.48831155869244114,0.5454984490949378,0.26240987778730646,0.29822520409156317,-0.9800987585495795,0.3738312414943585,1.030933707968744,0.3605715060172334,4.0,4.0,2.0,3.0,3.0,5.0,5.0,5.0,5.0,4.0,5.0,2.0,3.0,3.0,4.0,4.0,3.0,4.0,6.0,5.0,4.0,5.0,3.0,3.0,4.0,4.0,2.0,3.0,2.0,4.0,4.0,3.0,4.0,3.0,3.0,5.0,5.0,5.0,5.0,3.0,2.0,4.0,3.0,4.0,3.0,5.0,5.0,3.0,4.0,4.0,4.0,-0.7559904915054788,0.3275888069827882,0.7535221813225994,-1.360205662423251,-0.2515980649135284,1.0245675314678406,-0.5068868537790432,-1.6707358656103095,-0.2526228687677792,-0.33457488893461035,0.9979828715325975,-1.0089200735607025,-0.6923223617440373,0.3210489524754257,-0.014740816569775791
1,0,1,0.35,0.15,0.85,0.46932105753466263,0.4027625212305526,-0.10354406535889221,1.3801186985785983,1.0,-0.42707161651155656,0.7215074776975342,2.445382329018248,1.5644942967232403,2.3890334811272904,1.302160669761782,0.6182832331939077,-0.24666785880421555,-1.3623748813733292,-0.8668513228497702,1.220395199519675,-0.42563801432703313,-0.8202183306682022,-0.4919112262460042,-1.5906347691198803,3.0,3.0,3.0,5.0,4.0,6.0,3.0,5.0,4.0,6.0,4.0,5.0,5.0,4.0,6.0,5.0,6.0,6.0,5.0,5.0,6.0,3.0,5.0,4.0,4.0,3.0,4.0,3.0,4.0,4.0,3.0,1.0,3.0,2.0,2.0,3.0,6.0,5.0,3.0,4.0,4.0,3.0,3.0,4.0,3.0,4.0,4.0,4.0,3.0,2.0,5.0,-0.5018760405792674,0.3275888069827882,0.7535221813225994,0.6753320397222226,1.7834447350189617,0.7697197972511993,-0.0077982592889083565,-0.3303774149796632,-1.2710709696268574,-1.6645620250721915,0.6607552908668837,-0.3356053216536642,-0.6923223617440373,-0.008760565316343828,-0.6886067169024216
0,0,1,0.35,0.15,0.85,-0.12631155672547206,-0.2439580685690405,0.07391504668847008,-1.9188117632752002,1.0,-0.24074985665022378,0.4939369765875342,2.20627676916727,1.3277792776681503,0.5476342887791944,-1.2393566906577378,1.509609589436311,0.24848853298365936,0.24787048910219334,1.2662426880421929,1.2662307053484172,-0.5245850958620326,0.3831405643848594,-0.2142300304250263,2.630222831569249,3.0,3.0,3.0,5.0,5.0,4.0,4.0,6.0,3.0,4.0,5.0,5.0,5.0,3.0,5.0,4.0,3.0,5.0,3.0,4.0,4.0,2.0,6.0,6.0,5.0,5.0,4.0,4.0,4.0,5.0,4.0,3.0,4.0,4.0,5.0,5.0,5.0,6.0,6.0,4.0,5.0,4.0,4.0,5.0,4.0,3.0,3.0,3.0,7.0,5.0,5.0,-0.5018760405792674,0.3275888069827882,0.501429031272174,0.3360757560313098,0.25716263506959414,-0.7593666080486486,1.489467524181496,0.004712197677998546,0.001989156446990387,0.6629154631685762,1.672438032864026,0.337709430253374,0.3453504989496009,-0.9981891186916533,1.6699239342618393
1,1,0,0.35,0.15,0.85,1.4413549922235378,0.5676762646350129,0.9043219397196314,0.6222595673293378,1.0,0.46645912831286984,1.3763733447109918,2.269719779765304,0.6907539966504755,1.25176227289105,0.1722548674923743,1.6794441444024388,1.020681381382381,0.6515657147499271,0.09724911661754276,-0.3459540153156799,1.8877666300365163,0.8011642861198331,-1.7615753385099957,-0.3141685797064193,5.0,4.0,4.0,4.0,4.0,5.0,5.0,5.0,4.0,4.0,3.0,4.0,4.0,3.0,5.0,4.0,5.0,6.0,5.0,4.0,5.0,5.0,7.0,5.0,6.0,6.0,5.0,6.0,6.0,3.0,3.0,4.0,4.0,4.0,5.0,2.0,4.0,5.0,4.0,6.0,6.0,5.0,5.0,5.0,5.0,2.0,3.0,3.0,5.0,4.0,4.0,0.26046731219936675,0.6588002390033019,-0.0027572688286767065,-0.34243681135051446,1.020303685044278,0.7697197972511993,1.988556118671631,1.680160260966307,-0.5072348939825487,-0.33457488893461035,0.32352771020116905,1.6843389340674513,1.0371324060786937,-1.3279986364834233,0.32219213359654686
0,1,0,0.35,0.15,0.85,-0.8052941588461859,-1.0586360008263105,0.06516168166352405,-0.5682700433300957,-1.0,-1.26071165586232,-0.3033455191996974,1.2524853925973922,0.16912269731366564,0.1614156596122143,-0.1348742654287755,0.057910794180696695,0.40617195490010405,2.3138951063970126,0.43926901483363034,0.20033890533174634,-0.0456556670388884,-0.2619518978597438,0.48603985438633357,-1.0347820996972743,2.0,2.0,3.0,4.0,4.0,5.0,4.0,3.0,3.0,4.0,4.0,3.0,4.0,4.0,4.0,4.0,5.0,4.0,4.0,4.0,4.0,4.0,4.0,2.0,3.0,4.0,4.0,4.0,5.0,7.0,7.0,5.0,5.0,4.0,3.0,4.0,4.0,4.0,5.0,4.0,5.0,5.0,4.0,3.0,5.0,4.0,4.0,5.0,3.0,4.0,4.0,-1.2642193933579016,0.3275888069827882,-0.5069435689295274,-0.34243681135051446,0.25716263506959414,0.005176594601275346,-0.7564311510241106,0.33980181033565987,2.0388853581651465,-0.33457488893461035,0.32352771020116905,0.6743668062068938,-0.0005404546149450336,0.3210489524754257,-0.3516737667360989
1,1,1,0.35,0.15,0.85,-0.6133193901321347,0.1075713015054886,0.19531573353862944,0.5222533030502192,-1.0,0.5048190291064854,0.4443265559682092,1.9799861438586126,1.5316538566677438,-0.22220860098255313,-0.5536193453830611,1.9072088964119125,3.0834463270742374,1.2900090697667825,0.7885812671579299,-2.7676539785350083,2.091142548275901,1.537966036893776,0.8733026416110746,-0.6190603153265735,4.0,4.0,4.0,3.0,4.0,4.0,4.0,5.0,5.0,4.0,4.0,4.0,5.0,6.0,4.0,3.0,3.0,4.0,4.0,4.0,4.0,3.0,5.0,5.0,4.0,5.0,6.0,7.0,7.0,4.0,5.0,4.0,5.0,4.0,6.0,4.0,2.0,3.0,3.0,6.0,5.0,5.0,6.0,4.0,5.0,5.0,5.0,5.0,5.0,3.0,4.0,-0.24776158965305603,-0.003622625037724597,0.501429031272174,1.0145883234131345,-0.5059784149050897,-0.249671139615366,0.7408346324462939,2.685429098939292,0.5112132068765295,0.6629154631685762,-1.3626101931274013,1.3476815581139316,1.0371324060786937,0.9806679880589657,-0.014740816569775791
0,0,0,0.35,0.15,0.85,-0.015493312184126196,2.6075451344736553,0.14249055548266948,0.5731149693484133,1.0,-0.605484832934125,0.23234112594991396,0.4243026126561884,0.7669383716291405,-0.0912965648879338,-0.09289734558201597,0.10677249661528843,-0.3557624301788217,1.0394938056934189,-0.3471552771070935,1.091310427711056,0.498512338020223,0.6614844530169934,0.5328285955634438,-1.061931991177404,2.0,3.0,4.0,3.0,3.0,3.0,4.0,3.0,2.0,2.0,2.0,3.0,3.0,4.0,3.0,4.0,3.0,4.0,3.0,3.0,5.0,5.0,4.0,3.0,3.0,3.0,4.0,4.0,2.0,3.0,5.0,5.0,4.0,3.0,2.0,4.0,5.0,5.0,2.0,4.0,5.0,3.0,6.0,5.0,5.0,5.0,5.0,4.0,2.0,2.0,3.0,-1.0101049424316901,-0.6660454890787506,-1.7674093191816542,-0.6816930950414264,-0.5059784149050897,0.005176594601275346,-0.7564311510241106,-0.6654670276373246,0.25660118166175994,-0.9995684570034009,-0.013699870464544755,0.0010520542998551361,1.3830233596432395,0.6508584702671961,-1.6994055674013904
1,1,0,0.35,0.15,0.85,0.324524924768231,1.1038319146014193,0.0452950942592412,0.22954890613862414,1.0,1.3845368872861672,-0.3212105767733344,2.781610124436745,1.4022858924500212,1.9335531901374612,0.6684997077268622,0.221154557886017,-0.043689331700185685,0.2598209507184537,-0.5647926268033037,0.09148920128706783,-1.2785148157035786,-1.409984217662713,0.5527769089487488,1.274756762097192,6.0,4.0,5.0,5.0,4.0,3.0,2.0,5.0,4.0,5.0,4.0,5.0,4.0,3.0,6.0,5.0,6.0,6.0,4.0,5.0,5.0,7.0,4.0,3.0,4.0,3.0,4.0,4.0,3.0,3.0,3.0,3.0,4.0,3.0,3.0,4.0,3.0,4.0,4.0,2.0,3.0,4.0,4.0,3.0,2.0,4.0,5.0,3.0,5.0,5.0,5.0,1.0228106649780009,-0.9972569210992638,0.501429031272174,-0.003180527659602121,1.7834447350189617,1.279415265684482,-0.5068868537790432,-0.3303774149796632,-0.7618469191973182,-0.6670716729690054,-0.35092745113025897,-1.0089200735607025,-1.0382133153085837,-0.008760565316343828,0.9960580339291931
0,0,0,0.35,0.15,0.85,1.153406742417617,-0.051435906909428473,-0.5490747198268808,0.4188274320060255,-1.0,-0.9604570115827238,0.392493464894517,0.4846885820426651,-0.2483562091079231,1.9799601378743272,1.1773529285957722,0.19144397930077428,-0.9738344902134479,0.7522718788725461,0.7176441839770239,-0.5746381755698249,-0.24135523235817186,-0.13644108287925688,0.0928933900320853,-0.6090352102376568,2.0,3.0,3.0,2.0,4.0,4.0,4.0,3.0,2.0,2.0,1.0,2.0,3.0,4.0,6.0,6.0,6.0,5.0,6.0,6.0,5.0,4.0,4.0,2.0,2.0,2.0,1.0,2.0,2.0,3.0,4.0,4.0,4.0,4.0,5.0,4.0,3.0,3.0,4.0,4.0,5.0,3.0,5.0,4.0,4.0,4.0,4.0,4.0,4.0,4.0,3.0,-1.518333844284113,-0.003622625037724597,-2.0195024692320795,-1.0209493787323387,1.7834447350189617,1.279415265684482,-1.505064042759313,-2.3409150909256327,-0.2526228687677792,0.3304186791341802,-0.6881550317959728,0.0010520542998551361,0.3453504989496009,-0.008760565316343828,-0.3516737667360989
1,1,1,0.35,0.15,0.85,-0.7088599748230526,0.3124339456723644,-1.9799483486785645,0.5669498920800414,-1.0,0.530642175914207,1.1462536944509862,2.4475237022483656,0.9438769246997578,0.5457563583547588,-0.07882816949963503,-0.14087378472089507,0.8257331928352488,0.6279071235385534,1.3292722277879876,-0.4590868573418442,-0.5364889850451067,0.157501629602807,-0.6473168586327074,0.24034721724116587,4.0,4.0,4.0,4.0,4.0,6.0,5.0,5.0,4.0,5.0,6.0,4.0,4.0,4.0,3.0,5.0,5.0,5.0,4.0,4.0,5.0,4.0,4.0,3.0,3.0,3.0,5.0,5.0,5.0,5.0,5.0,4.0,5.0,5.0,5.0,7.0,4.0,5.0,5.0,3.0,3.0,5.0,5.0,5.0,4.0,4.0,5.0,2.0,3.0,5.0,5.0,0.0063528612731553755,0.9900116710238146,1.0056153313730247,-0.003180527659602121,0.5115429850611555,0.2600243288179167,-0.7564311510241106,1.0099810356509835,0.7658252320912989,1.6604058152717622,0.6607552908668837,-0.3356053216536642,0.6912414525141477,-0.3385700831081138,0.32219213359654686
1,1,0,0.35,0.15,0.85,1.4824346178742949,0.3351061044241924,-0.05609152780683396,-1.0252450504436437,-1.0,0.020918653583855286,0.49864753780153304,2.738428789843134,0.8393457884276101,1.6347714889616989,0.7945605080458387,0.4413869956686987,0.6453758466012899,-0.4748027332210691,0.8983794769828402,1.126355363414436,0.9618689941159283,0.2853686557278334,2.3798106519319093,-0.08240748829596868,4.0,3.0,5.0,3.0,3.0,4.0,4.0,6.0,5.0,4.0,4.0,4.0,4.0,5.0,6.0,6.0,6.0,6.0,6.0,6.0,5.0,5.0,3.0,2.0,3.0,4.0,4.0,4.0,5.0,2.0,3.0,3.0,4.0,4.0,5.0,4.0,5.0,5.0,5.0,5.0,5.0,5.0,5.0,4.0,4.0,7.0,6.0,7.0,5.0,4.0,4.0,-0.24776158965305603,-0.3348340570582378,0.7535221813225994,0.3360757560313098,2.0378250850105233,1.5342629999011235,-1.005975448269178,0.33980181033565987,-1.0164589444120877,0.3304186791341802,0.9979828715325975,1.0110241821604127,0.3453504989496009,2.629715577017815,0.32219213359654686
0,0,1,0.35,0.15,0.85,-1.6665041877417683,0.6657402000615052,0.5500395231470212,0.31846084240212086,-1.0,2.3294716403639484,-0.8573314749415162,1.2385146770371052,0.9814730310701432,-1.0438115471771376,-0.6542836896288989,1.860977267994766,0.8973453275456631,0.6619316675983367,0.3198841201365305,-0.32236393841845623,1.5662393477312166,-0.8754921700018067,-0.2636219520675828,-1.844411484917618,7.0,6.0,6.0,6.0,3.0,4.0,2.0,4.0,3.0,4.0,3.0,4.0,4.0,2.0,2.0,5.0,5.0,2.0,4.0,3.0,4.0,4.0,6.0,5.0,5.0,4.0,5.0,3.0,5.0,6.0,5.0,5.0,5.0,4.0,5.0,4.0,3.0,4.0,5.0,7.0,6.0,5.0,3.0,5.0,4.0,4.0,4.0,4.0,2.0,2.0,2.0,2.293382919609058,-0.9972569210992638,-0.5069435689295274,-0.6816930950414264,-0.5059784149050897,-0.249671139615366,0.9903789296913613,0.33980181033565987,1.2750492825208382,0.3304186791341802,-0.013699870464544755,2.02099631002097,-0.0005404546149450336,-0.008760565316343828,-2.0363385175677133
1,0,1,0.35,0.15,0.85,2.3227678495671475,-0.08265778748366283,-0.08670618310497653,-0.23389710366648855,-1.0,0.26611610101507577,1.6567788774920764,2.2479721345056065,-0.6417929087074793,1.2731988677993258,1.8141423274537485,0.30737937630571854,-1.513602277340288,-0.014973642293986733,0.25468199442213746,0.3406127917148445,-1.2182815410313745,-1.0203825466562122,0.08345583637781687,0.3663885132220752,4.0,3.0,4.0,5.0,6.0,7.0,4.0,4.0,5.0,6.0,5.0,2.0,3.0,2.0,5.0,5.0,5.0,6.0,6.0,7.0,6.0,6.0,3.0,3.0,3.0,4.0,2.0,3.0,1.0,3.0,4.0,3.0,4.0,5.0,4.0,3.0,5.0,4.0,4.0,2.0,2.0,4.0,3.0,3.0,4.0,4.0,5.0,2.0,5.0,5.0,5.0,0.0063528612731553755,1.652434535064841,1.0056153313730247,-1.699461946114163,1.2746840350358393,2.2988062025510474,-0.7564311510241106,-2.005825478267971,-0.5072348939825487,-0.002078104900214853,0.32352771020116905,-1.3455774495142216,-0.6923223617440373,-0.3385700831081138,0.9960580339291931
1,1,1,0.35,0.15,0.85,-1.9499875581478023,-0.2627024210317699,1.111284416188243,0.8214352088678174,1.0,1.45482639471035,1.2763647825304132,2.534534924188128,1.572022864941104,-1.4895992161014786,-1.4261756802731431,2.509194335555398,2.142699257071114,1.2861307821703836,0.9303211234785408,-1.9438767509774142,1.211995391282614,1.8887879999479371,-1.5020782265070354,-0.24934311059106234,5.0,5.0,6.0,5.0,5.0,4.0,7.0,5.0,5.0,6.0,4.0,5.0,5.0,4.0,2.0,3.0,3.0,5.0,3.0,3.0,2.0,3.0,6.0,6.0,6.0,7.0,6.0,6.0,7.0,4.0,6.0,5.0,5.0,4.0,4.0,4.0,2.0,4.0,3.0,6.0,5.0,4.0,7.0,6.0,5.0,2.0,1.0,4.0,4.0,4.0,5.0,1.2769251159042123,1.3212231030443273,1.0056153313730247,0.6753320397222226,-0.760358764896651,-1.2690620764819314,2.2381004159166986,2.3503394862816296,1.0204372573060685,-0.002078104900214853,-1.025382612461687,1.0110241821604127,2.0748052667723322,-1.6578081542751928,0.32219213359654686
0,0,0,0.35,0.15,0.85,-0.6637200742371296,-1.1138312613862849,0.09585845555869027,0.7930377373295405,1.0,-1.6670965956487285,0.6750028297070024,0.9216234068455154,1.551940244703311,0.10680584670411852,0.13454875057823806,1.3514136928493525,1.0986566060102076,0.3436010651381928,0.6113204781160633,-1.0764558429495603,-1.479667933613469,0.9009121230665963,0.28270771477486695,1.1271513684558745,2.0,1.0,1.0,2.0,4.0,5.0,4.0,3.0,3.0,4.0,3.0,4.0,5.0,4.0,4.0,5.0,4.0,4.0,4.0,4.0,4.0,4.0,5.0,4.0,5.0,4.0,5.0,5.0,4.0,4.0,5.0,5.0,5.0,5.0,4.0,4.0,4.0,4.0,3.0,3.0,4.0,2.0,6.0,3.0,5.0,5.0,4.0,4.0,4.0,5.0,6.0,-2.5347916479889587,0.3275888069827882,-0.7590367189799527,0.3360757560313098,0.25716263506959414,0.005176594601275346,0.4912903352012265,0.6748914229933222,0.7658252320912989,0.3304186791341802,-0.35092745113025897,-1.0089200735607025,0.6912414525141477,0.3210489524754257,0.9960580339291931
0,0,1,0.35,0.15,0.85,0.717565020961332,-1.3032206777487014,-1.471975026031597,0.419957996536752,1.0,0.7516035157871904,-0.3227735709700038,2.5996186505379675,1.0863231156706572,0.5495972696484439,1.2142680993854262,-0.4972411905173766,-0.16657829582987124,0.7759722527399324,-1.3122614514760822,-0.3638326443430161,-1.25273429302397,1.0624222532295629,-0.02349051942929936,-0.8816950629870928,3.0,4.0,5.0,4.0,4.0,3.0,4.0,5.0,5.0,5.0,4.0,4.0,5.0,5.0,4.0,4.0,4.0,4.0,6.0,4.0,5.0,7.0,3.0,2.0,1.0,3.0,4.0,4.0,3.0,6.0,4.0,5.0,3.0,2.0,2.0,3.0,4.0,5.0,6.0,4.0,3.0,4.0,6.0,6.0,4.0,4.0,5.0,5.0,3.0,3.0,4.0,0.0063528612731553755,-0.3348340570582378,0.7535221813225994,0.6753320397222226,0.002782285078032882,1.5342629999011235,-1.7546083400043804,-0.3303774149796632,0.5112132068765295,-1.6645620250721915,0.9979828715325975,-0.3356053216536642,1.3830233596432395,0.6508584702671961,-0.6886067169024216
1,0,0,0.35,0.15,0.85,-0.563858878511893,0.179350026674753,0.3726543840903715,1.1479318628978952,1.0,1.985952952826513,-0.2967801063462439,1.2772466965847569,2.3157622059213274,-1.3189562636151608,-1.3731541080583822,1.5900473268965634,1.778234314162005,0.13026918406735355,1.3782489643038323,-0.9033745315675484,0.6180085137695757,1.0756069711711131,-0.9062701962506063,0.09238932143005935,7.0,5.0,5.0,7.0,3.0,4.0,4.0,3.0,5.0,4.0,4.0,5.0,5.0,6.0,3.0,3.0,4.0,3.0,2.0,2.0,3.0,4.0,6.0,5.0,4.0,5.0,6.0,5.0,4.0,3.0,4.0,3.0,5.0,6.0,5.0,5.0,3.0,3.0,3.0,5.0,4.0,4.0,5.0,4.0,4.0,4.0,3.0,4.0,5.0,5.0,5.0,2.0392684686828466,-0.3348340570582378,-0.0027572688286767065,1.3538446071040464,-0.760358764896651,-1.2690620764819314,0.9903789296913613,1.0099810356509835,-0.2526228687677792,1.3279090312373663,-1.025382612461687,0.337709430253374,0.3453504989496009,-0.3385700831081138,0.9960580339291931
1,1,1,0.35,0.15,0.85,0.31535797196564974,0.8036648416691038,1.345653426017907,-0.47077352073366235,-1.0,0.20215369464044364,0.6012638220171793,2.8420872319785078,-0.13286764624907055,0.27042342954551446,-0.4035945934190634,1.0006680816276678,-0.24207497650979615,0.04282817938115646,0.001404820697464726,-0.12442829808778516,-1.1133769917951772,0.8783353020889091,-0.17876891384009141,-1.6971081319713193,5.0,3.0,3.0,4.0,4.0,4.0,4.0,6.0,5.0,6.0,4.0,3.0,4.0,3.0,4.0,4.0,4.0,4.0,4.0,3.0,3.0,4.0,4.0,4.0,5.0,4.0,4.0,4.0,3.0,3.0,3.0,5.0,4.0,3.0,5.0,4.0,5.0,4.0,2.0,2.0,4.0,4.0,5.0,6.0,4.0,3.0,3.0,4.0,3.0,2.0,3.0,-0.24776158965305603,-0.003622625037724597,1.25770848142345,-0.6816930950414264,0.002782285078032882,-0.5045188738320073,0.24174603795615907,-0.3303774149796632,-0.2526228687677792,-0.002078104900214853,-0.35092745113025897,-0.672262697607183,1.0371324060786937,-0.6683796008998834,-1.3624726172350679
1,1,1,0.35,0.15,0.85,1.635575401025435,-1.5480969236037379,-0.3556175062148476,0.5796852921841331,-1.0,-0.27494609184688396,-0.6207477156732301,1.2695274699485704,-0.2810017463196819,1.5961347479645371,-0.05775772515889166,-0.9546216440110932,0.3325613744761555,0.971346444811871,0.573266678921175,-0.12721418259169903,-1.5862704401299421,-0.7653253694414539,1.978693493219477,-1.9430432541326166,4.0,4.0,3.0,2.0,3.0,5.0,4.0,3.0,4.0,4.0,4.0,4.0,3.0,3.0,5.0,5.0,6.0,5.0,4.0,4.0,4.0,4.0,3.0,3.0,3.0,2.0,4.0,4.0,5.0,4.0,4.0,5.0,5.0,4.0,3.0,6.0,4.0,3.0,4.0,3.0,4.0,4.0,3.0,5.0,3.0,6.0,5.0,7.0,3.0,3.0,2.0,-0.7559904915054788,-0.003622625037724597,-0.25485041887910204,-0.6816930950414264,1.2746840350358393,0.005176594601275346,-1.2555197455142455,0.33980181033565987,0.5112132068765295,0.3304186791341802,-0.35092745113025897,-0.3356053216536642,-0.3464314081794914,1.9700965414342753,-1.3624726172350679
0,0,1,0.35,0.15,0.85,0.16888256921768058,0.8156366889698186,0.7634111208801281,-0.38486813580702856,1.0,-0.4502423955695281,0.6245232631841697,1.0969651596378172,1.7901857619941084,1.1059202487037498,-0.2756114995864194,-0.12229344433754252,0.24114539936820986,-0.9888780435831834,1.5479643027306609,1.869877737841936,-1.5905314056875657,-0.47947536214609277,0.4441059667576826,-1.0934907387423742,4.0,4.0,3.0,4.0,5.0,4.0,5.0,3.0,3.0,3.0,3.0,6.0,6.0,4.0,5.0,5.0,4.0,5.0,3.0,3.0,3.0,5.0,2.0,4.0,4.0,2.0,5.0,4.0,3.0,3.0,2.0,2.0,1.0,5.0,5.0,5.0,6.0,6.0,6.0,2.0,2.0,3.0,3.0,3.0,3.0,4.0,4.0,4.0,2.0,3.0,3.0,-0.24776158965305603,0.6588002390033019,-1.011129869030378,1.3538446071040464,0.7659233350527167,-0.5045188738320073,-1.005975448269178,0.004712197677998546,-2.034907045271166,0.9954122472029713,2.00966561352974,-1.6822348254677406,-1.0382133153085837,-0.008760565316343828,-1.3624726172350679
1,1,0,0.35,0.15,0.85,1.352838407906477,0.9425479663988401,1.079583400865931,-0.3800674704571397,-1.0,0.6390539154981912,-0.294261785945962,1.6697291142322854,-0.7852136969929833,0.6226175940725662,-0.8653478652341743,0.5861174959520393,0.2669146264467412,1.24371695290897,-1.4905780041873251,-0.5018351926260924,-0.666117824267726,0.7277533532723239,-0.8196247533999796,0.364460495193003,3.0,4.0,4.0,4.0,4.0,3.0,4.0,3.0,5.0,4.0,4.0,2.0,4.0,4.0,4.0,5.0,5.0,4.0,5.0,4.0,3.0,3.0,4.0,4.0,5.0,4.0,4.0,4.0,4.0,4.0,5.0,5.0,5.0,2.0,2.0,2.0,4.0,2.0,4.0,4.0,2.0,3.0,4.0,4.0,6.0,3.0,3.0,3.0,5.0,3.0,4.0,-0.24776158965305603,-0.3348340570582378,-0.0027572688286767065,-0.6816930950414264,0.5115429850611555,-0.249671139615366,0.24174603795615907,0.004712197677998546,0.7658252320912989,-1.997058809106587,-0.6881550317959728,-1.0089200735607025,0.6912414525141477,-0.9981891186916533,-0.014740816569775791
0,1,1,0.35,0.15,0.85,0.9509075760061292,1.2698928210111116,-0.22185795112249393,0.7056002581116853,1.0,0.8142985037435313,-0.9391091635691715,1.3499939674573895,0.8510959319802445,-0.3427936739517776,-0.1835858776180325,1.0393653310125113,1.1967376860391945,1.7261690570149235,-0.3496629269302173,-0.638325169930868,0.7537788065637699,0.20226705755969393,-1.1376722657163645,0.6699748737451277,4.0,5.0,5.0,5.0,3.0,3.0,3.0,4.0,3.0,3.0,2.0,4.0,5.0,3.0,4.0,4.0,5.0,4.0,5.0,4.0,4.0,5.0,4.0,5.0,5.0,4.0,5.0,5.0,6.0,6.0,6.0,6.0,5.0,3.0,2.0,3.0,4.0,5.0,4.0,4.0,5.0,5.0,4.0,6.0,5.0,3.0,3.0,3.0,5.0,4.0,5.0,0.7686962140517896,-0.9972569210992638,-1.011129869030378,-0.003180527659602121,0.25716263506959414,0.514872063034558,0.4912903352012265,1.3450706483086448,1.784273332950377,-1.3320652410377964,0.32352771020116905,0.6743668062068938,1.0371324060786937,-0.9981891186916533,0.6591250837628704
0,0,1,0.35,0.15,0.85,-0.7554861318770318,-1.1650681238490987,1.5283460630801986,-0.4002338891034661,1.0,-0.26077101706763856,-0.48080313631011945,2.007728956711146,1.7425553632591033,-0.46179467360467835,-1.7389797320013074,1.9181701271717044,-0.5112068752257444,0.8879291795977434,1.1250157157358214,-0.8147554702955003,1.2969093377964567,0.2555446558902075,-0.9439690178566609,-0.11984075624749102,3.0,3.0,3.0,2.0,3.0,2.0,3.0,5.0,4.0,4.0,4.0,5.0,4.0,5.0,3.0,4.0,4.0,2.0,3.0,2.0,3.0,3.0,5.0,5.0,5.0,5.0,3.0,2.0,3.0,5.0,3.0,4.0,6.0,5.0,4.0,4.0,3.0,3.0,4.0,5.0,4.0,5.0,4.0,4.0,4.0,3.0,2.0,2.0,4.0,4.0,2.0,-1.2642193933579016,-1.328468353119777,0.24933588122174866,0.6753320397222226,-0.760358764896651,-1.2690620764819314,0.9903789296913613,-1.335646252952648,0.5112132068765295,0.3304186791341802,-0.6881550317959728,0.6743668062068938,-0.0005404546149450336,-1.6578081542751928,-0.6886067169024216
0,0,1,0.35,0.15,0.85,0.10041824952119646,0.5271827234210053,1.219835948781703,-1.1823283368743056,-1.0,-0.11136586425135911,-0.573083544179077,0.69874399675256,-0.025258514531674187,-0.4284354683582139,0.26257351042268323,-0.14201522992618743,0.12730447598533845,0.2830436713021417,-0.7740197643602167,-1.091515564549323,-1.177021731431997,-1.8432757988221082,-0.0892332205896732,0.7812726983310274,4.0,2.0,5.0,4.0,3.0,4.0,3.0,3.0,3.0,3.0,5.0,3.0,4.0,4.0,3.0,4.0,4.0,3.0,3.0,3.0,4.0,4.0,2.0,3.0,3.0,2.0,4.0,4.0,4.0,4.0,3.0,3.0,4.0,4.0,3.0,2.0,4.0,3.0,2.0,4.0,3.0,2.0,3.0,2.0,4.0,4.0,3.0,4.0,5.0,5.0,5.0,-0.24776158965305603,-0.6660454890787506,-0.5069435689295274,-0.34243681135051446,-0.5059784149050897,-0.5045188738320073,-1.505064042759313,0.004712197677998546,-0.5072348939825487,-0.9995684570034009,-1.025382612461687,-1.0089200735607025,-1.0382133153085837,-0.3385700831081138,0.9960580339291931
1,0,1,0.35,0.15,0.85,-1.174887530095926,-0.9380649629426359,0.29056663019473733,-0.055709451501061526,-1.0,-0.137092732102311,0.6266194110499668,1.318737952589873,-0.4450869059599569,-0.9163008142793204,-0.2994747326037792,0.608271544507259,-0.4614360515446387,1.5480195952180917,-0.6222188978451502,-0.3842960200709022,0.17412476312667102,0.4050720569324513,-0.3877400813400482,-0.34711780366902534,3.0,2.0,3.0,2.0,4.0,4.0,4.0,3.0,3.0,3.0,3.0,2.0,3.0,4.0,2.0,4.0,2.0,2.0,4.0,5.0,5.0,4.0,3.0,3.0,4.0,3.0,2.0,3.0,4.0,5.0,6.0,4.0,4.0,1.0,2.0,4.0,4.0,4.0,2.0,5.0,4.0,3.0,4.0,4.0,3.0,3.0,3.0,3.0,3.0,4.0,5.0,-1.518333844284113,-0.003622625037724597,-1.011129869030378,-1.0209493787323387,-1.5234998148713348,0.514872063034558,-0.7564311510241106,-1.0005566402949864,0.7658252320912989,-1.6645620250721915,-0.6881550317959728,0.0010520542998551361,-0.3464314081794914,-0.9981891186916533,-0.014740816569775791
1,0,0,0.35,0.15,0.85,0.2751432387301463,-1.4148591254752725,-0.8834867924050157,-1.015852831288066,-1.0,-1.3440845987234606,-1.0139227861579925,0.9108462815565608,-1.2032277820587525,0.8675050173100458,0.2342269344860071,-0.678370868414298,0.6276481801723173,-0.24072491637525395,-1.2527644044979707,-0.8078574814697694,0.3570001691997988,-0.6675164792160123,0.8525224841847655,-0.4773269960469364,2.0,2.0,2.0,2.0,2.0,3.0,2.0,4.0,2.0,2.0,2.0,2.0,2.0,3.0,4.0,4.0,5.0,6.0,5.0,4.0,4.0,3.0,2.0,3.0,3.0,3.0,4.0,4.0,4.0,4.0,3.0,2.0,4.0,2.0,2.0,2.0,3.0,4.0,4.0,4.0,4.0,5.0,3.0,2.0,2.0,4.0,5.0,3.0,3.0,3.0,3.0,-2.026562746136536,-1.6596797851402898,-1.515316169131229,-1.699461946114163,0.7659233350527167,0.005176594601275346,-1.2555197455142455,0.004712197677998546,-0.7618469191973182,-1.997058809106587,-0.35092745113025897,0.337709430253374,-1.729995222437676,-0.008760565316343828,-1.0255396670687447
0,1,1,0.35,0.15,0.85,1.3152203014868737,1.2501009242544865,-1.601820509463338,0.7729338833347768,-1.0,-0.8031485711558467,1.6682966781531139,1.9175254029892477,-0.8676307935652747,1.4166847086939616,0.9403569883472227,0.43874456705927967,1.09518504151356,-1.2542923053703277,1.2237032541191304,-0.24090946109054312,0.24471752863182406,0.24674266061734612,-0.47883288503513566,-1.231099597508575,2.0,3.0,3.0,4.0,4.0,6.0,4.0,4.0,4.0,4.0,4.0,2.0,4.0,2.0,5.0,5.0,4.0,3.0,5.0,4.0,5.0,5.0,3.0,3.0,4.0,5.0,4.0,4.0,6.0,3.0,3.0,2.0,2.0,4.0,4.0,4.0,5.0,3.0,4.0,5.0,4.0,5.0,5.0,3.0,5.0,4.0,4.0,4.0,3.0,2.0,3.0,-1.0101049424316901,0.6588002390033019,-0.0027572688286767065,-1.360205662423251,0.25716263506959414,0.7697197972511993,-0.25734255653397575,0.6748914229933222,-1.5256829948416268,-0.002078104900214853,-0.013699870464544755,0.6743668062068938,0.3453504989496009,-0.008760565316343828,-1.3624726172350679
1,1,0,0.35,0.15,0.85,-1.4950918202341041,1.278097424075989,-0.27944366216935085,-1.1858469221184353,1.0,0.6395959098522948,1.7297852336693786,1.9150303138624554,1.9136706721594323,0.22127925763432904,-0.341814785319915,0.39408559238094254,0.04352400881763825,0.8993221611604855,0.9555918208481051,-0.7971715025831291,-1.0060952982399627,0.9522004795172592,-2.234063543951879,-1.3892041496867966,4.0,5.0,4.0,5.0,5.0,5.0,6.0,4.0,4.0,4.0,4.0,4.0,5.0,3.0,4.0,4.0,5.0,5.0,4.0,3.0,3.0,2.0,3.0,3.0,2.0,5.0,5.0,4.0,3.0,5.0,6.0,4.0,4.0,5.0,4.0,4.0,3.0,4.0,2.0,4.0,4.0,2.0,4.0,3.0,3.0,3.0,2.0,3.0,3.0,3.0,3.0,0.5145817631255781,1.3212231030443273,-0.0027572688286767065,-0.003180527659602121,0.5115429850611555,-1.01421434226529,-0.7564311510241106,0.004712197677998546,0.7658252320912989,0.3304186791341802,-1.025382612461687,-0.672262697607183,-0.6923223617440373,-1.3279986364834233,-1.0255396670687447
0,1,0,0.35,0.15,0.85,1.852872646223039,-0.03589491155559746,-0.3286752868326304,-1.1204354576292486,-1.0,-0.07854010533915334,-0.24504847573850252,2.2641957464539777,0.6395102796508527,0.861678736524072,0.19615951219779398,0.592440794553336,-0.24443453503750265,-1.2143493719411502,0.934202334775251,-0.8756623464650306,0.7514116677591693,0.8516439259115378,-0.2347729981947021,0.32474656351060727,4.0,3.0,3.0,3.0,4.0,3.0,4.0,5.0,4.0,4.0,4.0,4.0,4.0,3.0,5.0,5.0,6.0,4.0,5.0,4.0,3.0,5.0,3.0,3.0,3.0,4.0,4.0,4.0,4.0,3.0,2.0,2.0,2.0,5.0,4.0,5.0,3.0,4.0,3.0,4.0,5.0,4.0,4.0,5.0,4.0,4.0,4.0,4.0,5.0,4.0,4.0,-0.7559904915054788,-0.3348340570582378,0.24933588122174866,-0.34243681135051446,1.020303685044278,0.2600243288179167,-0.7564311510241106,0.004712197677998546,-1.7802950200563963,0.6629154631685762,-0.6881550317959728,0.337709430253374,0.3453504989496009,-0.008760565316343828,0.32219213359654686
1,0,0,0.35,0.15,0.85,1.5575929183630588,-0.46436240576209387,-0.9060837222081368,1.66581829470385,-1.0,1.3975452293286013,0.910545605707856,3.3555961331768573,0.5202528035653529,0.3829009372654357,0.9439734978715907,0.814270133904368,0.015744676057512397,-0.0442573616606764,0.6961157570886506,-0.7759161244397295,0.033866545355772215,-1.2711778525293775,-0.7222510711846769,0.9327361846310767,5.0,6.0,4.0,6.0,5.0,5.0,5.0,7.0,6.0,6.0,6.0,3.0,3.0,4.0,4.0,5.0,5.0,5.0,6.0,4.0,5.0,5.0,4.0,4.0,4.0,6.0,2.0,4.0,4.0,4.0,3.0,1.0,4.0,4.0,5.0,3.0,4.0,3.0,4.0,4.0,5.0,4.0,3.0,4.0,4.0,4.0,3.0,4.0,5.0,6.0,4.0,1.2769251159042123,0.9900116710238146,2.2660810816251513,-0.6816930950414264,0.7659233350527167,1.0245675314678406,0.4912903352012265,-0.6654670276373246,-1.0164589444120877,-0.002078104900214853,-0.35092745113025897,0.337709430253374,-0.3464314081794914,-0.3385700831081138,0.9960580339291931
0,0,1,0.35,0.15,0.85,-1.2243607972779105,-0.029441367312069484,0.09088225660143752,-0.23617769373152853,-1.0,0.4674286122336662,1.147956015874845,2.0467256136912884,1.9978816758303286,-0.04849273627766548,-0.17905446614990228,-0.05972081845518873,0.03403055339611805,0.582988614836737,1.6446816465280802,-0.4173149330344714,-1.6169702083263162,-1.2375638203322918,0.48224162506305135,-0.5102592503333158,3.0,4.0,3.0,4.0,5.0,5.0,5.0,4.0,4.0,5.0,4.0,6.0,4.0,6.0,4.0,4.0,3.0,4.0,4.0,4.0,3.0,4.0,4.0,2.0,3.0,3.0,4.0,3.0,4.0,5.0,5.0,4.0,4.0,6.0,5.0,5.0,4.0,3.0,3.0,2.0,2.0,2.0,4.0,3.0,3.0,4.0,4.0,5.0,5.0,3.0,3.0,-0.5018760405792674,0.9900116710238146,0.24933588122174866,1.3538446071040464,-0.2515980649135284,-0.249671139615366,-1.005975448269178,-0.3303774149796632,0.5112132068765295,1.3279090312373663,-0.6881550317959728,-2.01889220142126,-0.6923223617440373,0.3210489524754257,-0.3516737667360989
1,1,0,0.35,0.15,0.85,-0.858624605088133,-0.08984070219574312,1.5668790688956755,0.720016955167395,1.0,0.4533000643763859,1.387633650886465,0.9314242369074852,0.5109723173307877,0.1764996071486004,-0.059625204298294474,0.26232411842536707,0.006021108673044562,0.07450036377110578,0.6343917940587233,-0.30915571016737736,-1.1063066995512616,0.0815751545525027,0.30635576475243037,0.43320874167300116,4.0,4.0,3.0,4.0,4.0,6.0,5.0,3.0,4.0,4.0,4.0,4.0,4.0,5.0,5.0,5.0,3.0,5.0,4.0,6.0,4.0,4.0,3.0,5.0,4.0,2.0,4.0,4.0,4.0,4.0,4.0,3.0,4.0,6.0,4.0,4.0,4.0,5.0,5.0,4.0,2.0,3.0,3.0,4.0,4.0,4.0,4.0,5.0,5.0,3.0,4.0,-0.24776158965305603,0.9900116710238146,-0.25485041887910204,0.3360757560313098,0.5115429850611555,0.514872063034558,-0.5068868537790432,0.004712197677998546,-0.2526228687677792,0.6629154631685762,0.6607552908668837,-1.0089200735607025,-0.3464314081794914,0.3210489524754257,-0.014740816569775791
1,1,0,0.35,0.15,0.85,0.6631458621556884,1.638952856834419,-1.2224584549380184,-0.01117406516695952,1.0,1.6368835386400988,1.7144278787737823,2.5867029678625677,2.288714622900437,0.5307690472903416,1.687114539017319,1.1044580484537438,0.09780507033599722,-0.6034762561759963,1.394135461257614,-0.7987920825433803,0.17202838829706765,-0.5649345877609454,-0.02663537146748192,1.392328227996241,4.0,4.0,5.0,7.0,6.0,5.0,7.0,5.0,5.0,4.0,4.0,7.0,5.0,3.0,5.0,4.0,4.0,5.0,6.0,6.0,6.0,7.0,5.0,4.0,4.0,4.0,4.0,4.0,4.0,3.0,2.0,3.0,2.0,5.0,5.0,4.0,4.0,3.0,3.0,5.0,4.0,3.0,4.0,3.0,3.0,4.0,4.0,4.0,7.0,5.0,6.0,1.0228106649780009,1.983645967085354,0.501429031272174,1.0145883234131345,0.5115429850611555,2.2988062025510474,0.24174603795615907,0.004712197677998546,-1.5256829948416268,0.6629154631685762,-0.6881550317959728,0.0010520542998551361,-0.6923223617440373,-0.008760565316343828,2.006856884428162
0,0,0,0.35,0.15,0.85,-0.5282169574502353,1.2604751289949436,-0.8313911072283409,0.5327612250845282,-1.0,-0.6365934409613906,0.07654299821449395,0.8642891714962707,-0.7141796553287945,0.939579015128289,0.8156843737093844,-0.6626262086078798,-1.8536987332458343,0.30890382607851796,-0.6709567999303097,0.9730212489848744,-1.2927790986881715,-2.059695103732313,1.3723340587148314,-0.7250399337377573,2.0,3.0,4.0,3.0,4.0,4.0,3.0,2.0,4.0,4.0,4.0,3.0,1.0,3.0,5.0,4.0,5.0,6.0,4.0,4.0,5.0,5.0,1.0,3.0,2.0,3.0,2.0,2.0,2.0,4.0,3.0,4.0,5.0,3.0,4.0,3.0,5.0,4.0,5.0,4.0,3.0,2.0,2.0,2.0,1.0,5.0,6.0,5.0,3.0,4.0,4.0,-1.0101049424316901,-0.3348340570582378,-0.5069435689295274,-1.699461946114163,1.020303685044278,0.514872063034558,-1.7546083400043804,-2.005825478267971,0.001989156446990387,-0.6670716729690054,0.6607552908668837,-1.0089200735607025,-2.4217771295667685,1.3104775058507352,-0.3516737667360989
0,0,1,0.35,0.15,0.85,0.022613035945024337,0.14226466579328087,-0.7437180210565061,0.9522465681131517,-1.0,-0.10838518904808,0.1794711320524209,2.285891384772143,0.39977303184902674,-0.363880191178496,-0.05601216410694075,1.0086165170463777,2.430566826758357,0.950251094789387,0.277563796471642,0.4690402888762699,-0.4063169122429211,1.0889647053774505,-1.149332285800858,-2.196458829242612,3.0,4.0,3.0,4.0,4.0,4.0,4.0,4.0,4.0,4.0,4.0,5.0,4.0,3.0,4.0,5.0,4.0,3.0,4.0,5.0,3.0,5.0,4.0,3.0,4.0,4.0,6.0,6.0,5.0,4.0,5.0,3.0,4.0,4.0,3.0,3.0,5.0,7.0,5.0,4.0,3.0,3.0,4.0,4.0,4.0,2.0,3.0,3.0,1.0,2.0,2.0,-0.5018760405792674,-0.003622625037724597,-0.0027572688286767065,-0.003180527659602121,0.002782285078032882,0.2600243288179167,-0.25734255653397575,1.680160260966307,0.001989156446990387,-0.6670716729690054,1.672438032864026,-0.672262697607183,-0.0005404546149450336,-1.3279986364834233,-2.3732714677340363
0,0,1,0.35,0.15,0.85,0.6431350652993545,-0.6473024194117326,-3.0016284315736304,0.40186281152319697,1.0,0.2709437454211013,0.7039357157358945,3.7289349810654766,2.1419121186131047,-0.735905065741806,-0.5091358907434096,2.7533001944121964,1.5385932313241533,1.4368325068812051,2.8808356720620436,0.5037616614325496,1.677068592041501,1.0548857070653064,-1.8037464189634247,1.9345154426950981,4.0,4.0,4.0,4.0,4.0,5.0,4.0,6.0,6.0,7.0,6.0,5.0,5.0,4.0,3.0,3.0,3.0,5.0,3.0,4.0,3.0,3.0,6.0,7.0,6.0,7.0,5.0,6.0,7.0,5.0,6.0,5.0,3.0,6.0,7.0,7.0,5.0,4.0,4.0,6.0,7.0,5.0,4.0,5.0,5.0,2.0,3.0,3.0,5.0,6.0,5.0,0.0063528612731553755,0.3275888069827882,2.2660810816251513,0.6753320397222226,-0.5059784149050897,-0.7593666080486486,2.4876447131617656,2.0152498736239686,0.7658252320912989,2.657896167374948,0.32352771020116905,2.02099631002097,0.6912414525141477,-1.3279986364834233,1.3329909840955156
0,0,1,0.35,0.15,0.85,-1.1407314233620804,0.3202638044652016,-1.3208571226360817,-0.9682718991446666,-1.0,0.30769863800940633,-0.02958887546169288,2.37368036256922,0.8396805064024704,-0.6706069867163422,-0.2688341083802849,0.579402207021424,0.4323905669232826,0.3491470601501565,1.6250048294187782,0.08823852982524555,0.7112075002879189,0.1871952098892103,-0.732234409200166,-0.9241328661346684,3.0,3.0,4.0,4.0,4.0,3.0,4.0,4.0,5.0,5.0,4.0,3.0,4.0,4.0,3.0,4.0,4.0,3.0,4.0,4.0,3.0,4.0,3.0,4.0,3.0,4.0,5.0,5.0,4.0,3.0,4.0,4.0,4.0,5.0,5.0,5.0,4.0,3.0,3.0,4.0,5.0,6.0,4.0,5.0,4.0,3.0,3.0,3.0,3.0,3.0,4.0,-0.5018760405792674,-0.3348340570582378,0.501429031272174,-0.34243681135051446,-0.5059784149050897,-0.249671139615366,-0.5068868537790432,0.6748914229933222,-0.2526228687677792,0.9954122472029713,-0.6881550317959728,1.0110241821604127,0.3453504989496009,-0.9981891186916533,-0.6886067169024216
0,0,1,0.35,0.15,0.85,-1.102643402081261,2.619223200062991,-0.5886580634235525,-0.1304214971559685,-1.0,0.38999706069097173,-0.8327095435281409,1.7122737255839144,0.6885801951313433,0.31056659751227383,-0.40155901090213325,0.5003174889572488,0.569221118014956,-0.8226448446619075,0.1812090234726608,-0.619856582273537,0.4476324434003865,0.3934027254867404,0.12160525376857387,-0.5982105755900905,5.0,5.0,4.0,5.0,2.0,3.0,3.0,5.0,4.0,4.0,4.0,4.0,4.0,3.0,5.0,6.0,4.0,4.0,3.0,3.0,4.0,3.0,4.0,3.0,3.0,3.0,5.0,4.0,4.0,2.0,3.0,2.0,3.0,3.0,4.0,3.0,4.0,5.0,3.0,5.0,5.0,5.0,5.0,4.0,5.0,5.0,4.0,4.0,3.0,3.0,4.0,0.7686962140517896,-1.328468353119777,0.24933588122174866,-0.34243681135051446,0.7659233350527167,-0.7593666080486486,-0.7564311510241106,0.33980181033565987,-1.5256829948416268,-0.6670716729690054,-0.013699870464544755,1.0110241821604127,0.6912414525141477,0.3210489524754257,-0.6886067169024216
1,1,0,0.35,0.15,0.85,-1.4356730645659064,-0.20895282149572822,0.9550692094883789,-0.6947361750765272,1.0,0.1199932100096106,0.5781758604351459,2.2782250586238244,3.0777961930766047,-0.4490687313095969,-1.0828843216720483,1.753220123060054,1.968733607076027,1.3236086582406135,1.6225319330193086,-0.6101197895862013,1.2251648530155728,-0.03419976002803865,0.24569841932437708,0.3468168096086684,2.0,4.0,3.0,4.0,5.0,5.0,3.0,4.0,5.0,2.0,5.0,6.0,6.0,7.0,3.0,4.0,3.0,4.0,3.0,4.0,4.0,2.0,4.0,6.0,5.0,6.0,6.0,5.0,7.0,5.0,5.0,6.0,5.0,6.0,6.0,5.0,4.0,4.0,3.0,6.0,5.0,5.0,4.0,4.0,5.0,4.0,6.0,3.0,4.0,5.0,6.0,-0.7559904915054788,0.3275888069827882,-0.0027572688286767065,2.371613458176783,-0.5059784149050897,-0.7593666080486486,1.2399232269364286,2.0152498736239686,1.2750492825208382,1.6604058152717622,-0.35092745113025897,1.3476815581139316,0.3453504989496009,0.3210489524754257,0.9960580339291931
0,1,1,0.35,0.15,0.85,0.34085112382012733,-0.9357685086324853,-1.989231820342557,-1.2410657632986257,-1.0,-0.4974443436035311,0.1823917615166814,2.3485793474261287,-0.3104235047454224,0.034630273379745155,-0.36034366794447453,-0.526024043401785,1.15863553066365,0.04335031298386682,-0.5253247389942473,-1.7835690939065825,-1.0389059934535543,-0.33818977741031386,1.5186289241398128,-0.16835236820104993,4.0,3.0,2.0,4.0,5.0,4.0,5.0,4.0,4.0,4.0,4.0,2.0,3.0,3.0,5.0,4.0,5.0,4.0,4.0,6.0,5.0,4.0,2.0,2.0,3.0,3.0,6.0,4.0,5.0,3.0,4.0,4.0,3.0,3.0,3.0,3.0,1.0,5.0,3.0,4.0,2.0,3.0,5.0,4.0,2.0,6.0,6.0,6.0,4.0,3.0,4.0,-0.7559904915054788,0.6588002390033019,-0.0027572688286767065,-1.360205662423251,0.5115429850611555,0.7697197972511993,-1.505064042759313,1.0099810356509835,-0.5072348939825487,-0.9995684570034009,-1.025382612461687,-1.0089200735607025,-0.3464314081794914,1.9700965414342753,-0.3516737667360989
1,1,0,0.35,0.15,0.85,-0.18121037677611976,0.6961900336311755,1.4370039758730506,1.2910557839942065,-1.0,0.09569944175988765,1.7506228671296329,1.1552625845963973,-0.5192053389675956,0.7648879123276748,0.5896142804694886,0.6016854638990279,-0.4509230827777246,0.2524904927499293,-1.1163003597076582,1.8371818374843212,-0.6188931800206121,-0.8685681781821732,-0.029637081254679454,-0.5034886079922526,4.0,4.0,4.0,4.0,5.0,5.0,5.0,2.0,3.0,4.0,2.0,4.0,2.0,5.0,6.0,5.0,5.0,6.0,5.0,4.0,6.0,4.0,4.0,4.0,4.0,4.0,4.0,3.0,2.0,3.0,4.0,4.0,3.0,2.0,2.0,3.0,5.0,6.0,5.0,4.0,4.0,3.0,4.0,3.0,3.0,4.0,5.0,3.0,4.0,5.0,2.0,0.0063528612731553755,0.9900116710238146,-1.2632230190808036,-0.34243681135051446,1.5290643850274006,0.7697197972511993,-0.0077982592889083565,-1.0005566402949864,-0.5072348939825487,-1.6645620250721915,1.3352104521983112,-0.3356053216536642,-0.6923223617440373,-0.008760565316343828,-0.3516737667360989
1,1,0,0.35,0.15,0.85,0.09094624987017141,-1.6234631935029664,0.4210225177254344,0.31098003269179925,-1.0,1.2343693307590096,0.8303143399841052,2.4904459794550187,1.6308893218016065,1.240216996044869,0.4346679479998005,0.2969108253495126,1.4993453990339791,-0.07540154104760066,1.013503775650142,-0.4690846969698226,0.00012622627042280232,0.12239907373871467,-1.4424509587172403,1.7198485238952483,5.0,5.0,5.0,5.0,4.0,4.0,4.0,5.0,5.0,4.0,5.0,5.0,6.0,5.0,4.0,6.0,5.0,5.0,3.0,4.0,4.0,3.0,4.0,4.0,3.0,4.0,5.0,5.0,5.0,3.0,3.0,3.0,4.0,4.0,6.0,6.0,4.0,4.0,3.0,3.0,5.0,3.0,3.0,3.0,5.0,2.0,1.0,3.0,6.0,6.0,5.0,1.0228106649780009,-0.003622625037724597,0.7535221813225994,1.3538446071040464,1.020303685044278,-0.5045188738320073,-0.25734255653397575,1.0099810356509835,-0.7618469191973182,1.3279090312373663,-0.35092745113025897,-0.3356053216536642,-0.3464314081794914,-1.9876176720669627,1.6699239342618393
0,1,1,0.35,0.15,0.85,0.9699296312450594,1.8713118604873582,-0.6415583721781174,-0.3437002196127284,-1.0,0.6249300550003385,0.09553645678083345,2.0480854193515694,0.7360420258395612,-0.4707157187398504,1.743223179653333,-0.6779132037748974,-0.07287637196427843,0.2855158101589449,-0.7208035261122554,1.297918046339905,-1.3538069974769362,-1.8324350980049178,1.3843267879067764,-1.6007057906995947,5.0,4.0,4.0,4.0,3.0,4.0,3.0,5.0,5.0,4.0,5.0,3.0,4.0,4.0,3.0,4.0,2.0,4.0,5.0,6.0,6.0,6.0,2.0,2.0,3.0,3.0,4.0,4.0,4.0,3.0,4.0,4.0,5.0,3.0,4.0,3.0,5.0,5.0,7.0,2.0,3.0,3.0,2.0,2.0,3.0,7.0,6.0,4.0,3.0,3.0,3.0,0.26046731219936675,-0.6660454890787506,0.7535221813225994,-0.34243681135051446,-0.760358764896651,1.7891107341177648,-1.505064042759313,0.004712197677998546,0.001989156446990387,-0.6670716729690054,1.672438032864026,-1.3455774495142216,-1.729995222437676,1.6402870236425056,-1.0255396670687447
0,1,1,0.35,0.15,0.85,1.784243521077992,-0.7350727355881982,-0.1677294793675764,0.7160968878316138,-1.0,-0.7278059157019123,1.4667006660652588,2.428381104154143,0.07808728736507847,1.0075128932398107,1.3420468812912651,0.685834774569819,0.049964995055572586,-0.4947216229365686,1.7522073723879354,0.9839584197717,-0.47802507130676974,0.9747367521813665,0.21822996650284698,-0.5659015884266724,3.0,3.0,3.0,3.0,5.0,5.0,6.0,3.0,4.0,5.0,6.0,5.0,4.0,3.0,5.0,5.0,5.0,6.0,6.0,5.0,5.0,5.0,4.0,6.0,3.0,4.0,4.0,4.0,3.0,3.0,4.0,3.0,3.0,4.0,6.0,6.0,5.0,6.0,6.0,3.0,3.0,3.0,5.0,4.0,6.0,4.0,4.0,3.0,3.0,4.0,4.0,-1.0101049424316901,1.3212231030443273,0.501429031272174,-0.003180527659602121,1.2746840350358393,1.279415265684482,0.24174603795615907,-0.3303774149796632,-0.7618469191973182,1.3279090312373663,1.672438032864026,-1.0089200735607025,1.0371324060786937,-0.3385700831081138,-0.3516737667360989
0,0,1,0.35,0.15,0.85,-0.21303806974636272,-0.8939819213675504,0.24181629404348878,-0.3107624744640925,1.0,-0.06438620303514195,0.36301762116238906,1.8913165553545948,2.087939450502697,0.46620888267935695,0.7520845706438755,1.1947910382049292,-0.19350917462492329,0.9516091856666301,-0.32240693430479,-0.08232200924772004,0.6886132452883613,-0.0347577288366718,-0.20079293877211973,1.5925394654692073,4.0,4.0,4.0,4.0,4.0,3.0,3.0,4.0,4.0,5.0,4.0,6.0,5.0,4.0,4.0,4.0,3.0,7.0,5.0,4.0,5.0,5.0,5.0,4.0,5.0,5.0,3.0,4.0,5.0,5.0,3.0,5.0,5.0,3.0,3.0,5.0,4.0,5.0,3.0,5.0,5.0,4.0,5.0,2.0,4.0,4.0,4.0,3.0,6.0,7.0,5.0,0.0063528612731553755,-0.6660454890787506,0.24933588122174866,1.0145883234131345,0.5115429850611555,0.7697197972511993,0.7408346324462939,0.004712197677998546,0.5112132068765295,-0.33457488893461035,-0.013699870464544755,0.6743668062068938,-0.3464314081794914,-0.3385700831081138,2.006856884428162
1,0,0,0.35,0.15,0.85,1.1463498431311485,-1.1202003746560547,-0.5039654645845282,1.2730525241035262,1.0,0.6756328746576834,1.6094732016244553,-0.10208792560322566,-0.10229347445067741,-0.35865595850158805,-1.514953657950318,1.3126307863763986,0.8158385766098554,0.9552606019626625,0.86408230623926,-1.1959533540993275,0.005818360790069643,1.23494017417979,-1.4618124065390525,0.03679007134903357,4.0,5.0,4.0,3.0,5.0,5.0,5.0,1.0,3.0,1.0,1.0,3.0,3.0,4.0,3.0,4.0,3.0,3.0,3.0,4.0,3.0,3.0,5.0,4.0,4.0,5.0,3.0,4.0,5.0,3.0,4.0,4.0,4.0,5.0,4.0,4.0,3.0,4.0,3.0,3.0,4.0,3.0,5.0,5.0,3.0,2.0,3.0,2.0,3.0,4.0,3.0,0.0063528612731553755,0.9900116710238146,-2.52368876933293,-0.6816930950414264,-0.760358764896651,-0.7593666080486486,0.4912903352012265,0.004712197677998546,-0.2526228687677792,0.3304186791341802,-0.6881550317959728,-0.672262697607183,0.3453504989496009,-1.6578081542751928,-0.6886067169024216
1,0,0,0.35,0.15,0.85,-1.0534666234190229,1.7116199038123152,1.2812773568006093,-0.08089621558318943,-1.0,1.5449173887786096,0.3842417653139297,1.8042161983291272,-0.31038865645539715,0.30382352807421764,1.2964412484485037,-0.04874065058898442,-0.6486881255429731,1.9534575298096832,0.04724274197048605,-1.5956198845438647,-2.3211818082230504,1.203530775004021,1.6763258215530037,1.060138090526327,6.0,6.0,4.0,6.0,4.0,4.0,4.0,4.0,4.0,4.0,4.0,3.0,2.0,2.0,4.0,3.0,4.0,4.0,5.0,6.0,5.0,6.0,3.0,3.0,4.0,4.0,2.0,2.0,3.0,7.0,7.0,7.0,5.0,2.0,4.0,4.0,3.0,3.0,2.0,1.0,3.0,2.0,4.0,4.0,4.0,6.0,6.0,5.0,6.0,5.0,5.0,1.5310395668304237,-0.003622625037724597,-0.0027572688286767065,-1.699461946114163,-0.2515980649135284,1.5342629999011235,-0.5068868537790432,-1.6707358656103095,2.548109408594686,-0.6670716729690054,-1.3626101931274013,-2.01889220142126,-0.0005404546149450336,1.6402870236425056,1.3329909840955156
0,1,1,0.35,0.15,0.85,0.9308419240597475,-0.14737476623578719,-0.258931615378617,0.33261223221411607,1.0,0.2558271988043917,1.5051076137410033,0.831851539514781,0.5143496523752937,-0.05848951655668455,0.4017504140878816,0.9694928808548002,-0.4855601194741863,0.551193054673607,0.9936291849773395,-0.2802098714180164,-0.7163126582218587,0.04271636882005369,-0.9152871408078485,-0.5519387660262871,4.0,4.0,4.0,4.0,5.0,5.0,5.0,3.0,2.0,2.0,3.0,3.0,3.0,5.0,4.0,5.0,4.0,4.0,6.0,6.0,5.0,5.0,5.0,4.0,4.0,3.0,3.0,2.0,2.0,3.0,4.0,4.0,4.0,5.0,5.0,5.0,4.0,4.0,4.0,4.0,3.0,3.0,3.0,4.0,3.0,4.0,3.0,3.0,4.0,4.0,3.0,0.0063528612731553755,0.9900116710238146,-1.515316169131229,-0.34243681135051446,0.25716263506959414,1.5342629999011235,-0.0077982592889083565,-1.6707358656103095,-0.2526228687677792,0.9954122472029713,-0.013699870464544755,-0.672262697607183,-0.6923223617440373,-0.6683796008998834,-0.3516737667360989
1,1,1,0.35,0.15,0.85,0.0748131503043308,-0.10710163044435508,1.3447259407288878,-0.5960058867444656,-1.0,0.7321441749409114,1.2175594465828485,0.9343587095041153,-0.42188046798764967,-0.8592957767966782,-0.5651149933721922,0.13432168447485493,0.6705396159045676,0.41218998940744617,0.911907861934468,0.15106847705528614,-1.2392931178220343,0.6766228022727121,0.4706569772222977,1.3549093779704253,4.0,4.0,4.0,4.0,5.0,5.0,7.0,3.0,3.0,3.0,2.0,3.0,4.0,1.0,3.0,3.0,4.0,2.0,3.0,4.0,3.0,5.0,4.0,3.0,2.0,2.0,4.0,5.0,6.0,4.0,5.0,4.0,4.0,5.0,4.0,6.0,5.0,6.0,4.0,3.0,4.0,3.0,5.0,5.0,4.0,4.0,5.0,4.0,5.0,4.0,6.0,0.0063528612731553755,1.652434535064841,-1.2632230190808036,-1.360205662423251,-1.0147391148882123,-0.249671139615366,-1.2555197455142455,1.0099810356509835,0.25660118166175994,0.9954122472029713,0.9979828715325975,-0.672262697607183,0.6912414525141477,0.3210489524754257,0.9960580339291931
1,0,0,0.35,0.15,0.85,1.130189754631559,1.1872335740101663,-0.6607530868279408,-0.30152041497536863,-1.0,1.299973374163715,-0.1696233133719851,2.5983784601839224,1.1481356042464985,1.341006975960397,2.8649555093988814,-0.053964023167599184,-0.5035407355118193,-0.37937454233014023,0.6491340922489773,0.4672208179314788,-0.6981240584561056,0.0793244411401467,0.3624152972269492,1.6232054602602646,4.0,5.0,4.0,4.0,3.0,4.0,2.0,4.0,5.0,4.0,4.0,5.0,4.0,5.0,5.0,6.0,4.0,5.0,7.0,7.0,7.0,6.0,3.0,3.0,4.0,4.0,4.0,2.0,3.0,3.0,3.0,2.0,2.0,5.0,4.0,5.0,5.0,4.0,4.0,4.0,4.0,3.0,4.0,3.0,4.0,4.0,5.0,5.0,6.0,5.0,5.0,0.26046731219936675,-0.9972569210992638,0.24933588122174866,0.6753320397222226,1.020303685044278,2.80850167098433,-0.5068868537790432,-1.0005566402949864,-1.5256829948416268,0.6629154631685762,0.32352771020116905,-0.3356053216536642,-0.3464314081794914,0.6508584702671961,1.3329909840955156
0,0,1,0.35,0.15,0.85,0.216040672246804,-2.3788854120809373,0.5121024988310953,0.45833560361302184,-1.0,-1.1277717451409708,0.1980120973827444,1.1141442922167129,-0.15217696437708486,0.5503751836805891,0.25359786843075643,-0.03286628086139097,-0.3756607195601171,-0.6211457864500342,-0.879298589668211,-0.867610092762512,-0.3369325440572358,-1.4887301189627389,0.40912425509362493,0.9074251424774102,3.0,2.0,3.0,3.0,5.0,5.0,4.0,3.0,4.0,4.0,4.0,4.0,3.0,4.0,4.0,5.0,4.0,4.0,4.0,4.0,3.0,4.0,4.0,3.0,4.0,2.0,3.0,4.0,4.0,3.0,2.0,3.0,3.0,3.0,3.0,3.0,4.0,4.0,3.0,5.0,4.0,4.0,4.0,2.0,2.0,5.0,5.0,4.0,5.0,6.0,5.0,-1.2642193933579016,0.6588002390033019,-0.25485041887910204,-0.34243681135051446,0.25716263506959414,-0.249671139615366,-0.7564311510241106,-0.3303774149796632,-1.2710709696268574,-0.9995684570034009,-0.35092745113025897,0.337709430253374,-1.38410426887313,0.6508584702671961,1.3329909840955156
1,0,0,0.35,0.15,0.85,-0.945027530037637,1.189675329940604,0.5379302888231017,1.338117401095716,-1.0,1.8894812573792064,1.060799152108353,2.6861785096111452,1.3159492933954302,-2.5026716409732197,-0.523354919561932,0.7187123244931362,0.47223506304500384,-0.8861206009127359,0.9801495852837481,-0.5776784541203036,-0.17779592427895247,-0.05474623194755855,-2.2823504160800865,-0.014008796790495144,7.0,5.0,6.0,5.0,5.0,3.0,5.0,5.0,6.0,4.0,3.0,5.0,4.0,3.0,1.0,3.0,2.0,2.0,3.0,4.0,4.0,3.0,5.0,3.0,4.0,5.0,5.0,4.0,4.0,2.0,2.0,4.0,4.0,3.0,4.0,4.0,4.0,3.0,4.0,3.0,4.0,4.0,3.0,4.0,3.0,2.0,1.0,3.0,4.0,5.0,4.0,1.7851540177566352,0.3275888069827882,0.501429031272174,-0.003180527659602121,-2.0322605148544572,-0.5045188738320073,0.24174603795615907,0.33980181033565987,-1.0164589444120877,-0.33457488893461035,-0.35092745113025897,-0.3356053216536642,-0.6923223617440373,-1.9876176720669627,0.32219213359654686
1,0,0,0.35,0.15,0.85,0.8930352687581411,0.30486852092418454,1.138212198640558,0.5422079557610714,1.0,1.409336938675979,0.3217335181456681,2.099658266556072,2.058651889649716,1.0696565016202317,1.4329624690375518,1.3597998904747821,0.3360533743621985,1.4638081079511336,0.920096979364251,1.1550236392421929,0.5109826640255514,0.5204557210147482,0.137565770737624,0.6210270170576303,4.0,5.0,5.0,6.0,3.0,3.0,4.0,4.0,5.0,5.0,4.0,5.0,5.0,5.0,4.0,4.0,5.0,6.0,5.0,5.0,6.0,7.0,5.0,5.0,5.0,6.0,5.0,4.0,4.0,5.0,5.0,5.0,5.0,4.0,5.0,4.0,4.0,4.0,6.0,5.0,5.0,5.0,5.0,4.0,4.0,3.0,5.0,3.0,4.0,4.0,3.0,1.0228106649780009,-0.6660454890787506,0.501429031272174,1.0145883234131345,0.7659233350527167,1.7891107341177648,1.2399232269364286,0.33980181033565987,1.0204372573060685,0.3304186791341802,0.6607552908668837,1.0110241821604127,0.3453504989496009,-0.3385700831081138,-0.3516737667360989
0,0,1,0.35,0.15,0.85,0.699909985598586,0.9409595079621381,-1.7020590207598447,0.645061028220407,1.0,-0.012541924201421056,-0.20181551362579842,1.8817289876932615,2.2496575195604667,-0.5754916447117204,-0.27884312870322564,0.039752299138332337,-0.12043695058314105,0.3783668768729448,-0.5834133099244563,0.40418372570661526,-0.638676680825276,-0.19299646159757947,-1.380574153747756,1.136375536808469,3.0,4.0,3.0,3.0,3.0,3.0,5.0,4.0,4.0,4.0,4.0,4.0,5.0,5.0,3.0,3.0,4.0,4.0,4.0,3.0,4.0,4.0,3.0,3.0,4.0,3.0,3.0,4.0,4.0,4.0,5.0,4.0,4.0,3.0,3.0,4.0,5.0,5.0,5.0,3.0,3.0,4.0,3.0,4.0,5.0,1.0,3.0,3.0,4.0,5.0,3.0,-0.7559904915054788,-0.3348340570582378,-0.0027572688286767065,0.6753320397222226,-0.5059784149050897,-0.249671139615366,-0.7564311510241106,-0.3303774149796632,0.25660118166175994,-0.6670716729690054,0.9979828715325975,-0.672262697607183,-0.0005404546149450336,-1.6578081542751928,-0.014740816569775791
1,1,1,0.35,0.15,0.85,-0.7995458238357348,0.9502671924722503,0.7804306241123055,-2.5237568088756275,-1.0,0.10410089623468366,-0.6281106556207742,2.0317858568277973,-1.3717438576162881,-1.7413325136725155,-0.6893527523958438,0.346615722897538,-0.41811807796165346,1.8295827280612087,0.20948219193915435,0.7925610921784849,-0.3011990621330528,0.8624342758458405,-1.405075569815207,-0.6158534406206039,3.0,3.0,3.0,5.0,3.0,3.0,3.0,4.0,5.0,5.0,3.0,2.0,1.0,2.0,3.0,2.0,2.0,2.0,3.0,4.0,4.0,3.0,3.0,3.0,5.0,3.0,2.0,2.0,3.0,5.0,5.0,5.0,6.0,4.0,4.0,3.0,6.0,4.0,4.0,4.0,4.0,2.0,5.0,5.0,3.0,2.0,3.0,3.0,3.0,5.0,3.0,-0.5018760405792674,-0.9972569210992638,0.24933588122174866,-2.377974513495987,-1.7778801648628961,-0.5045188738320073,-0.5068868537790432,-1.6707358656103095,1.2750492825208382,-0.33457488893461035,0.6607552908668837,-0.672262697607183,0.3453504989496009,-1.3279986364834233,-0.3516737667360989
1,0,0,0.35,0.15,0.85,-0.7838032083380425,0.1117621953807407,0.5871251903718095,0.01502411468928696,-1.0,1.3328484200631374,-0.006918695114346669,1.4872535599420031,0.6103622585908202,0.2908965609188029,0.8020704476203766,1.0050201278989652,-0.5311703523780655,-0.4333058878010508,1.088101676190385,0.12345405193584785,0.17082453264877578,1.0731039815871652,-0.8817449302599137,-0.7872815594035509,5.0,6.0,6.0,4.0,4.0,4.0,3.0,3.0,4.0,2.0,3.0,4.0,4.0,3.0,4.0,5.0,5.0,4.0,4.0,4.0,5.0,4.0,5.0,4.0,5.0,5.0,2.0,4.0,5.0,3.0,4.0,3.0,3.0,4.0,4.0,5.0,3.0,5.0,4.0,6.0,5.0,4.0,6.0,5.0,6.0,3.0,3.0,3.0,4.0,5.0,3.0,1.2769251159042123,-0.3348340570582378,-1.011129869030378,-0.34243681135051446,0.5115429850611555,0.2600243288179167,0.7408346324462939,-0.3303774149796632,-0.7618469191973182,0.3304186791341802,-0.013699870464544755,1.0110241821604127,1.7289143132077864,-0.9981891186916533,-0.014740816569775791
0,0,1,0.35,0.15,0.85,1.1154781063547767,0.18766808815981537,-1.09899409738113,0.7304607571088266,1.0,-0.9619706478842682,0.47834012983112556,1.6963823169016068,1.3770649638804742,-0.12192738503509848,-0.37228934242141026,1.1938382531457998,-0.591368300921965,0.7361374905903728,-0.5108032082013567,0.14213164247643173,0.06666189096922545,0.5439094018267714,1.2071508282929664,0.7502485256792908,3.0,3.0,3.0,2.0,4.0,4.0,4.0,4.0,3.0,5.0,4.0,4.0,4.0,5.0,4.0,3.0,4.0,3.0,3.0,3.0,4.0,4.0,5.0,5.0,6.0,4.0,3.0,3.0,3.0,5.0,4.0,6.0,4.0,3.0,4.0,3.0,6.0,4.0,6.0,4.0,4.0,3.0,4.0,4.0,6.0,5.0,6.0,5.0,5.0,4.0,4.0,-1.2642193933579016,-0.003622625037724597,-0.0027572688286767065,0.3360757560313098,-0.5059784149050897,-0.5045188738320073,0.9903789296913613,-1.0005566402949864,0.7658252320912989,-0.6670716729690054,1.3352104521983112,-0.3356053216536642,0.6912414525141477,1.3104775058507352,0.32219213359654686
1,1,0,0.35,0.15,0.85,0.4268774667495928,1.5962165470454892,-0.3207185880347039,-0.9648298196664276,1.0,0.7571779661208158,0.5288070848057717,2.460972040680258,1.1926027808532056,0.9662705666801975,-0.12558647583643967,1.0596995350777978,-0.22343550737843987,0.9671296110693549,1.5694682630597545,0.4308773694701715,0.02151194291288297,1.047867455080579,-0.39906034093457277,1.813811384162635,4.0,4.0,5.0,4.0,4.0,4.0,4.0,4.0,5.0,5.0,6.0,6.0,5.0,4.0,5.0,6.0,5.0,4.0,4.0,4.0,3.0,4.0,5.0,5.0,4.0,4.0,3.0,2.0,3.0,4.0,4.0,4.0,5.0,5.0,5.0,7.0,4.0,5.0,4.0,3.0,5.0,5.0,6.0,5.0,5.0,3.0,3.0,4.0,5.0,5.0,6.0,0.26046731219936675,-0.003622625037724597,1.0056153313730247,1.0145883234131345,1.020303685044278,-0.249671139615366,0.4912903352012265,-1.335646252952648,0.25660118166175994,1.6604058152717622,0.32352771020116905,0.337709430253374,1.3830233596432395,-0.6683796008998834,1.3329909840955156
1,1,0,0.35,0.15,0.85,0.560403235263156,1.6673708107993865,1.5229652583635265,0.27733758538345105,-1.0,-0.4051273630838499,0.45343418183195305,0.5935814897267231,-0.8555494813963003,-0.2575414315262295,-1.1351350174738615,1.3850346921041476,1.6205373356581458,-0.2874458060189564,0.7548114568764764,-2.423771985546447,0.1375122982173906,1.111887131304572,0.8463719143677171,0.80078754771607,2.0,4.0,4.0,2.0,4.0,4.0,3.0,2.0,3.0,3.0,3.0,2.0,1.0,3.0,3.0,4.0,3.0,4.0,3.0,2.0,2.0,3.0,5.0,3.0,3.0,4.0,5.0,5.0,4.0,3.0,2.0,3.0,3.0,4.0,4.0,3.0,2.0,2.0,2.0,5.0,3.0,5.0,5.0,5.0,4.0,5.0,5.0,5.0,5.0,4.0,5.0,-1.0101049424316901,-0.3348340570582378,-1.2632230190808036,-2.038718229805075,-0.5059784149050897,-1.5239098106985727,-0.25734255653397575,0.6748914229933222,-1.2710709696268574,-0.33457488893461035,-2.037065354458829,0.337709430253374,0.6912414525141477,0.9806679880589657,0.6591250837628704
0,1,0,0.35,0.15,0.85,0.14082601737046116,1.1750016625919757,0.1996691917735986,0.47313765622064113,1.0,1.2577426054206828,1.065400134362559,1.6798050859925246,1.7854475531356298,0.6409524581333959,-1.0113935899712274,1.9363665199536078,-0.21719214704103296,2.2064515098993547,-1.352080941524374,-1.4883452628690033,0.1663847672043811,0.3263678939896084,-0.3782906639970275,0.5257985878185708,5.0,5.0,4.0,5.0,4.0,5.0,6.0,4.0,5.0,4.0,5.0,5.0,5.0,5.0,4.0,4.0,4.0,4.0,3.0,3.0,3.0,3.0,5.0,5.0,5.0,4.0,3.0,5.0,3.0,5.0,5.0,5.0,5.0,3.0,2.0,2.0,2.0,3.0,4.0,4.0,4.0,3.0,5.0,3.0,2.0,3.0,3.0,3.0,5.0,5.0,5.0,0.7686962140517896,0.9900116710238146,0.501429031272174,1.0145883234131345,0.002782285078032882,-1.01421434226529,0.7408346324462939,-0.3303774149796632,1.0204372573060685,-1.6645620250721915,-1.025382612461687,-0.3356053216536642,-0.6923223617440373,-0.9981891186916533,0.9960580339291931
0,1,1,0.35,0.15,0.85,1.8849638827739865,0.7416572128489288,-1.1146060038905228,-2.037071801884029,1.0,-1.0275919092906194,0.06026243452134489,0.7987812871182464,1.9404033756829504,1.2386762333654087,2.1477100324780265,-0.04572882261515964,0.3905150296897607,-0.4667720310655392,-0.5129697157715147,-0.6028545432950768,-1.2680313947541855,-2.3243641013939254,-0.016014995911952545,1.5390691452574112,2.0,2.0,2.0,3.0,4.0,3.0,2.0,3.0,2.0,3.0,4.0,5.0,5.0,4.0,4.0,6.0,5.0,6.0,5.0,5.0,6.0,6.0,3.0,2.0,4.0,3.0,5.0,4.0,3.0,4.0,3.0,3.0,2.0,4.0,4.0,4.0,2.0,3.0,3.0,2.0,2.0,3.0,2.0,1.0,3.0,4.0,5.0,5.0,6.0,7.0,4.0,-1.7724482952103244,-0.9972569210992638,-1.011129869030378,0.6753320397222226,1.2746840350358393,1.5342629999011235,-1.005975448269178,0.004712197677998546,-1.0164589444120877,-0.002078104900214853,-1.3626101931274013,-1.6822348254677406,-2.0758861760022222,0.6508584702671961,1.6699239342618393
0,0,1,0.35,0.15,0.85,0.1363782802908571,0.5238020225917881,0.0077792493488314995,-1.1862703261507037,1.0,1.574776263774704,-0.6526748460769023,2.9616062029356223,1.120123190939206,-0.2394905791067847,1.3101166814926806,1.0987314195840747,-0.2855090458585805,0.4923849067261211,-0.6123351646133115,-0.3672629710366091,-0.2096945926807502,-0.7090024629603765,2.496666206092623,-0.7627824443455611,5.0,4.0,6.0,6.0,2.0,2.0,2.0,5.0,5.0,5.0,5.0,4.0,5.0,5.0,3.0,4.0,4.0,4.0,5.0,5.0,6.0,4.0,4.0,4.0,4.0,4.0,3.0,3.0,4.0,3.0,3.0,4.0,4.0,3.0,2.0,3.0,5.0,4.0,4.0,3.0,3.0,4.0,4.0,3.0,2.0,7.0,6.0,7.0,3.0,3.0,4.0,1.2769251159042123,-1.990891217160803,1.0056153313730247,0.6753320397222226,-0.2515980649135284,1.0245675314678406,-0.0077982592889083565,-0.6654670276373246,-0.5072348939825487,-1.3320652410377964,0.32352771020116905,-0.672262697607183,-1.0382133153085837,2.629715577017815,-0.6886067169024216
1,1,0,0.35,0.15,0.85,0.8412818992410075,1.168207605307211,0.28062576642149084,-0.5017355154327312,1.0,-0.23017664170987762,0.7404352798263465,0.37390631438847133,1.1210589192247848,-0.0014233684655621248,-1.8458296778305716,1.5319459205227037,1.3657384131800416,0.10129102082819785,-0.8495156033025647,0.8610047365864081,-0.39538889377484293,-0.05859553610884255,-0.7397176237930968,-0.14818973071660577,4.0,4.0,4.0,4.0,5.0,6.0,4.0,2.0,2.0,3.0,3.0,5.0,4.0,4.0,5.0,3.0,4.0,3.0,3.0,3.0,2.0,2.0,4.0,5.0,6.0,4.0,4.0,4.0,5.0,4.0,3.0,3.0,4.0,2.0,3.0,2.0,5.0,5.0,4.0,3.0,3.0,3.0,3.0,4.0,4.0,3.0,3.0,3.0,4.0,4.0,4.0,0.0063528612731553755,0.9900116710238146,-1.515316169131229,0.3360757560313098,-0.2515980649135284,-1.5239098106985727,0.7408346324462939,0.33980181033565987,-0.5072348939825487,-1.6645620250721915,0.6607552908668837,-1.0089200735607025,-0.3464314081794914,-0.9981891186916533,-0.014740816569775791
0,1,1,0.35,0.15,0.85,1.4211199723547252,0.08867228717786971,-0.40064134253961653,-0.6755762161315334,1.0,0.042394252017653095,0.8103808709109406,2.511230423723526,1.591770854702567,-0.2972430155995278,-0.7424433197395359,1.111197295411094,2.001943691442367,-0.12548900426431997,0.9779295757829067,0.6382689492661716,1.1413747135721515,-1.5063800414689856,-3.188389786456594,0.5207730097615371,3.0,4.0,3.0,4.0,5.0,5.0,4.0,6.0,6.0,5.0,5.0,4.0,5.0,4.0,3.0,4.0,4.0,4.0,4.0,4.0,4.0,3.0,4.0,4.0,4.0,5.0,7.0,6.0,4.0,3.0,3.0,5.0,4.0,4.0,5.0,5.0,5.0,5.0,4.0,6.0,5.0,5.0,3.0,3.0,4.0,1.0,1.0,1.0,4.0,4.0,4.0,-0.5018760405792674,0.6588002390033019,1.5098016314738754,0.3360757560313098,-0.2515980649135284,-0.249671139615366,0.24174603795615907,1.680160260966307,-0.2526228687677792,0.6629154631685762,0.6607552908668837,1.3476815581139316,-0.6923223617440373,-2.9770462254422725,-0.014740816569775791
0,0,0,0.35,0.15,0.85,1.2393860392260376,-0.6247729667871016,0.7071487325400946,0.18428904823424208,-1.0,-0.174037349760096,1.650976388518483,1.0160018708340326,-0.20631929945469415,0.14431395860881557,0.42584379111765774,-0.01837259555760684,0.2421160134791262,0.5192509668216099,-0.1328365468229019,-0.17077411118887137,-0.11135147428466213,0.24636675269876523,-0.24353265743684843,-1.2046146138248157,4.0,4.0,3.0,4.0,6.0,6.0,4.0,3.0,2.0,3.0,2.0,3.0,5.0,2.0,4.0,5.0,5.0,3.0,4.0,3.0,5.0,6.0,4.0,2.0,3.0,4.0,5.0,4.0,5.0,5.0,5.0,5.0,4.0,3.0,3.0,3.0,4.0,3.0,5.0,3.0,4.0,5.0,5.0,4.0,4.0,5.0,3.0,3.0,3.0,3.0,2.0,-0.24776158965305603,1.3212231030443273,-1.515316169131229,-0.6816930950414264,0.25716263506959414,0.514872063034558,-0.7564311510241106,0.6748914229933222,0.7658252320912989,-0.9995684570034009,-0.013699870464544755,0.0010520542998551361,0.3453504989496009,-0.3385700831081138,-1.3624726172350679
0,1,0,0.35,0.15,0.85,0.47689847887182524,0.23099405392553019,1.954576739616364,0.10027805523166544,-1.0,-0.20282910776334506,1.2928816677176647,0.8878592204082021,0.33105270283496013,-0.14856786190868987,-1.7363990233128526,1.2735352500172403,-0.11026813781733869,0.07796720118961153,0.7780765074499415,-0.5782139066716454,-0.3482862082190951,0.9657339631805961,-0.23405374945590857,0.501255323178377,3.0,3.0,3.0,3.0,5.0,6.0,5.0,4.0,4.0,4.0,4.0,4.0,5.0,2.0,4.0,3.0,5.0,3.0,3.0,3.0,2.0,4.0,5.0,5.0,4.0,4.0,4.0,2.0,3.0,4.0,4.0,5.0,4.0,5.0,5.0,6.0,5.0,5.0,3.0,3.0,3.0,4.0,6.0,5.0,7.0,4.0,5.0,4.0,5.0,5.0,4.0,-1.0101049424316901,1.3212231030443273,-0.0027572688286767065,-0.34243681135051446,-0.2515980649135284,-1.01421434226529,0.4912903352012265,-1.0005566402949864,0.25660118166175994,1.3279090312373663,0.32352771020116905,-0.672262697607183,2.0748052667723322,0.3210489524754257,0.6591250837628704
1,0,1,0.35,0.15,0.85,0.5229807222579272,-1.1974831217728747,0.7622465273342681,0.17540811051174754,-1.0,1.6848714874679658,0.970832950001234,2.1900871834089033,-0.9868591621695313,-0.03778272827268059,-2.4151670259554536,2.431073704102162,3.3006722109166415,0.5477695800839091,-0.5613169370574174,-1.9894442638247407,0.3380797003547207,0.7659782273655316,-0.1888542731638746,1.112576717674869,6.0,5.0,6.0,5.0,7.0,4.0,6.0,4.0,4.0,5.0,5.0,2.0,3.0,2.0,4.0,4.0,4.0,4.0,1.0,1.0,1.0,2.0,6.0,5.0,6.0,5.0,7.0,6.0,7.0,4.0,4.0,3.0,3.0,4.0,4.0,2.0,2.0,2.0,2.0,4.0,6.0,5.0,4.0,4.0,4.0,4.0,3.0,5.0,5.0,5.0,6.0,1.5310395668304237,1.652434535064841,0.501429031272174,-1.699461946114163,0.002782285078032882,-2.798148481781779,1.489467524181496,2.685429098939292,-0.5072348939825487,-0.6670716729690054,-2.037065354458829,1.0110241821604127,-0.0005404546149450336,-0.008760565316343828,1.3329909840955156
1,0,0,0.35,0.15,0.85,0.5317690734686178,-1.959003886682265,-0.8453973904181147,-0.4033430237532988,-1.0,0.0023939787422337377,0.5244821289467294,1.299787882902423,1.573759538283656,0.9026768334306139,0.9525285156515244,1.131193839713603,1.1773585169864276,0.5138592591824471,0.6586927412892758,-2.0223107069398285,0.6726247787929269,-0.3736360863679305,0.11764057076703319,1.0416505742915598,4.0,2.0,4.0,2.0,4.0,5.0,5.0,3.0,4.0,4.0,4.0,5.0,5.0,6.0,6.0,5.0,4.0,5.0,5.0,4.0,4.0,4.0,5.0,5.0,4.0,4.0,5.0,5.0,4.0,4.0,5.0,4.0,4.0,4.0,5.0,4.0,3.0,2.0,3.0,5.0,5.0,5.0,4.0,3.0,5.0,5.0,4.0,3.0,5.0,5.0,6.0,-1.0101049424316901,0.6588002390033019,-0.25485041887910204,1.3538446071040464,1.020303685044278,0.2600243288179167,0.4912903352012265,0.6748914229933222,0.25660118166175994,0.3304186791341802,-1.3626101931274013,1.0110241821604127,-0.0005404546149450336,-0.008760565316343828,1.3329909840955156
1,1,0,0.35,0.15,0.85,-1.641509782728641,1.2362155436259854,0.4759477628019657,-0.4271324731322797,-1.0,1.1647671462978608,1.253977191830142,1.5751892127343643,-0.029567596569831045,-0.7804231921661974,-0.11695701963519378,-0.09001154685953228,1.1136535010663453,1.1059931494345614,0.6417295232990688,0.21318629729875885,0.08595629838737306,-0.28207983068156306,1.7051670756661257,1.9087958799895914,5.0,5.0,5.0,4.0,6.0,3.0,4.0,3.0,3.0,3.0,5.0,3.0,3.0,3.0,3.0,1.0,3.0,4.0,4.0,5.0,4.0,4.0,3.0,2.0,3.0,3.0,4.0,3.0,3.0,5.0,6.0,4.0,4.0,4.0,4.0,4.0,3.0,5.0,3.0,4.0,4.0,3.0,4.0,4.0,4.0,5.0,6.0,5.0,6.0,7.0,4.0,0.7686962140517896,0.3275888069827882,-0.5069435689295274,-1.0209493787323387,-1.2691194648797735,0.2600243288179167,-1.2555197455142455,-0.6654670276373246,0.7658252320912989,-0.002078104900214853,-0.35092745113025897,-0.3356053216536642,-0.0005404546149450336,1.3104775058507352,1.6699239342618393
1,0,1,0.35,0.15,0.85,-0.561077569878971,0.054970814977340555,0.00398264466158212,0.6723155668753704,1.0,1.4392852865976253,0.17564133449223754,2.633189601778432,2.2691307597404045,-1.1176329953957245,-0.11775784424023705,1.7677674394566185,0.19553324812209294,2.1348417771477166,-0.21450269931332266,-2.196811026386049,0.9891968641784454,1.4346922482551718,-0.7125542736677383,0.17937889824682957,4.0,4.0,6.0,5.0,4.0,4.0,3.0,5.0,5.0,6.0,4.0,5.0,6.0,5.0,3.0,3.0,3.0,4.0,4.0,4.0,3.0,3.0,4.0,5.0,5.0,5.0,5.0,4.0,4.0,5.0,6.0,6.0,7.0,2.0,4.0,3.0,2.0,2.0,3.0,5.0,5.0,5.0,6.0,4.0,6.0,3.0,3.0,4.0,5.0,4.0,6.0,0.7686962140517896,-0.3348340570582378,1.0056153313730247,1.3538446071040464,-0.760358764896651,-0.5045188738320073,0.7408346324462939,0.33980181033565987,2.0388853581651465,-0.9995684570034009,-1.699837773793115,1.0110241821604127,1.3830233596432395,-0.6683796008998834,0.9960580339291931
0,0,0,0.35,0.15,0.85,-0.643940365879151,3.0371028543571517,1.3302310947274454,-0.8766710215645095,1.0,0.4500269239431783,-0.06490747658606941,1.3554959163248397,2.023835861140311,0.6229736114891223,0.010258056935631144,0.05172402925296493,-0.42899645877349357,0.07573098786671242,-0.5854781217748187,0.7365000632008252,0.4027542452580526,-0.13621928599954608,0.5742465302637864,-0.4359110607250763,4.0,4.0,5.0,3.0,4.0,3.0,4.0,3.0,3.0,3.0,3.0,5.0,6.0,6.0,4.0,5.0,5.0,5.0,4.0,4.0,3.0,4.0,3.0,3.0,4.0,3.0,3.0,3.0,3.0,4.0,3.0,3.0,3.0,4.0,3.0,3.0,4.0,5.0,5.0,5.0,5.0,4.0,4.0,2.0,4.0,5.0,4.0,6.0,4.0,4.0,3.0,0.0063528612731553755,-0.3348340570582378,-1.011129869030378,1.6931008907949592,0.7659233350527167,-0.249671139615366,-0.7564311510241106,-1.0005566402949864,-0.7618469191973182,-0.6670716729690054,0.6607552908668837,0.6743668062068938,-0.6923223617440373,0.9806679880589657,-0.3516737667360989
1,0,1,0.35,0.15,0.85,0.664949475299704,-0.7668866601233405,1.2263432151645572,0.5606237683990002,1.0,1.021116105557822,-0.11442191867305931,1.5012744554455948,1.180005969920207,0.7172455797528203,0.2060761465597816,0.9234371001444881,1.1072636415941872,1.0884646724637315,-0.23291269270626846,0.783157505630656,0.6381284084683267,-0.22033864535300768,0.036456649589276406,-0.7520148407668528,5.0,4.0,5.0,4.0,3.0,3.0,3.0,5.0,3.0,5.0,4.0,3.0,3.0,5.0,4.0,5.0,5.0,4.0,6.0,6.0,5.0,4.0,4.0,4.0,5.0,5.0,5.0,5.0,6.0,4.0,5.0,3.0,5.0,5.0,3.0,4.0,5.0,5.0,5.0,5.0,6.0,6.0,3.0,3.0,4.0,4.0,4.0,5.0,4.0,4.0,5.0,0.5145817631255781,-0.9972569210992638,0.24933588122174866,-0.34243681135051446,0.5115429850611555,1.279415265684482,0.4912903352012265,1.3450706483086448,0.25660118166175994,-0.002078104900214853,0.9979828715325975,1.6843389340674513,-0.6923223617440373,0.3210489524754257,0.32219213359654686
0,1,0,0.35,0.15,0.85,-2.9522156839907856,1.0048414502835163,-0.44598542138269903,0.20577594115858047,1.0,0.043180809726594105,0.6581898023687431,2.374330837970509,1.5625363426546366,0.6577572266331689,0.08126680570335049,1.915935425497374,-0.412614944373745,-0.029066072555835043,-0.7291261573809451,-2.1109202320613774,0.11615578725194375,0.6507690066210087,-1.3846946876914386,0.7780606558679448,3.0,3.0,4.0,3.0,5.0,4.0,5.0,5.0,4.0,5.0,4.0,5.0,4.0,4.0,5.0,4.0,5.0,5.0,5.0,5.0,4.0,5.0,5.0,6.0,5.0,6.0,3.0,2.0,3.0,3.0,3.0,3.0,3.0,1.0,3.0,2.0,2.0,1.0,3.0,4.0,3.0,4.0,5.0,5.0,4.0,3.0,3.0,2.0,4.0,4.0,4.0,-0.7559904915054788,0.6588002390033019,0.501429031272174,0.3360757560313098,0.7659233350527167,0.7697197972511993,1.489467524181496,-1.335646252952648,-1.0164589444120877,-1.997058809106587,-2.037065354458829,-0.3356053216536642,0.6912414525141477,-1.3279986364834233,-0.014740816569775791
1,1,1,0.35,0.15,0.85,-1.8348626059385351,-1.467996101452722,0.23277335485372633,0.5867167796527669,-1.0,1.9523764149600504,1.6756287221024424,2.49016935103538,-0.34271866215980407,-1.051579719119236,-1.2838779750077094,1.0805854102110852,0.6833387203989325,0.2992582584434385,0.5874043371333576,-1.3474300699287356,1.147400268052118,-0.22642753670555554,-0.49016076784933504,-0.5777486177103733,5.0,6.0,6.0,5.0,5.0,6.0,4.0,4.0,4.0,6.0,4.0,2.0,2.0,3.0,3.0,3.0,4.0,3.0,3.0,3.0,3.0,3.0,4.0,5.0,6.0,3.0,3.0,5.0,4.0,4.0,3.0,3.0,4.0,4.0,5.0,5.0,3.0,3.0,3.0,5.0,5.0,4.0,4.0,5.0,3.0,4.0,4.0,3.0,3.0,2.0,3.0,1.5310395668304237,0.9900116710238146,0.501429031272174,-1.699461946114163,-0.760358764896651,-1.01421434226529,0.4912903352012265,0.004712197677998546,-0.5072348939825487,0.6629154631685762,-1.025382612461687,0.6743668062068938,-0.0005404546149450336,-0.3385700831081138,-1.3624726172350679
0,1,1,0.35,0.15,0.85,1.9010270404628968,0.5738444600221104,-0.3959673971028638,1.6111521088741847,1.0,-0.32058194496492964,0.6396517153223721,3.2523644146162933,3.2875583791753447,0.6367507392154201,1.0705473088066324,2.930918971899173,1.8936818397832273,0.7189912953954452,2.1113827731161168,-0.04186396022310057,0.3270603155438414,-0.1897468859832261,-0.31321878307557616,-0.4864379299415556,2.0,3.0,4.0,3.0,5.0,4.0,4.0,5.0,5.0,6.0,5.0,6.0,5.0,5.0,5.0,5.0,4.0,5.0,5.0,5.0,6.0,6.0,6.0,7.0,5.0,7.0,5.0,5.0,4.0,3.0,3.0,4.0,4.0,6.0,5.0,6.0,4.0,3.0,5.0,4.0,5.0,5.0,6.0,5.0,4.0,4.0,4.0,4.0,3.0,4.0,5.0,-1.0101049424316901,0.3275888069827882,1.25770848142345,1.3538446071040464,0.7659233350527167,1.5342629999011235,2.2381004159166986,0.6748914229933222,-0.5072348939825487,1.6604058152717622,-0.013699870464544755,0.6743668062068938,1.0371324060786937,-0.008760565316343828,-0.014740816569775791
1,0,0,0.35,0.15,0.85,0.7998004861600798,1.9482937549621346,-0.5568518049790537,0.5996752398800809,-1.0,0.0047540037853005535,0.6095608869260101,1.7755189492879495,-0.630412157549719,0.26035339983773276,0.1785589751568056,0.5254725610828465,0.9211011155511658,0.9697151175540469,-0.23353074197173185,0.2709329220396711,-2.138306764832418,-0.506144815784934,0.6518622781121501,0.11344657336665268,4.0,3.0,4.0,4.0,5.0,5.0,4.0,4.0,5.0,4.0,4.0,3.0,3.0,1.0,4.0,4.0,4.0,3.0,6.0,5.0,5.0,4.0,4.0,2.0,5.0,5.0,5.0,4.0,4.0,5.0,5.0,6.0,5.0,4.0,5.0,3.0,5.0,3.0,4.0,2.0,2.0,2.0,3.0,3.0,3.0,5.0,5.0,5.0,5.0,4.0,5.0,-0.24776158965305603,0.6588002390033019,0.24933588122174866,-1.699461946114163,-0.2515980649135284,1.0245675314678406,-0.0077982592889083565,0.33980181033565987,1.2750492825208382,-0.002078104900214853,-0.013699870464544755,-2.01889220142126,-1.0382133153085837,0.9806679880589657,0.6591250837628704
0,0,1,0.35,0.15,0.85,-0.7284599275302385,1.0792182942783677,-0.34367131963870434,0.012932593303860249,1.0,0.4361778286861895,0.8451042098729971,2.4900640855934864,2.8948009229760467,1.0854716228096346,1.2568572593997485,1.9554934536399968,1.193648653487359,-0.7438592039261862,0.34064542355263583,0.792859373661532,1.682693222187961,-0.27326389053424743,-1.5615155388415287,0.961842962546989,4.0,5.0,4.0,5.0,5.0,3.0,4.0,5.0,5.0,6.0,3.0,6.0,4.0,6.0,5.0,5.0,5.0,3.0,6.0,6.0,5.0,5.0,5.0,6.0,5.0,6.0,4.0,5.0,6.0,3.0,2.0,3.0,2.0,3.0,4.0,5.0,6.0,4.0,6.0,6.0,6.0,5.0,3.0,4.0,5.0,2.0,3.0,3.0,5.0,5.0,5.0,0.5145817631255781,-0.003622625037724597,0.7535221813225994,1.3538446071040464,0.5115429850611555,1.5342629999011235,1.489467524181496,1.0099810356509835,-1.5256829948416268,-0.002078104900214853,1.3352104521983112,1.6843389340674513,-0.0005404546149450336,-1.3279986364834233,0.9960580339291931
0,1,0,0.35,0.15,0.85,-1.5508523327301604,0.5540134044330346,2.3248164549026153,-0.46151373651258876,1.0,1.1861031069316104,1.8356409505380844,2.008685479616586,1.5014214592664696,0.36010751950253617,1.052262942885494,1.956588892737357,1.1060558551175308,1.1597363805523295,0.4043145054828655,-0.2164258800124969,0.5251600818857192,-0.3185058935208437,-0.3122289977691663,-0.18910319338203588,4.0,5.0,5.0,4.0,5.0,6.0,6.0,4.0,5.0,3.0,4.0,4.0,7.0,4.0,3.0,4.0,5.0,5.0,3.0,5.0,5.0,5.0,5.0,4.0,4.0,5.0,6.0,4.0,4.0,5.0,5.0,3.0,4.0,4.0,5.0,4.0,3.0,4.0,3.0,5.0,5.0,4.0,3.0,4.0,4.0,3.0,4.0,3.0,3.0,3.0,3.0,0.5145817631255781,1.652434535064841,-0.0027572688286767065,1.0145883234131345,0.25716263506959414,0.514872063034558,0.4912903352012265,0.6748914229933222,0.25660118166175994,0.3304186791341802,-0.6881550317959728,0.6743668062068938,-0.3464314081794914,-0.6683796008998834,-1.0255396670687447
0,0,1,0.35,0.15,0.85,0.3452387486996126,0.8677819188462654,-0.3444568975876465,-0.34850089488226366,1.0,-1.7146919583755829,0.6791973526853758,1.5602964747576773,2.4170356487960034,0.7561060375511928,0.42607174975212675,1.341506048716568,-0.38906728080898695,-0.01424317492896715,0.5649966702333784,-0.86904761353381,0.5721752689401495,-1.2229679067873342,0.6614433773209962,1.0805510773337845,2.0,1.0,3.0,2.0,5.0,5.0,4.0,4.0,4.0,4.0,5.0,5.0,4.0,6.0,5.0,5.0,6.0,6.0,5.0,5.0,4.0,5.0,5.0,3.0,5.0,5.0,3.0,4.0,4.0,2.0,3.0,4.0,3.0,5.0,5.0,5.0,3.0,5.0,4.0,6.0,5.0,4.0,2.0,1.0,2.0,4.0,5.0,5.0,5.0,6.0,5.0,-2.026562746136536,0.6588002390033019,0.24933588122174866,1.0145883234131345,1.5290643850274006,0.7697197972511993,0.4912903352012265,-0.3303774149796632,-1.0164589444120877,0.9954122472029713,-0.013699870464544755,1.0110241821604127,-2.4217771295667685,0.6508584702671961,1.3329909840955156
0,0,0,0.35,0.15,0.85,3.4744844093159895,-1.4453674620695938,0.1352792525128507,-0.5100479322627506,-1.0,-0.1995358303104905,-0.48845624816245176,2.329580372950142,-0.18402825455804944,1.1852382976978473,0.6597663934384331,-0.502296901978071,0.6170774893683291,-0.11472047328278191,-2.4642264957834565,0.33723442251891833,0.3213995817522002,-0.024545242465994876,-1.4387566088794568,0.7970209891018268,3.0,5.0,3.0,5.0,3.0,2.0,3.0,4.0,4.0,5.0,5.0,2.0,4.0,3.0,5.0,6.0,5.0,6.0,6.0,4.0,5.0,4.0,2.0,1.0,1.0,4.0,5.0,5.0,4.0,3.0,2.0,4.0,4.0,2.0,2.0,3.0,5.0,5.0,5.0,5.0,6.0,5.0,4.0,4.0,5.0,2.0,2.0,3.0,5.0,6.0,3.0,0.0063528612731553755,-1.328468353119777,0.501429031272174,-1.0209493787323387,1.5290643850274006,0.7697197972511993,-2.004152637249448,0.6748914229933222,-0.7618469191973182,-1.6645620250721915,0.9979828715325975,1.3476815581139316,0.3453504989496009,-1.6578081542751928,0.6591250837628704
1,1,1,0.35,0.15,0.85,-0.3885993998905686,1.997238330498199,-0.13312992375517402,0.7468597802584158,-1.0,0.10892535644125978,1.2746880155114915,1.7484219888345767,-0.17735667175864372,-0.39548314231274206,-0.17802932335371285,0.648363784133711,0.04012496500960866,-2.1417493486456425,0.8087698335611566,-2.420454901016843,0.12388336214427478,-1.4989570405144461,0.7952914742444624,1.3933792832437195,4.0,5.0,3.0,5.0,4.0,4.0,5.0,4.0,4.0,4.0,3.0,3.0,4.0,4.0,3.0,5.0,5.0,3.0,4.0,5.0,4.0,4.0,4.0,3.0,4.0,4.0,4.0,4.0,3.0,2.0,2.0,2.0,1.0,5.0,4.0,5.0,1.0,2.0,3.0,4.0,4.0,4.0,3.0,3.0,3.0,4.0,5.0,6.0,5.0,5.0,5.0,0.26046731219936675,0.3275888069827882,-0.25485041887910204,-0.34243681135051446,0.002782285078032882,0.2600243288179167,-0.25734255653397575,-0.3303774149796632,-2.2895190704859356,0.6629154631685762,-2.037065354458829,0.0010520542998551361,-1.0382133153085837,0.9806679880589657,0.9960580339291931
0,1,1,0.35,0.15,0.85,0.06459992627295034,1.0052981453895766,-0.93310542129641,-0.922663547891354,1.0,0.8832516662562988,1.447836909940618,2.496995664189732,1.5253339597116198,1.1535515931393614,1.7929478736365267,0.9645413345994948,0.1330797922813715,-0.21550806926605348,1.1654674544419144,-0.4692241628518638,0.7150238682851497,-0.04653830410803575,1.3213520723854835,0.10614919059237876,5.0,6.0,3.0,5.0,4.0,4.0,5.0,5.0,5.0,6.0,4.0,4.0,3.0,5.0,5.0,6.0,6.0,5.0,6.0,5.0,5.0,6.0,4.0,5.0,5.0,5.0,4.0,4.0,4.0,2.0,3.0,4.0,2.0,5.0,4.0,3.0,5.0,4.0,4.0,4.0,7.0,5.0,5.0,4.0,4.0,6.0,5.0,6.0,3.0,5.0,4.0,0.7686962140517896,0.3275888069827882,1.0056153313730247,-0.003180527659602121,1.5290643850274006,1.5342629999011235,0.7408346324462939,0.004712197677998546,-1.2710709696268574,-0.002078104900214853,0.32352771020116905,1.3476815581139316,0.3453504989496009,1.6402870236425056,-0.014740816569775791
1,0,0,0.35,0.15,0.85,-0.15010495662208828,0.3910249221627154,0.5951670790122298,0.04069635779149801,1.0,1.0779933836765658,0.17202751774818884,2.334621316444823,1.1804666930954117,0.3696244059039929,0.2251898742178397,0.24715567282811823,0.6346576521387661,1.7032969161314937,0.6223687076158056,1.248453879500676,-0.8613069751816209,-0.4802306315014123,-0.4379549445464547,1.0152067187896838,4.0,3.0,6.0,6.0,4.0,4.0,4.0,5.0,5.0,5.0,7.0,4.0,3.0,4.0,4.0,4.0,7.0,6.0,4.0,5.0,5.0,5.0,3.0,4.0,3.0,3.0,4.0,4.0,5.0,6.0,6.0,4.0,4.0,5.0,3.0,3.0,6.0,5.0,6.0,4.0,3.0,4.0,2.0,4.0,4.0,4.0,4.0,4.0,6.0,4.0,5.0,0.7686962140517896,-0.003622625037724597,1.5098016314738754,-0.34243681135051446,1.2746840350358393,0.7697197972511993,-0.7564311510241106,0.33980181033565987,1.0204372573060685,-0.33457488893461035,1.672438032864026,-0.3356053216536642,-0.6923223617440373,-0.008760565316343828,0.9960580339291931
0,0,1,0.35,0.15,0.85,0.36304629986773396,0.23575913644451482,0.11280595546865896,0.526961090536923,1.0,-0.42646997778713747,-2.17561409696066,1.3225249068187868,-0.9729036869928738,-0.1895940775793702,-0.7549479043564117,1.206725307447928,1.054228647462005,0.562588738207647,-0.46169717506003766,0.329890784665375,-0.1845637748174617,0.2590642668676171,-0.9855878882187014,-1.0253091027688892,4.0,3.0,3.0,4.0,1.0,1.0,1.0,4.0,4.0,4.0,4.0,2.0,4.0,2.0,4.0,3.0,4.0,4.0,4.0,4.0,3.0,3.0,4.0,6.0,5.0,5.0,5.0,5.0,5.0,5.0,3.0,5.0,3.0,3.0,4.0,1.0,5.0,5.0,4.0,4.0,3.0,3.0,5.0,3.0,3.0,2.0,2.0,3.0,3.0,2.0,4.0,-0.5018760405792674,-2.984525513222342,-0.0027572688286767065,-1.360205662423251,-0.2515980649135284,-0.5045188738320073,0.9903789296913613,1.0099810356509835,0.001989156446990387,-1.3320652410377964,0.6607552908668837,-0.672262697607183,-0.3464314081794914,-1.6578081542751928,-1.0255396670687447
1,1,1,0.35,0.15,0.85,-0.5112965241481463,-0.9887844255634158,0.6533755926316588,-1.2662820421282532,-1.0,-0.4115345049329395,-0.2547480921167966,1.8551909963139643,-0.07523428918206965,-0.10220887751697876,-0.329212385457404,0.2627182143524113,-1.8794712943006342,-0.6483554640600647,-0.3018009360054319,0.4824940136753093,0.5562842029376606,-0.3968943100202138,-1.1296797353524304,1.0044303272912927,3.0,3.0,4.0,3.0,3.0,3.0,3.0,4.0,5.0,3.0,5.0,3.0,2.0,5.0,4.0,4.0,4.0,3.0,4.0,4.0,5.0,5.0,3.0,4.0,3.0,4.0,1.0,2.0,2.0,2.0,2.0,4.0,2.0,3.0,3.0,3.0,4.0,5.0,4.0,5.0,4.0,3.0,3.0,5.0,3.0,3.0,3.0,2.0,5.0,5.0,5.0,-0.7559904915054788,-0.9972569210992638,0.24933588122174866,-0.6816930950414264,-0.2515980649135284,0.514872063034558,-0.5068868537790432,-2.3409150909256327,-1.5256829948416268,-0.9995684570034009,0.32352771020116905,0.0010520542998551361,-0.3464314081794914,-1.3279986364834233,0.9960580339291931
1,1,0,0.35,0.15,0.85,1.9242764222238862,-1.2280000837069553,-0.5530155478976371,-1.3467103102534685,1.0,0.8754413497456313,-0.18819891876118872,3.5727508402313193,2.610680218367954,-0.17184637575843975,-0.26439125318240236,2.2169014994811773,-0.7081213848098227,0.4392535834655215,1.2236067164893147,-1.6949217872286737,0.9884501218013804,1.2107270806278363,-0.6460886140407148,-2.9625942081200343,4.0,3.0,4.0,5.0,3.0,3.0,3.0,5.0,6.0,6.0,6.0,7.0,7.0,6.0,4.0,5.0,4.0,4.0,4.0,3.0,3.0,5.0,6.0,5.0,4.0,6.0,4.0,2.0,3.0,4.0,4.0,3.0,4.0,5.0,5.0,5.0,3.0,3.0,3.0,4.0,4.0,5.0,4.0,5.0,5.0,4.0,4.0,2.0,1.0,2.0,1.0,0.0063528612731553755,-0.9972569210992638,1.7618947815243007,2.710869741867696,0.25716263506959414,-0.249671139615366,1.2399232269364286,-1.0005566402949864,-0.2526228687677792,0.9954122472029713,-1.025382612461687,0.337709430253374,0.6912414525141477,-0.6683796008998834,-2.7102044179003597
1,0,1,0.35,0.15,0.85,0.7321340139104919,1.0796176255310344,-1.2142161082418572,0.3814888970124537,-1.0,1.198685033960925,0.3795152043220921,3.3634959428229054,1.096214700082271,0.4849376161526183,0.38103559699032225,1.7555650057590717,0.24345801533007383,0.7115118393271384,0.8920190041355391,-0.5372782981465292,1.691768718376475,-0.12194977936902157,-0.4798655339606637,-0.07709379685228188,5.0,5.0,4.0,5.0,4.0,3.0,4.0,5.0,6.0,4.0,6.0,4.0,4.0,3.0,5.0,5.0,4.0,4.0,4.0,4.0,4.0,2.0,5.0,5.0,4.0,5.0,4.0,4.0,4.0,4.0,4.0,4.0,4.0,4.0,4.0,5.0,3.0,4.0,5.0,6.0,4.0,5.0,4.0,4.0,4.0,4.0,4.0,3.0,4.0,4.0,4.0,0.7686962140517896,-0.3348340570582378,1.25770848142345,-0.34243681135051446,0.5115429850611555,-0.5045188738320073,0.7408346324462939,0.004712197677998546,0.001989156446990387,0.3304186791341802,-0.013699870464544755,1.0110241821604127,-0.0005404546149450336,-0.3385700831081138,-0.014740816569775791
0,1,1,0.35,0.15,0.85,-1.0161102674940983,-0.41362589963782925,-0.633669780283586,0.8239560179848034,1.0,0.32459088856071916,0.8586387840300367,2.5045141359979692,2.872863337091295,-0.05259072415121535,0.8951278186651804,1.1020774141779164,0.12344231654665622,0.43310974513770123,1.4680931393946846,-0.32829805228809095,-0.3028908377122278,-0.490955009443212,-1.0482609287705447,-0.47931061024793004,4.0,3.0,2.0,5.0,4.0,5.0,5.0,4.0,4.0,4.0,3.0,6.0,6.0,4.0,3.0,2.0,3.0,4.0,5.0,5.0,6.0,4.0,4.0,4.0,5.0,4.0,4.0,3.0,3.0,3.0,4.0,3.0,4.0,5.0,5.0,4.0,4.0,5.0,5.0,3.0,4.0,4.0,4.0,2.0,4.0,4.0,3.0,4.0,4.0,4.0,3.0,-0.5018760405792674,0.6588002390033019,-0.25485041887910204,1.3538446071040464,-1.0147391148882123,1.0245675314678406,0.24174603795615907,-0.6654670276373246,-0.5072348939825487,0.6629154631685762,0.6607552908668837,-0.3356053216536642,-0.6923223617440373,-0.3385700831081138,-0.3516737667360989
0,1,1,0.35,0.15,0.85,0.9999164720049576,1.0592022654541933,1.2467185380439465,0.2800240744723947,1.0,1.5464904194297842,1.2654603115663108,2.7191716261049876,0.6323081663065675,0.32576739035854774,1.1089686896560116,1.5205351799119664,0.11991130250956883,0.876705765681721,1.7360512985735594,0.661096186050592,-0.5817440063778199,0.9227741305735049,-0.44851926235139006,-0.4488153562705731,6.0,5.0,5.0,6.0,4.0,7.0,5.0,4.0,6.0,5.0,4.0,4.0,5.0,4.0,4.0,4.0,4.0,5.0,5.0,5.0,6.0,5.0,5.0,5.0,6.0,3.0,4.0,4.0,4.0,5.0,4.0,4.0,4.0,6.0,6.0,5.0,5.0,5.0,6.0,2.0,3.0,5.0,5.0,5.0,5.0,5.0,4.0,4.0,5.0,4.0,4.0,1.5310395668304237,1.3212231030443273,0.7535221813225994,0.3360757560313098,0.25716263506959414,1.279415265684482,0.7408346324462939,0.004712197677998546,0.25660118166175994,1.6604058152717622,1.3352104521983112,-0.672262697607183,1.0371324060786937,0.3210489524754257,0.32219213359654686
1,1,1,0.35,0.15,0.85,-1.631911297700011,0.13595777133936743,0.490968455970933,-1.2101628835337275,-1.0,1.2533638526000541,0.4925197476635068,2.9338855172951437,1.687591717923726,-0.2633687071771702,-1.5305106564894793,0.2951641812045416,1.0486549468628215,0.12515592023389976,0.7544698458070264,-2.2008012216959556,0.1771286758033157,-1.2659885068637686,0.7865058891232821,0.19201823636470777,5.0,3.0,6.0,7.0,4.0,4.0,3.0,4.0,5.0,5.0,6.0,5.0,3.0,4.0,4.0,4.0,4.0,3.0,2.0,3.0,3.0,3.0,3.0,3.0,3.0,3.0,4.0,3.0,4.0,4.0,5.0,5.0,4.0,5.0,4.0,3.0,1.0,3.0,3.0,4.0,4.0,5.0,3.0,3.0,4.0,5.0,5.0,7.0,5.0,5.0,3.0,1.2769251159042123,-0.3348340570582378,1.0056153313730247,-0.003180527659602121,-0.2515980649135284,-1.2690620764819314,-1.005975448269178,-0.3303774149796632,0.5112132068765295,-0.002078104900214853,-1.699837773793115,0.337709430253374,-0.6923223617440373,1.6402870236425056,0.32219213359654686
0,1,1,0.35,0.15,0.85,0.28393072431669775,-0.6354881087013583,-0.03903517454592913,0.18929352553276543,-1.0,-0.6191835118046778,0.6333867378118648,1.7175378488501196,0.4689074241618273,0.3395617142244278,0.8945532328590974,0.3770391017209659,-0.3504950291278973,-0.3819687998070222,1.2919091752266312,-1.0888927032179385,0.1990017538778613,0.12294416133137498,-0.4561406650848309,-0.24096636191835868,2.0,2.0,4.0,2.0,3.0,4.0,3.0,4.0,4.0,4.0,5.0,3.0,4.0,4.0,4.0,4.0,6.0,5.0,5.0,5.0,4.0,5.0,3.0,3.0,4.0,5.0,3.0,4.0,3.0,2.0,3.0,2.0,3.0,4.0,6.0,6.0,3.0,2.0,5.0,4.0,3.0,5.0,4.0,5.0,3.0,4.0,4.0,3.0,3.0,3.0,3.0,-1.518333844284113,-0.6660454890787506,0.24933588122174866,-0.34243681135051446,0.7659233350527167,0.7697197972511993,-0.25734255653397575,-0.6654670276373246,-1.5256829948416268,1.3279090312373663,-0.6881550317959728,0.0010520542998551361,-0.0005404546149450336,-0.3385700831081138,-1.0255396670687447
0,1,1,0.35,0.15,0.85,0.44673368959987636,-2.082707854012766,-0.5781856853814098,-2.526796407930232,1.0,-0.6008291371565572,-0.5006310480767318,1.4988571576329437,1.1683823405746656,1.3451339101048516,1.579053930669923,0.5565720144717238,-0.47527103933914006,1.477563001429856,0.7738421328519263,0.7422370502434674,-0.7163677237219009,-0.2995192012681821,-1.0101748153200063,0.5405667481919576,3.0,3.0,3.0,2.0,3.0,3.0,3.0,4.0,4.0,4.0,4.0,4.0,5.0,3.0,5.0,6.0,6.0,6.0,6.0,7.0,6.0,4.0,3.0,5.0,4.0,4.0,3.0,3.0,3.0,5.0,5.0,4.0,7.0,3.0,5.0,5.0,4.0,4.0,4.0,3.0,4.0,3.0,3.0,4.0,3.0,3.0,3.0,3.0,5.0,4.0,5.0,-1.2642193933579016,-0.9972569210992638,-0.0027572688286767065,-0.003180527659602121,1.7834447350189617,1.7891107341177648,-0.0077982592889083565,-1.0005566402949864,1.2750492825208382,0.3304186791341802,-0.013699870464544755,-0.672262697607183,-0.6923223617440373,-0.9981891186916533,0.6591250837628704
1,1,1,0.35,0.15,0.85,0.10463289229012103,-0.6317917150972137,-2.1900855800265844,-0.6225017533351733,-1.0,0.6675450790657492,0.8986448082625278,1.9275295606941314,1.0893196098176257,-0.2202248544463875,1.0740093249043925,1.2486199474689705,0.7130646008380519,0.6942719156790734,0.936983334068691,-0.7798228630499227,1.4181633346082971,0.888271766437743,0.894069453079456,1.6329945287281173,4.0,3.0,4.0,4.0,5.0,5.0,4.0,5.0,4.0,4.0,4.0,4.0,4.0,3.0,4.0,3.0,3.0,4.0,4.0,5.0,6.0,4.0,4.0,5.0,5.0,4.0,5.0,3.0,5.0,4.0,3.0,4.0,3.0,4.0,5.0,4.0,3.0,3.0,3.0,5.0,5.0,4.0,5.0,4.0,4.0,5.0,4.0,6.0,4.0,5.0,5.0,-0.24776158965305603,0.6588002390033019,0.24933588122174866,-0.34243681135051446,-0.5059784149050897,0.7697197972511993,0.4912903352012265,0.33980181033565987,-0.5072348939825487,0.3304186791341802,-1.025382612461687,0.6743668062068938,0.3453504989496009,0.9806679880589657,0.6591250837628704
0,0,0,0.35,0.15,0.85,-2.474431625149106,-1.205803105022631,1.439724851142149,-0.8259363884604793,1.0,1.07239579029095,-0.8305527468472912,1.4538341029509583,1.3456711075816288,-0.7509667286333159,-0.23145548664564347,0.9617597574905471,-0.15151461462018384,0.18352097228874853,-0.21417285555403237,0.6687685594151337,0.5340752188284859,-0.27942485946328566,-1.5094781788513383,0.7468545351284571,4.0,5.0,5.0,5.0,3.0,3.0,1.0,2.0,3.0,3.0,3.0,5.0,4.0,5.0,4.0,3.0,3.0,4.0,4.0,4.0,5.0,4.0,5.0,5.0,4.0,4.0,3.0,2.0,4.0,4.0,4.0,5.0,4.0,3.0,3.0,4.0,5.0,6.0,5.0,4.0,4.0,4.0,3.0,4.0,5.0,3.0,2.0,3.0,4.0,6.0,5.0,0.7686962140517896,-1.6596797851402898,-1.2632230190808036,0.6753320397222226,-0.5059784149050897,0.2600243288179167,0.4912903352012265,-1.0005566402949864,0.25660118166175994,-0.6670716729690054,1.3352104521983112,0.0010520542998551361,-0.0005404546149450336,-1.3279986364834233,0.9960580339291931
0,0,1,0.35,0.15,0.85,-0.1955439161579653,-1.2359417024185255,0.7700789636398437,-0.47850094961680134,-1.0,0.18797240306580987,-0.1502598899835615,1.3540821406106183,-0.09207611682110992,0.395871335000598,0.9240959655748613,-0.07769747176769923,0.4125356328186992,-0.16296340690645075,1.3625171771718423,2.0463830883453333,-0.6875037408940823,1.4859612376916964,-1.1422087956478615,-0.06239071526456587,4.0,3.0,3.0,4.0,3.0,3.0,2.0,2.0,4.0,3.0,3.0,4.0,3.0,3.0,3.0,4.0,5.0,4.0,3.0,4.0,4.0,4.0,3.0,3.0,2.0,3.0,5.0,4.0,4.0,3.0,3.0,3.0,2.0,5.0,5.0,4.0,6.0,6.0,6.0,3.0,4.0,4.0,6.0,5.0,5.0,3.0,2.0,3.0,3.0,4.0,3.0,-0.5018760405792674,-1.328468353119777,-1.011129869030378,-0.6816930950414264,0.002782285078032882,-0.249671139615366,-1.2555197455142455,0.33980181033565987,-1.2710709696268574,0.6629154631685762,2.00966561352974,-0.3356053216536642,1.3830233596432395,-1.3279986364834233,-0.6886067169024216
0,1,0,0.35,0.15,0.85,1.8385892337816325,0.39397117957306976,0.2881644801515736,0.07153909368190926,-1.0,0.4311233886466923,1.3296182437256114,2.3968053951744928,1.164594665440204,1.7826082904459177,0.2589245974208495,1.0359051319242618,0.3307454699436303,0.7982359245522632,0.37903745860323573,-0.19398483299548167,0.9587542859382454,0.22193765187039738,0.35918001727205634,0.0009960741905988522,3.0,5.0,5.0,5.0,5.0,4.0,4.0,5.0,5.0,6.0,6.0,4.0,4.0,5.0,6.0,6.0,5.0,5.0,4.0,5.0,5.0,5.0,4.0,4.0,5.0,5.0,4.0,4.0,4.0,4.0,4.0,4.0,3.0,4.0,4.0,6.0,4.0,3.0,3.0,6.0,4.0,4.0,3.0,4.0,4.0,3.0,5.0,5.0,4.0,5.0,6.0,0.5145817631255781,0.3275888069827882,1.5098016314738754,0.3360757560313098,1.5290643850274006,0.7697197972511993,0.4912903352012265,0.004712197677998546,-0.2526228687677792,0.6629154631685762,-0.6881550317959728,0.6743668062068938,-0.3464314081794914,0.3210489524754257,0.9960580339291931
0,1,0,0.35,0.15,0.85,0.793063912658411,0.356307473896487,1.5194180731450542,-1.0588818740262929,-1.0,-0.4915879578188155,0.2653349103188644,1.6778088260755826,0.8835584331311074,1.4230103872988418,1.2000894639223665,0.20948625202907128,1.0460232568143761,-0.4601269955377074,-1.2325097768895932,1.014163576570143,0.04502803817861528,-0.37063588211983123,0.3498208644407125,-0.13251854529534746,2.0,3.0,2.0,2.0,4.0,3.0,4.0,4.0,4.0,3.0,4.0,4.0,4.0,5.0,5.0,5.0,6.0,6.0,6.0,5.0,6.0,5.0,3.0,4.0,4.0,4.0,5.0,5.0,5.0,5.0,4.0,5.0,3.0,2.0,2.0,3.0,6.0,4.0,4.0,4.0,5.0,4.0,3.0,4.0,4.0,6.0,5.0,4.0,4.0,4.0,3.0,-1.7724482952103244,-0.3348340570582378,-0.25485041887910204,0.3360757560313098,1.5290643850274006,1.5342629999011235,-0.25734255653397575,1.0099810356509835,0.25660118166175994,-1.6645620250721915,0.6607552908668837,0.337709430253374,-0.3464314081794914,0.9806679880589657,-0.3516737667360989
1,0,0,0.35,0.15,0.85,-0.73247300758588,0.9021364891004298,2.9790978380703192,0.2618967983233896,1.0,0.9125320475300904,-0.11210000298575923,2.3410561043252374,1.627226486462854,-0.5165669864915954,-0.4130110020332674,0.8377382671688397,1.6133834257827684,1.67009064010882,-0.17320147754701726,-0.18488966824980496,0.4417318861082445,0.836334321301905,-1.6388713939332622,-0.9394939654012293,5.0,5.0,5.0,6.0,3.0,3.0,3.0,6.0,5.0,4.0,4.0,5.0,6.0,5.0,3.0,4.0,5.0,5.0,5.0,5.0,3.0,3.0,5.0,4.0,5.0,4.0,6.0,5.0,4.0,5.0,6.0,5.0,5.0,2.0,4.0,3.0,4.0,6.0,3.0,4.0,4.0,4.0,5.0,5.0,5.0,4.0,4.0,3.0,5.0,5.0,2.0,1.2769251159042123,-0.9972569210992638,0.7535221813225994,1.3538446071040464,0.25716263506959414,0.005176594601275346,0.4912903352012265,1.0099810356509835,1.2750492825208382,-0.9995684570034009,0.32352771020116905,0.0010520542998551361,1.0371324060786937,-0.3385700831081138,-0.014740816569775791
0,0,1,0.35,0.15,0.85,-0.36011868839628824,-0.3198730676426328,-0.6699083722815398,-0.38245212954502233,1.0,-0.6030904136283292,0.12646232482324407,1.9199525217273654,3.0818423423811243,-0.8461985608898338,0.5718413644780207,0.9527551118407517,0.8188304437133931,-1.4033488196273964,0.9202303922927195,0.5859933344786991,0.09224949353571694,1.6845928381732,-0.8786685215215555,-0.013368782097063915,4.0,3.0,5.0,4.0,4.0,4.0,4.0,4.0,4.0,4.0,6.0,5.0,5.0,5.0,3.0,4.0,4.0,4.0,5.0,5.0,5.0,5.0,3.0,3.0,5.0,6.0,4.0,5.0,4.0,1.0,3.0,3.0,2.0,4.0,5.0,3.0,4.0,5.0,6.0,4.0,5.0,3.0,6.0,5.0,7.0,2.0,3.0,5.0,3.0,4.0,3.0,0.0063528612731553755,-0.003622625037724597,0.501429031272174,1.0145883234131345,-0.2515980649135284,1.0245675314678406,0.24174603795615907,0.33980181033565987,-1.7802950200563963,-0.002078104900214853,0.9979828715325975,0.0010520542998551361,2.0748052667723322,-0.6683796008998834,-0.6886067169024216
0,1,0,0.35,0.15,0.85,1.8021589871145052,-0.08151478486463598,0.18445141621967506,0.7788285616876001,1.0,-0.3132073527724176,0.31443729557489253,1.8137729414448782,2.217402373925659,-0.507882519677625,-0.932033778810202,2.0469981429400192,0.3917490495509506,-0.3599055929850029,0.7963846981637153,-1.2262912808679636,1.1258228376722406,0.28366781308435857,0.09106256239059074,0.8364546192512907,3.0,4.0,3.0,3.0,4.0,4.0,4.0,4.0,5.0,3.0,3.0,6.0,6.0,6.0,3.0,3.0,3.0,4.0,4.0,3.0,3.0,3.0,5.0,4.0,5.0,5.0,4.0,3.0,4.0,2.0,3.0,2.0,4.0,4.0,6.0,3.0,4.0,3.0,2.0,5.0,5.0,6.0,4.0,3.0,4.0,5.0,5.0,3.0,4.0,3.0,4.0,-0.7559904915054788,-0.003622625037724597,-0.25485041887910204,2.0323571744858713,-0.760358764896651,-0.7593666080486486,0.7408346324462939,-0.3303774149796632,-1.2710709696268574,0.3304186791341802,-1.025382612461687,1.3476815581139316,-0.3464314081794914,0.3210489524754257,-0.3516737667360989
0,1,1,0.35,0.15,0.85,-0.03343003020987506,1.7564550849607266,-0.6125766799017648,0.8599069487353056,-1.0,0.8897687431818682,2.8606611275219223,1.1916050159128242,-0.05617191510811104,-0.09377075962826192,-1.0941211247277478,2.1877597545004015,0.9904802429050947,1.065292026115787,1.192152474847423,-0.704716224569705,-0.19203757343626926,0.18006056125916953,0.597723021974119,-1.242858078197787,4.0,5.0,5.0,6.0,6.0,6.0,5.0,5.0,4.0,5.0,5.0,3.0,3.0,3.0,4.0,3.0,3.0,3.0,3.0,4.0,3.0,3.0,5.0,6.0,6.0,6.0,4.0,6.0,4.0,4.0,4.0,5.0,5.0,5.0,6.0,4.0,4.0,4.0,3.0,3.0,3.0,4.0,5.0,4.0,5.0,4.0,6.0,5.0,4.0,2.0,2.0,1.0228106649780009,1.652434535064841,0.7535221813225994,-1.0209493787323387,-0.760358764896651,-0.7593666080486486,1.7390118214265635,0.6748914229933222,0.5112132068765295,0.9954122472029713,-0.35092745113025897,-0.672262697607183,0.6912414525141477,0.9806679880589657,-1.3624726172350679
0,1,1,0.35,0.15,0.85,-0.8366263844698614,1.3818009041985062,1.01949333008656,-0.5616613655734699,-1.0,0.18798517383895863,0.8731036371049427,2.7394202847030753,1.391776409344708,-1.0032430701130792,-0.33381105084476553,1.0779797503038049,0.47501779988626985,-0.8163120889297051,0.22022666908289307,-1.3128898494180685,0.21623754683118218,0.054656711169231015,-1.0247328008368966,1.105006304181461,4.0,5.0,4.0,3.0,5.0,5.0,5.0,5.0,4.0,6.0,5.0,5.0,4.0,5.0,4.0,2.0,3.0,3.0,3.0,4.0,3.0,4.0,4.0,4.0,2.0,4.0,4.0,5.0,4.0,2.0,3.0,3.0,2.0,4.0,5.0,5.0,2.0,1.0,2.0,6.0,4.0,4.0,4.0,5.0,3.0,3.0,3.0,3.0,6.0,6.0,5.0,0.0063528612731553755,0.9900116710238146,1.0056153313730247,0.6753320397222226,-1.0147391148882123,-0.5045188738320073,-0.5068868537790432,0.33980181033565987,-1.5256829948416268,0.6629154631685762,-2.374292935124543,0.6743668062068938,-0.0005404546149450336,-0.9981891186916533,1.6699239342618393
1,0,0,0.35,0.15,0.85,0.3467736602914179,-1.3043854201609615,1.3654139921581092,-0.3625841650683277,-1.0,2.01603636774745,-1.270520275581339,2.9845574121337157,0.743722587590217,0.04071264712151701,0.05895370198528707,0.2792702075392821,0.45179814222309955,0.30762020075466123,-0.08078198406638433,-1.5480799637360407,-0.8637344636512798,-0.16096378203091083,-0.7365769911453983,0.5275558443133438,5.0,6.0,5.0,6.0,2.0,3.0,3.0,5.0,5.0,5.0,5.0,4.0,4.0,4.0,5.0,4.0,3.0,5.0,4.0,4.0,4.0,4.0,3.0,3.0,4.0,3.0,4.0,3.0,3.0,4.0,5.0,4.0,2.0,4.0,5.0,4.0,3.0,2.0,2.0,2.0,3.0,4.0,4.0,4.0,4.0,3.0,2.0,4.0,4.0,4.0,4.0,1.5310395668304237,-1.328468353119777,1.0056153313730247,-0.003180527659602121,0.25716263506959414,0.005176594601275346,-0.7564311510241106,-0.6654670276373246,-0.2526228687677792,0.3304186791341802,-1.699837773793115,-1.0089200735607025,-0.0005404546149450336,-0.9981891186916533,-0.014740816569775791
1,1,0,0.35,0.15,0.85,0.16907486402818456,0.32800004124280685,0.4248760019149408,-0.023762320072047132,-1.0,0.02289256558938435,0.689121763263707,1.9166391637887674,0.345907278609455,-1.0784867762906172,0.5942712877510464,0.8224107031614896,0.9281834216272447,0.6642388034022308,0.09989420658497666,-0.7718153880601664,-0.2549384005125249,-0.8234302964415957,0.31360742058415153,0.6789381100127488,3.0,4.0,4.0,3.0,5.0,4.0,4.0,4.0,4.0,4.0,5.0,4.0,4.0,4.0,2.0,4.0,4.0,4.0,4.0,6.0,6.0,5.0,4.0,4.0,4.0,3.0,5.0,5.0,5.0,4.0,4.0,3.0,3.0,3.0,5.0,2.0,4.0,3.0,3.0,3.0,5.0,3.0,4.0,3.0,4.0,4.0,5.0,4.0,4.0,5.0,5.0,-0.5018760405792674,0.3275888069827882,0.24933588122174866,-0.003180527659602121,-0.5059784149050897,1.279415265684482,-0.25734255653397575,1.0099810356509835,-0.5072348939825487,-0.6670716729690054,-0.6881550317959728,-0.3356053216536642,-0.3464314081794914,0.3210489524754257,0.6591250837628704
1,0,1,0.35,0.15,0.85,0.4055236230270421,-0.2833726565396335,1.3847465386195057,-0.15569592492170836,-1.0,0.6914238323977673,-0.826584165070395,3.0383658944109264,0.4900521046669649,-1.4576565004999797,-0.4213594437391181,0.8171952455736053,0.21263183042112052,0.5941798581704479,0.9921243889018768,-1.2491918021581676,-0.9553945934781738,-0.675062853933547,-0.041181114322975734,0.1403402428316421,3.0,5.0,5.0,5.0,3.0,3.0,3.0,6.0,5.0,6.0,4.0,3.0,3.0,4.0,2.0,1.0,1.0,3.0,4.0,5.0,3.0,5.0,4.0,3.0,4.0,3.0,5.0,4.0,3.0,4.0,5.0,4.0,3.0,5.0,5.0,4.0,3.0,3.0,4.0,3.0,3.0,4.0,3.0,4.0,3.0,5.0,3.0,3.0,4.0,5.0,4.0,0.5145817631255781,-0.9972569210992638,1.25770848142345,-0.6816930950414264,-2.2866408648460186,0.2600243288179167,-0.5068868537790432,0.004712197677998546,0.001989156446990387,0.6629154631685762,-0.6881550317959728,-0.672262697607183,-0.6923223617440373,-0.3385700831081138,0.32219213359654686
1,1,1,0.35,0.15,0.85,-0.5262366231858909,0.7884604916191782,2.02693072427794,1.5969689333817083,-1.0,0.8834305156993695,1.040486548497751,2.780308292940915,1.3694707538836324,-1.1456426254646699,0.371603167685017,0.8916048342935643,0.5730603713641172,0.5451645780269658,-0.1498332747485242,0.40568644459173986,0.6220793743857855,-0.8100439796966412,0.8707737216731142,-0.4360106373475927,4.0,4.0,3.0,5.0,5.0,5.0,4.0,5.0,6.0,4.0,6.0,5.0,4.0,6.0,2.0,3.0,2.0,2.0,4.0,4.0,3.0,4.0,4.0,4.0,5.0,5.0,5.0,5.0,5.0,4.0,5.0,3.0,5.0,3.0,3.0,4.0,4.0,4.0,4.0,3.0,4.0,6.0,2.0,4.0,4.0,5.0,5.0,5.0,4.0,4.0,3.0,0.0063528612731553755,0.6588002390033019,1.25770848142345,1.0145883234131345,-1.7778801648628961,-0.249671139615366,0.4912903352012265,1.0099810356509835,0.25660118166175994,-0.6670716729690054,-0.013699870464544755,0.337709430253374,-0.6923223617440373,0.9806679880589657,-0.3516737667360989
0,0,1,0.35,0.15,0.85,-0.1395031354366972,-0.13525382580960477,-0.2531620896153986,0.12745550915943726,-1.0,-1.0135645966941742,1.230682308177947,1.7657594075899026,0.6965429583160295,-0.0358583739783902,0.6917358420658075,0.3453353563000284,1.1797887120591224,0.21578777133279906,1.2887801828926881,-0.16441826152957617,0.6676665730397848,-1.0530233060171015,1.4245636248918614,-1.2594363855199322,3.0,3.0,3.0,2.0,6.0,6.0,5.0,4.0,5.0,4.0,4.0,4.0,4.0,3.0,4.0,3.0,4.0,5.0,4.0,5.0,4.0,5.0,3.0,4.0,4.0,3.0,4.0,5.0,6.0,4.0,3.0,4.0,2.0,4.0,5.0,5.0,5.0,5.0,4.0,5.0,4.0,6.0,4.0,3.0,5.0,5.0,4.0,5.0,4.0,2.0,2.0,-1.2642193933579016,1.652434535064841,0.24933588122174866,-0.34243681135051446,0.002782285078032882,0.514872063034558,-0.5068868537790432,1.0099810356509835,-0.7618469191973182,0.6629154631685762,0.6607552908668837,1.0110241821604127,-0.0005404546149450336,0.6508584702671961,-1.3624726172350679
0,0,1,0.35,0.15,0.85,-1.6548315987242943,-0.5931256710918497,0.3473271177021265,-1.198043979772592,1.0,0.9969829297607269,-0.32699779910686333,2.3815934345853536,1.252638772231741,1.505046545227657,0.6441121267869871,0.6108553725637524,-1.8984535288097215,-0.5049203628926554,2.183131820841747,1.0144417769646237,-0.8859899021867408,-0.14203300707817929,1.7295315932400008,-0.259474506159386,6.0,5.0,4.0,5.0,3.0,4.0,3.0,5.0,5.0,6.0,5.0,4.0,5.0,3.0,7.0,6.0,6.0,5.0,4.0,4.0,5.0,4.0,5.0,4.0,3.0,4.0,3.0,2.0,1.0,3.0,4.0,4.0,3.0,7.0,7.0,5.0,5.0,5.0,5.0,5.0,5.0,3.0,4.0,4.0,5.0,6.0,5.0,6.0,5.0,4.0,4.0,1.0228106649780009,-0.6660454890787506,1.25770848142345,-0.003180527659602121,2.0378250850105233,0.2600243288179167,-0.0077982592889083565,-2.005825478267971,-0.5072348939825487,2.325399383340552,0.9979828715325975,0.337709430253374,0.3453504989496009,1.6402870236425056,0.32219213359654686
0,1,0,0.35,0.15,0.85,0.04057488886106163,-0.42106502141188634,0.2004168651027932,-0.3057408886959453,1.0,-0.08220431580014737,0.6268515544374605,1.294482003548128,-0.244051919508673,0.5891975077563484,-0.0360977191804876,1.4162299477755476,0.12473080734033515,1.2650462387037773,-0.3058983968967619,-0.19834933528440885,0.3139177168741003,-1.735798085205464,-1.629179399620002,-1.0363095588308175,3.0,4.0,4.0,4.0,5.0,4.0,4.0,2.0,4.0,5.0,5.0,3.0,3.0,3.0,5.0,4.0,6.0,5.0,4.0,4.0,4.0,4.0,4.0,5.0,6.0,4.0,3.0,4.0,5.0,5.0,6.0,4.0,5.0,3.0,2.0,3.0,4.0,6.0,4.0,4.0,5.0,4.0,2.0,1.0,3.0,2.0,2.0,3.0,3.0,4.0,2.0,-0.24776158965305603,0.3275888069827882,-0.0027572688286767065,-1.0209493787323387,1.020303685044278,0.005176594601275346,0.7408346324462939,0.004712197677998546,1.0204372573060685,-1.3320652410377964,0.6607552908668837,0.337709430253374,-2.0758861760022222,-1.6578081542751928,-1.0255396670687447
1,0,0,0.35,0.15,0.85,-0.6039926871001818,0.8470481272864477,0.9221888681059238,0.03493462030375768,1.0,0.9946372302233271,0.5820022492947223,1.4674546624767737,2.180084076210229,-0.41999046867213335,-1.2507244705539746,1.393734408540501,0.7778514251118114,0.9867967757068703,0.18898090118519106,0.6409068252003242,0.39899343230639717,-0.6315555131738144,0.2940638078357402,1.5692344739166628,4.0,5.0,5.0,3.0,4.0,4.0,5.0,3.0,2.0,4.0,4.0,6.0,4.0,5.0,3.0,3.0,3.0,3.0,3.0,2.0,3.0,2.0,4.0,6.0,3.0,4.0,4.0,4.0,4.0,6.0,5.0,5.0,5.0,3.0,4.0,3.0,5.0,4.0,4.0,5.0,5.0,3.0,3.0,2.0,1.0,4.0,5.0,3.0,4.0,5.0,5.0,0.26046731219936675,0.3275888069827882,-0.7590367189799527,1.0145883234131345,-1.0147391148882123,-1.5239098106985727,0.24174603795615907,0.004712197677998546,1.2750492825208382,-0.6670716729690054,0.32352771020116905,0.337709430253374,-2.0758861760022222,-0.008760565316343828,0.6591250837628704
1,1,0,0.35,0.15,0.85,-0.4772938812022248,-0.8556174816042263,-0.9779441887390442,-0.7845930072263371,1.0,0.5269597450902286,0.5623234872759937,1.4326506465873639,2.241432233760032,-1.1378538165867258,-1.504235136676676,1.1072004351033193,1.5370118301172158,0.046007346455188114,1.762658276002531,-0.33204669329896147,0.301873230752464,-0.28793634346386887,0.7941158766379487,0.2178340910030315,4.0,4.0,5.0,4.0,5.0,5.0,5.0,3.0,5.0,3.0,3.0,4.0,5.0,5.0,3.0,3.0,3.0,5.0,1.0,3.0,2.0,2.0,5.0,4.0,4.0,4.0,5.0,6.0,4.0,3.0,3.0,3.0,3.0,5.0,5.0,5.0,4.0,4.0,4.0,4.0,5.0,6.0,4.0,3.0,3.0,4.0,5.0,6.0,4.0,5.0,3.0,0.26046731219936675,0.9900116710238146,-0.5069435689295274,0.6753320397222226,-0.5059784149050897,-2.0336052791318555,0.24174603795615907,1.0099810356509835,-1.0164589444120877,0.9954122472029713,-0.013699870464544755,1.0110241821604127,-0.6923223617440373,0.9806679880589657,-0.014740816569775791
0,1,0,0.35,0.15,0.85,-0.18164518392994022,0.7300663785923095,-0.05591185868354078,-0.42284868069819753,1.0,0.08770218729053432,-0.5132122633277821,2.4254221839983163,1.780655338665555,0.9921372900049548,-0.08126527244883364,1.495188020359082,0.4869531425362655,-0.3397577366812552,2.011108341524525,-0.10938720912586816,-0.17312155265283102,-0.4632735046980412,-1.645738330733087,2.2777441472260405,4.0,3.0,3.0,4.0,2.0,2.0,3.0,5.0,4.0,5.0,5.0,6.0,5.0,6.0,5.0,5.0,5.0,5.0,4.0,4.0,5.0,3.0,5.0,5.0,5.0,5.0,6.0,4.0,6.0,4.0,4.0,3.0,3.0,5.0,6.0,7.0,4.0,5.0,4.0,4.0,4.0,3.0,4.0,4.0,3.0,4.0,3.0,3.0,6.0,5.0,5.0,-0.5018760405792674,-1.6596797851402898,0.7535221813225994,1.6931008907949592,1.020303685044278,0.005176594601275346,0.9903789296913613,1.3450706483086448,-0.5072348939825487,1.9929025993061573,0.32352771020116905,-0.3356053216536642,-0.3464314081794914,-0.6683796008998834,1.3329909840955156
0,0,1,0.35,0.15,0.85,0.7758919851065476,-0.19005713701277452,0.42188405293987485,0.749603717645267,1.0,-0.5272356942477044,-0.11198416576184178,1.5857364594929275,1.6733621621837171,0.9404652285341752,0.06657175791234216,1.5986453457702519,0.8982279140505969,0.6686842121892956,-1.066747864554317,-1.7416906997860477,0.4124574677559664,0.4189731371532204,-0.20005742529626244,0.5618987999576148,3.0,4.0,3.0,2.0,3.0,4.0,4.0,5.0,4.0,5.0,4.0,5.0,4.0,5.0,4.0,5.0,5.0,5.0,5.0,4.0,5.0,4.0,6.0,5.0,5.0,4.0,4.0,5.0,5.0,5.0,4.0,3.0,3.0,2.0,3.0,2.0,3.0,2.0,1.0,5.0,5.0,5.0,5.0,5.0,4.0,4.0,5.0,3.0,5.0,5.0,6.0,-1.0101049424316901,-0.3348340570582378,0.501429031272174,0.6753320397222226,0.7659233350527167,0.514872063034558,0.9903789296913613,0.6748914229933222,-0.2526228687677792,-1.6645620250721915,-2.037065354458829,1.0110241821604127,0.6912414525141477,-0.008760565316343828,1.3329909840955156
1,0,0,0.35,0.15,0.85,-0.6090822066531416,0.06539969619603972,-0.03762829579482572,0.14453510403982583,1.0,0.11016716532196923,-0.44755364358861144,2.3293065440791114,1.9835197142914143,0.5015807033652552,0.3309353895187038,1.5851949828324656,-1.2063700745410886,1.1091615197923317,0.10484196552961567,-0.8446986960021304,0.010085251597949263,-0.8555362025247386,-0.07179613048254535,-0.39255270128387504,3.0,3.0,3.0,4.0,3.0,3.0,4.0,4.0,5.0,6.0,6.0,5.0,5.0,4.0,4.0,4.0,6.0,5.0,5.0,5.0,4.0,2.0,5.0,5.0,4.0,4.0,2.0,2.0,3.0,4.0,3.0,5.0,4.0,3.0,3.0,3.0,3.0,3.0,3.0,4.0,5.0,4.0,3.0,2.0,3.0,4.0,3.0,3.0,3.0,4.0,3.0,-0.7559904915054788,-0.6660454890787506,1.25770848142345,0.6753320397222226,0.7659233350527167,0.005176594601275346,0.4912903352012265,-1.6707358656103095,0.001989156446990387,-0.9995684570034009,-1.025382612461687,0.337709430253374,-1.38410426887313,-0.6683796008998834,-0.6886067169024216
0,1,1,0.35,0.15,0.85,-1.5985115119915934,0.13553116189578637,-0.7554700143057812,-0.5510514909019855,1.0,0.8565565522313053,1.6257199561000213,1.5316434612634842,2.902077768640147,0.5485890461048422,0.5892534287412439,0.8174382581636117,1.0827660711689593,-0.484643804795732,0.4727675105677326,-0.2692823341799343,-1.2203128228974722,0.19936936231852,0.05012008235661007,-0.47851570701363255,4.0,5.0,6.0,5.0,5.0,6.0,6.0,4.0,4.0,3.0,4.0,6.0,6.0,7.0,5.0,3.0,3.0,5.0,5.0,6.0,5.0,5.0,5.0,5.0,4.0,4.0,5.0,6.0,5.0,3.0,3.0,4.0,3.0,5.0,5.0,5.0,4.0,4.0,4.0,3.0,1.0,4.0,4.0,5.0,5.0,4.0,5.0,4.0,4.0,3.0,5.0,1.0228106649780009,1.652434535064841,-0.25485041887910204,2.371613458176783,0.002782285078032882,1.279415265684482,0.4912903352012265,1.3450706483086448,-0.7618469191973182,0.9954122472029713,-0.013699870464544755,-1.3455774495142216,0.6912414525141477,0.3210489524754257,-0.014740816569775791
1,1,0,0.35,0.15,0.85,-0.9343355571636668,1.0222139598370734,1.6209475120793535,-0.2697369025713948,1.0,-0.5432647708805067,1.1738832045524097,0.9745784061696866,1.5908046982826982,0.4643577108655711,0.09106586092464017,1.5634199132292776,0.19461538558403207,0.9386839507201825,-0.9371491276403495,0.38229443314866485,2.3296186256655176,-2.292841634524118,-0.8371294560378728,0.36761074279577577,3.0,3.0,4.0,5.0,5.0,5.0,5.0,4.0,4.0,2.0,4.0,5.0,6.0,5.0,5.0,5.0,5.0,5.0,6.0,5.0,5.0,4.0,4.0,6.0,5.0,5.0,4.0,3.0,5.0,5.0,4.0,5.0,5.0,3.0,3.0,2.0,4.0,5.0,4.0,6.0,5.0,6.0,1.0,2.0,2.0,3.0,4.0,3.0,3.0,4.0,4.0,-0.24776158965305603,0.9900116710238146,-0.5069435689295274,1.3538446071040464,1.020303685044278,1.0245675314678406,0.9903789296913613,0.004712197677998546,0.7658252320912989,-1.3320652410377964,0.32352771020116905,1.6843389340674513,-2.4217771295667685,-0.6683796008998834,-0.3516737667360989
1,0,1,0.35,0.15,0.85,0.2457979094887502,0.16204217165060833,1.2196735930426983,-0.3138022512930579,-1.0,1.0131024601884127,-0.903683255549006,1.6034970023159751,0.16901588027371162,-0.21172997920194858,0.12947795418313512,0.5555541726869913,-0.3393629758528992,0.8946441604960628,-0.21206032091256188,-0.37973658442587865,0.5737706382400143,-1.2336572913380868,1.5378496028058675,0.2664697461376012,4.0,4.0,4.0,5.0,2.0,3.0,2.0,4.0,3.0,3.0,5.0,4.0,3.0,2.0,4.0,2.0,3.0,2.0,4.0,4.0,4.0,3.0,4.0,3.0,4.0,4.0,3.0,5.0,4.0,4.0,4.0,5.0,4.0,3.0,2.0,3.0,3.0,5.0,4.0,5.0,5.0,6.0,2.0,3.0,3.0,6.0,5.0,6.0,5.0,4.0,3.0,0.26046731219936675,-1.6596797851402898,-0.25485041887910204,-1.0209493787323387,-1.2691194648797735,-0.249671139615366,-0.25734255653397575,0.004712197677998546,0.25660118166175994,-1.3320652410377964,-0.013699870464544755,1.3476815581139316,-1.38410426887313,1.6402870236425056,-0.014740816569775791
0,1,0,0.35,0.15,0.85,-0.5922805743825952,1.2297819412111406,-0.31288827880037573,-0.04973637752603698,-1.0,-0.6548896864272942,0.4400595706192862,1.1927825261718168,0.09649869641190269,0.43021185047195165,-0.25234368327969436,0.45507078755305186,-0.17747747186776755,0.743825011657905,-0.4323015086194433,-0.17258765398831102,0.3079100174410194,-1.5244591630255178,-0.005736508267140228,-0.5761670157063765,3.0,3.0,3.0,3.0,4.0,5.0,3.0,3.0,4.0,4.0,3.0,3.0,3.0,4.0,4.0,4.0,4.0,5.0,4.0,3.0,5.0,3.0,3.0,4.0,4.0,3.0,4.0,4.0,3.0,5.0,5.0,3.0,5.0,3.0,3.0,3.0,4.0,4.0,3.0,4.0,4.0,4.0,1.0,2.0,2.0,4.0,4.0,5.0,4.0,4.0,3.0,-1.0101049424316901,-0.003622625037724597,-0.5069435689295274,-0.6816930950414264,0.25716263506959414,-0.249671139615366,-0.5068868537790432,-0.3303774149796632,0.5112132068765295,-0.9995684570034009,-0.35092745113025897,0.0010520542998551361,-2.4217771295667685,0.3210489524754257,-0.3516737667360989
0,1,1,0.35,0.15,0.85,-2.730894078359283,-0.4131851461465419,0.08440184173189158,-0.5148980661819776,-1.0,0.8353232593244808,0.35912606439930306,2.2174287010021354,0.2510640532145696,-1.8345387713091421,-0.9353273569611192,1.408710195331596,-0.7191129749378685,1.2356197346502351,1.0950494013489416,-1.183062199916593,0.988024940794171,0.05027239694544658,-0.27050382282365526,-0.4923017243086942,4.0,4.0,5.0,5.0,4.0,5.0,5.0,4.0,4.0,5.0,3.0,4.0,2.0,4.0,1.0,2.0,3.0,1.0,4.0,3.0,4.0,4.0,5.0,6.0,4.0,5.0,2.0,4.0,4.0,3.0,5.0,4.0,4.0,4.0,5.0,6.0,2.0,4.0,4.0,5.0,6.0,5.0,4.0,3.0,4.0,5.0,4.0,3.0,3.0,4.0,4.0,0.5145817631255781,0.6588002390033019,-0.0027572688286767065,-0.6816930950414264,-2.2866408648460186,-0.249671139615366,0.9903789296913613,-0.6654670276373246,0.001989156446990387,0.9954122472029713,-0.6881550317959728,1.3476815581139316,-0.3464314081794914,-0.008760565316343828,-0.3516737667360989
0,1,0,0.35,0.15,0.85,-0.17379812700213795,1.0513476352475912,-0.860318911751329,1.2871891905418753,1.0,-0.31749798446428334,1.2653701135318,1.3694257329444697,1.4523525237760595,-0.257826608096683,0.002146505734818893,0.9383350845144034,1.009247551308847,-0.04079270883022612,0.933725848499966,0.12078190946716422,1.2768435566988778,0.29127452826038125,-0.8418637412772983,0.023810117419716136,4.0,5.0,4.0,2.0,6.0,6.0,5.0,3.0,2.0,5.0,6.0,4.0,4.0,5.0,4.0,4.0,3.0,2.0,5.0,3.0,5.0,2.0,4.0,4.0,4.0,4.0,4.0,5.0,6.0,5.0,6.0,3.0,4.0,4.0,4.0,5.0,5.0,4.0,4.0,6.0,5.0,6.0,4.0,3.0,5.0,4.0,3.0,4.0,4.0,5.0,4.0,-0.24776158965305603,1.652434535064841,-0.0027572688286767065,0.3360757560313098,-0.760358764896651,-0.249671139615366,-0.0077982592889083565,1.0099810356509835,0.5112132068765295,0.3304186791341802,0.32352771020116905,1.6843389340674513,-0.0005404546149450336,-0.3385700831081138,0.32219213359654686
0,1,0,0.35,0.15,0.85,-0.466583022344286,-1.0462689587230865,0.377705833102118,1.6978874791632919,-1.0,-0.26245660175845414,0.5084493425706889,2.2629878962610155,0.8211131149366508,-0.1691209739420732,-0.2731060288498903,1.6343369305453903,-0.28393447476467926,1.6143044052506186,1.4444809302013129,-2.7357450540603536,-0.7109920555000991,1.026008706738082,-0.11759401091710953,0.6987829736616804,3.0,3.0,4.0,4.0,3.0,4.0,4.0,4.0,5.0,3.0,4.0,4.0,3.0,3.0,4.0,5.0,3.0,3.0,4.0,3.0,3.0,2.0,5.0,5.0,5.0,5.0,3.0,4.0,4.0,4.0,4.0,6.0,6.0,4.0,6.0,5.0,1.0,2.0,2.0,4.0,3.0,5.0,5.0,6.0,3.0,3.0,3.0,4.0,6.0,3.0,4.0,-0.5018760405792674,-0.3348340570582378,-0.0027572688286767065,-0.6816930950414264,-0.2515980649135284,-1.01421434226529,0.9903789296913613,-0.3303774149796632,1.0204372573060685,0.9954122472029713,-2.374292935124543,0.0010520542998551361,0.6912414525141477,-0.6683796008998834,0.32219213359654686
1,0,0,0.35,0.15,0.85,-0.09796139951281527,-0.8613901277786972,0.39812990287508343,0.2115666633375579,1.0,0.6070451112651147,0.4617913338212533,1.3622741981297732,-0.14795769180362695,0.8807242637713366,0.5218522504905183,0.7755302797597121,0.7548637960026884,0.573737332655428,0.11356056023125122,-0.47914652522138124,-1.3555520324114392,-0.9253819070873466,-0.4076465084802362,-0.2733900408063199,4.0,3.0,4.0,3.0,4.0,5.0,3.0,3.0,4.0,2.0,4.0,2.0,3.0,2.0,5.0,4.0,4.0,5.0,6.0,5.0,4.0,4.0,4.0,4.0,3.0,4.0,4.0,4.0,5.0,4.0,4.0,4.0,3.0,3.0,4.0,4.0,3.0,4.0,4.0,2.0,3.0,4.0,3.0,3.0,4.0,4.0,4.0,4.0,3.0,4.0,4.0,-0.5018760405792674,-0.003622625037724597,-0.7590367189799527,-1.699461946114163,0.5115429850611555,0.7697197972511993,-0.25734255653397575,0.33980181033565987,-0.2526228687677792,-0.33457488893461035,-0.35092745113025897,-1.0089200735607025,-0.6923223617440373,-0.008760565316343828,-0.3516737667360989
1,0,1,0.35,0.15,0.85,0.7643546266819122,-0.08514787287735943,0.10588593260917427,0.9364590213414464,1.0,0.8217702159400146,0.8950179493833421,2.3351069478192605,2.674397960135035,-0.18953023407344938,-0.10403657725513396,1.8724415880861598,2.062489943232207,-0.09529464192421166,1.4426763608031403,-0.6139016080905332,0.07259225698751048,-0.03414346444776917,-1.1649534699005177,-0.32808985956349723,3.0,5.0,5.0,4.0,4.0,5.0,4.0,6.0,3.0,3.0,4.0,5.0,4.0,7.0,4.0,4.0,3.0,3.0,3.0,3.0,2.0,4.0,5.0,5.0,5.0,5.0,6.0,5.0,6.0,3.0,3.0,3.0,2.0,5.0,4.0,5.0,4.0,3.0,2.0,5.0,4.0,4.0,3.0,4.0,4.0,3.0,3.0,2.0,4.0,2.0,3.0,0.26046731219936675,0.3275888069827882,-0.0027572688286767065,1.3538446071040464,-0.5059784149050897,-1.01421434226529,0.9903789296913613,1.680160260966307,-1.2710709696268574,0.6629154631685762,-1.025382612461687,0.337709430253374,-0.3464314081794914,-1.3279986364834233,-1.0255396670687447
0,1,0,0.35,0.15,0.85,-0.5936325039755068,0.1440004451994172,-0.5555937048969656,-1.4348196539597213,1.0,1.5043626610117973,0.7918599617587989,1.9089217725251157,1.1432926929318301,-1.5379830856850136,-0.3821810085657993,2.992353491720153,0.6889004585141787,0.9271362419740813,0.9725267436087055,-0.7028413808634508,1.7177528511407063,2.5651932930795414,-1.688893241093068,-0.4665305492671377,5.0,5.0,4.0,6.0,3.0,5.0,4.0,4.0,4.0,4.0,4.0,5.0,4.0,4.0,1.0,4.0,3.0,3.0,4.0,4.0,4.0,4.0,5.0,6.0,7.0,6.0,4.0,6.0,5.0,5.0,4.0,4.0,6.0,5.0,5.0,5.0,4.0,3.0,4.0,5.0,6.0,4.0,6.0,7.0,6.0,3.0,3.0,2.0,3.0,4.0,4.0,1.0228106649780009,-0.003622625037724597,-0.0027572688286767065,0.3360757560313098,-1.2691194648797735,0.005176594601275346,1.988556118671631,1.0099810356509835,0.7658252320912989,0.9954122472029713,-0.35092745113025897,1.0110241821604127,2.420696220336878,-1.3279986364834233,-0.3516737667360989
0,1,0,0.35,0.15,0.85,0.45992449773071065,-0.1189514087021786,0.7732086295112689,-1.4082260933483381,1.0,-1.582893935387435,1.26397045865558,0.40781086913389525,0.03476070934577091,1.1007852512079297,1.232190990180295,-0.3741894041526863,-0.5924631045842728,0.4323031438906091,-0.5308311478795895,0.9045025512482724,-1.6740802611220251,-1.7847820637672736,1.6256559098144798,0.9419494651923337,1.0,3.0,2.0,2.0,4.0,5.0,5.0,2.0,1.0,3.0,3.0,4.0,4.0,5.0,5.0,5.0,5.0,4.0,5.0,4.0,6.0,5.0,4.0,3.0,2.0,3.0,3.0,4.0,3.0,4.0,4.0,3.0,2.0,3.0,3.0,4.0,4.0,5.0,5.0,2.0,3.0,2.0,3.0,2.0,4.0,6.0,4.0,6.0,6.0,5.0,5.0,-2.026562746136536,0.6588002390033019,-1.7674093191816542,0.3360757560313098,0.7659233350527167,1.0245675314678406,-1.005975448269178,-0.6654670276373246,-0.7618469191973182,-0.6670716729690054,0.6607552908668837,-1.6822348254677406,-1.0382133153085837,1.3104775058507352,1.3329909840955156
0,0,1,0.35,0.15,0.85,-1.549687523640562,-0.6264951604288251,1.6685869447396184,0.39427245544698897,-1.0,2.0725038672931406,1.4179886806691078,2.067766508908065,-0.8217134197741283,-0.7449231959659048,-0.604706781534557,1.594502064301397,1.087094066241447,0.593794216823549,-0.03568374068760849,-2.7335094795341774,-0.102723424621678,1.081930499624895,-0.6236135118821855,-0.7431056653775915,7.0,7.0,6.0,4.0,6.0,5.0,6.0,5.0,4.0,4.0,4.0,2.0,4.0,3.0,3.0,3.0,3.0,3.0,3.0,3.0,3.0,5.0,5.0,5.0,5.0,5.0,5.0,3.0,5.0,3.0,4.0,5.0,4.0,3.0,5.0,3.0,1.0,1.0,3.0,4.0,4.0,4.0,4.0,4.0,4.0,3.0,4.0,3.0,3.0,4.0,4.0,2.0392684686828466,1.652434535064841,0.24933588122174866,-1.0209493787323387,-1.0147391148882123,-0.5045188738320073,0.9903789296913613,0.33980181033565987,0.001989156446990387,-0.33457488893461035,-2.374292935124543,0.0010520542998551361,-0.0005404546149450336,-0.6683796008998834,-0.3516737667360989
1,1,1,0.35,0.15,0.85,0.9118914315362586,-1.3624121890780303,0.45123882934070586,-0.42637877014945275,-1.0,0.12970134252193022,0.0011247323053029112,1.2157174121737264,0.6801415069641971,-0.05044737622718123,-0.09122099452091005,-0.6235429423993664,-0.6372365832979003,-1.2237175018956297,-1.285111746314868,-1.6033343363451311,-0.27128262484488797,-0.3189569954678201,1.482338412129407,-0.9758267730126169,4.0,5.0,3.0,3.0,4.0,4.0,5.0,4.0,4.0,2.0,3.0,4.0,4.0,6.0,4.0,4.0,4.0,4.0,4.0,5.0,5.0,6.0,2.0,3.0,2.0,2.0,3.0,3.0,4.0,1.0,2.0,1.0,3.0,2.0,3.0,2.0,3.0,3.0,3.0,4.0,3.0,5.0,4.0,6.0,4.0,5.0,5.0,6.0,3.0,3.0,3.0,-0.24776158965305603,0.3275888069827882,-0.7590367189799527,0.6753320397222226,0.002782285078032882,1.0245675314678406,-1.7546083400043804,-0.6654670276373246,-2.2895190704859356,-1.6645620250721915,-1.025382612461687,0.0010520542998551361,0.6912414525141477,1.3104775058507352,-1.0255396670687447
1,1,0,0.35,0.15,0.85,-0.31717038037477024,-0.3552465211363105,-0.5029463796717245,-1.2523655057408074,-1.0,-0.009716686221098114,0.5646529365425543,-0.26961299793941307,0.005829584291988932,1.3232100144436487,-0.4485355790770993,0.3970474641445982,-0.7528117363961696,0.8651631019084395,-0.2144640376013015,0.7768565945159487,-0.12206545792681414,-1.457508602471615,0.2216543343569453,-0.2614228545471648,5.0,4.0,4.0,3.0,4.0,4.0,4.0,1.0,3.0,2.0,1.0,3.0,4.0,3.0,6.0,5.0,3.0,5.0,5.0,5.0,4.0,3.0,3.0,3.0,4.0,4.0,3.0,1.0,4.0,4.0,4.0,6.0,4.0,3.0,4.0,4.0,4.0,4.0,5.0,5.0,4.0,3.0,4.0,3.0,5.0,5.0,4.0,6.0,4.0,4.0,4.0,0.0063528612731553755,-0.003622625037724597,-2.271595619282505,-0.6816930950414264,0.7659233350527167,0.2600243288179167,-0.5068868537790432,-1.335646252952648,0.5112132068765295,-0.33457488893461035,0.32352771020116905,0.0010520542998551361,-0.0005404546149450336,0.9806679880589657,-0.014740816569775791
1,0,1,0.35,0.15,0.85,0.693687626721495,-0.1365775682552068,-1.0336382419972345,-0.8872849700877534,-1.0,1.0944294097473564,-0.7795216270932436,3.1629853185964185,1.2707982638840365,-0.024716913912603583,-1.0955232700969106,0.9635684923306185,-0.7990962570133535,1.4288177486092013,0.34119080568747084,-0.17982614747131997,0.4175266324951125,-1.494188547101975,-0.5350682266681276,1.7123395156826757,6.0,4.0,5.0,4.0,1.0,1.0,3.0,6.0,5.0,5.0,6.0,5.0,5.0,4.0,3.0,5.0,4.0,5.0,3.0,4.0,2.0,3.0,3.0,4.0,4.0,3.0,2.0,3.0,3.0,4.0,4.0,5.0,4.0,4.0,4.0,4.0,3.0,3.0,4.0,5.0,5.0,5.0,3.0,4.0,3.0,4.0,5.0,3.0,5.0,7.0,4.0,0.7686962140517896,-2.322102649181316,1.5098016314738754,0.6753320397222226,0.25716263506959414,-1.01421434226529,-0.5068868537790432,-1.335646252952648,0.25660118166175994,-0.002078104900214853,-0.6881550317959728,1.0110241821604127,-0.6923223617440373,-0.008760565316343828,1.3329909840955156
1,0,1,0.35,0.15,0.85,-1.9276999284632939,-1.5577279652071678,0.4143524715532314,-0.6416564345463663,-1.0,1.5381206440649726,0.30079564931786656,1.4800819659090956,-0.12399274429646973,-0.7334805819411117,-1.0039217571356027,2.0030583723260866,0.8036198760027781,0.3251021169711178,1.2189295247183616,-1.5965244458352101,-0.03437281906478984,1.1596471672341055,-1.7912281193283341,1.3219172280540576,6.0,5.0,5.0,3.0,5.0,4.0,3.0,4.0,4.0,3.0,3.0,4.0,3.0,3.0,3.0,4.0,5.0,3.0,4.0,3.0,4.0,3.0,5.0,7.0,5.0,4.0,4.0,3.0,5.0,4.0,5.0,5.0,4.0,5.0,5.0,4.0,2.0,2.0,4.0,3.0,5.0,5.0,5.0,4.0,5.0,2.0,3.0,1.0,6.0,5.0,4.0,0.7686962140517896,-0.003622625037724597,-0.5069435689295274,-0.6816930950414264,-0.2515980649135284,-0.5045188738320073,1.2399232269364286,0.004712197677998546,0.5112132068765295,0.6629154631685762,-1.3626101931274013,0.337709430253374,0.6912414525141477,-1.9876176720669627,0.9960580339291931
1,0,1,0.35,0.15,0.85,1.1301042186360444,-0.6287986191247105,1.7418450140618489,0.4058391737158553,-1.0,0.5327083970089996,-0.2765342778701523,0.9596870983987857,-0.287527879144553,-0.4199170836683833,-1.2891029786547348,0.2274969856667109,-0.2308631929040384,1.1608854221199953,1.0237211505104886,-0.5475255209461122,0.35200469765971154,0.45024816321399197,1.098070031111192,-1.4370502938085377,4.0,4.0,3.0,4.0,3.0,3.0,3.0,3.0,4.0,4.0,4.0,2.0,5.0,3.0,3.0,4.0,4.0,2.0,3.0,3.0,3.0,3.0,4.0,4.0,2.0,4.0,4.0,3.0,4.0,4.0,5.0,4.0,6.0,5.0,6.0,4.0,5.0,3.0,3.0,5.0,5.0,5.0,5.0,4.0,6.0,4.0,6.0,6.0,2.0,3.0,4.0,-0.24776158965305603,-0.9972569210992638,-0.25485041887910204,-0.6816930950414264,-0.760358764896651,-1.01421434226529,-0.5068868537790432,-0.3303774149796632,0.7658252320912989,0.9954122472029713,-0.35092745113025897,1.0110241821604127,1.0371324060786937,1.3104775058507352,-1.0255396670687447
1,0,0,0.35,0.15,0.85,1.3323166828717614,-0.8889505558260661,0.3123893720963668,0.3735162128036259,-1.0,1.046823142416804,0.4787712793451625,1.0811071348812438,-1.0661009132403434,0.135521821207232,-0.005043087930022699,0.07911061641705833,-0.5242633001316008,-0.9799188604236049,-0.4977508419856698,-0.4358810682391663,-0.44993410841703746,-0.549372222432541,0.7315580058139568,0.7126717278498695,6.0,4.0,5.0,5.0,3.0,4.0,5.0,3.0,3.0,4.0,6.0,2.0,2.0,4.0,4.0,5.0,5.0,4.0,4.0,4.0,6.0,4.0,4.0,2.0,3.0,4.0,4.0,3.0,3.0,3.0,3.0,4.0,3.0,4.0,4.0,3.0,4.0,5.0,4.0,5.0,3.0,4.0,4.0,2.0,4.0,5.0,4.0,5.0,5.0,5.0,5.0,1.0228106649780009,-0.003622625037724597,-0.0027572688286767065,-1.360205662423251,0.5115429850611555,0.514872063034558,-0.7564311510241106,-0.6654670276373246,-0.7618469191973182,-0.33457488893461035,0.32352771020116905,0.0010520542998551361,-0.6923223617440373,0.6508584702671961,0.9960580339291931
0,1,1,0.35,0.15,0.85,-0.386175864085609,-1.8224545940472014,0.6777485135549917,0.14667047881031287,1.0,0.974059034103694,0.25866279054851415,1.170254338685592,1.0436073441559686,1.3636865908538116,0.5438762031979408,0.9723890965370375,1.4235369379236351,-0.48340157892882313,-0.6357538121895216,-0.9210767225822609,-0.7030806887206392,0.3157110326762131,-0.5627456075661309,0.08738709431417634,5.0,4.0,5.0,4.0,4.0,4.0,4.0,3.0,4.0,2.0,3.0,3.0,4.0,4.0,6.0,6.0,4.0,6.0,5.0,5.0,4.0,4.0,4.0,5.0,5.0,4.0,5.0,5.0,6.0,2.0,2.0,3.0,3.0,2.0,3.0,3.0,2.0,4.0,4.0,3.0,3.0,3.0,5.0,4.0,5.0,2.0,3.0,4.0,3.0,5.0,4.0,0.5145817631255781,-0.003622625037724597,-1.011129869030378,-0.34243681135051446,1.5290643850274006,0.514872063034558,0.4912903352012265,1.3450706483086448,-1.5256829948416268,-1.3320652410377964,-0.6881550317959728,-1.0089200735607025,0.6912414525141477,-0.9981891186916533,-0.014740816569775791
0,1,0,0.35,0.15,0.85,0.23679677732958093,-1.2032617776631642,0.8492100752547566,-0.25364216813443125,1.0,-1.2826340574858013,0.5646052698554198,0.830851744254305,1.375983377556407,0.47780951906024327,-1.3510810634920318,1.6255721792108533,0.9397618169461821,0.7590453859887162,0.6281463814766116,-0.2338681251098258,0.7258235086855511,-1.1288275009986786,0.5770735292744372,-0.6555256447676767,3.0,3.0,2.0,2.0,4.0,4.0,4.0,3.0,3.0,3.0,3.0,5.0,4.0,5.0,4.0,5.0,6.0,3.0,3.0,3.0,2.0,4.0,5.0,5.0,5.0,5.0,5.0,3.0,5.0,6.0,4.0,3.0,4.0,2.0,4.0,3.0,4.0,5.0,4.0,5.0,6.0,4.0,3.0,3.0,3.0,5.0,5.0,4.0,2.0,3.0,4.0,-1.518333844284113,-0.003622625037724597,-1.011129869030378,0.6753320397222226,0.5115429850611555,-1.01421434226529,0.9903789296913613,0.33980181033565987,0.25660118166175994,-0.9995684570034009,0.32352771020116905,1.0110241821604127,-1.0382133153085837,0.6508584702671961,-1.0255396670687447
0,1,1,0.35,0.15,0.85,-0.23269297036864983,0.5414409223888966,0.3307812583544253,-0.18373248670871792,1.0,0.6377337705733523,0.8716227903240039,3.187846808404593,2.762890704618802,-0.24942596312204632,-1.35030081814757,3.071639695945272,2.2029900154147803,1.2350525968899446,2.1195654991610353,-0.6036208275988382,1.6044384355722896,0.5231359019758954,-1.956393011884378,0.9039682991635571,4.0,3.0,3.0,3.0,4.0,4.0,5.0,6.0,5.0,5.0,5.0,5.0,5.0,5.0,4.0,3.0,4.0,4.0,4.0,4.0,2.0,4.0,6.0,6.0,6.0,6.0,6.0,5.0,6.0,6.0,4.0,5.0,6.0,6.0,5.0,7.0,4.0,3.0,4.0,6.0,6.0,6.0,6.0,4.0,4.0,3.0,2.0,2.0,5.0,4.0,5.0,-0.7559904915054788,0.3275888069827882,1.25770848142345,1.0145883234131345,-0.2515980649135284,-0.5045188738320073,1.988556118671631,1.680160260966307,1.2750492825208382,1.9929025993061573,-0.35092745113025897,2.02099631002097,0.6912414525141477,-1.6578081542751928,0.6591250837628704
0,1,0,0.35,0.15,0.85,-0.7924796484107204,-1.1670917829074294,-1.196164891297014,0.30155932530583157,-1.0,-0.41239239644033826,-0.4062592290799447,1.5971592670060977,-0.39167638522669346,-1.9646352119674588,-1.28644738180121,0.7501832358900418,0.29527635081564674,0.3939381843916081,1.2006255789125404,-1.6212790303578606,-0.49604786209548496,-0.7004032236891606,0.8762423827648806,1.339020687741775,2.0,4.0,3.0,4.0,4.0,4.0,2.0,4.0,4.0,4.0,5.0,3.0,3.0,4.0,2.0,3.0,1.0,2.0,3.0,2.0,4.0,3.0,3.0,4.0,5.0,4.0,4.0,4.0,3.0,6.0,5.0,3.0,4.0,5.0,5.0,5.0,3.0,1.0,3.0,4.0,3.0,5.0,3.0,3.0,3.0,6.0,5.0,4.0,5.0,6.0,5.0,-0.7559904915054788,-0.6660454890787506,0.24933588122174866,-0.6816930950414264,-2.0322605148544572,-1.01421434226529,-0.0077982592889083565,-0.3303774149796632,0.5112132068765295,0.9954122472029713,-1.699837773793115,0.0010520542998551361,-1.0382133153085837,0.9806679880589657,1.3329909840955156
1,1,1,0.35,0.15,0.85,-0.11368733068954563,-1.7691953484701144,0.04079527849794266,-0.41964869586451875,1.0,1.7652747972381335,0.7711651637888624,0.9007587769266139,-0.6218924479309641,0.12770264008972554,-0.45497968896729446,-0.03033189490265764,-0.804486956472956,0.9066928510701856,1.4011621148184545,-1.3035094283653321,-0.8604578590946785,-0.42460797677533724,-0.616442237863616,-0.7450430614273751,4.0,5.0,4.0,5.0,4.0,4.0,5.0,3.0,4.0,3.0,3.0,3.0,3.0,3.0,3.0,5.0,5.0,5.0,5.0,4.0,4.0,4.0,2.0,3.0,3.0,3.0,3.0,4.0,2.0,5.0,5.0,4.0,4.0,5.0,5.0,5.0,2.0,3.0,3.0,3.0,3.0,4.0,4.0,3.0,3.0,4.0,5.0,4.0,3.0,4.0,3.0,0.5145817631255781,0.3275888069827882,-0.7590367189799527,-1.0209493787323387,0.5115429850611555,0.2600243288179167,-1.2555197455142455,-1.0005566402949864,0.5112132068765295,0.9954122472029713,-1.3626101931274013,-0.672262697607183,-0.6923223617440373,0.3210489524754257,-0.6886067169024216
0,1,1,0.35,0.15,0.85,-0.5163286327516501,0.5237027143383645,-0.6420365552869461,1.44512307821401,-1.0,1.1377761724360937,1.115129270332731,3.1164032036245515,0.7722482713109785,0.42546949349391217,1.5182505142795937,0.6704304115596479,1.499970985414947,-0.11902762099583289,1.6914511243427772,0.4491183623854137,-0.09440691743764056,-0.15634075231852623,-1.1597523678393746,-0.007777293776915103,5.0,4.0,4.0,4.0,6.0,4.0,6.0,5.0,5.0,5.0,4.0,5.0,4.0,3.0,5.0,5.0,5.0,5.0,5.0,5.0,5.0,5.0,5.0,4.0,3.0,4.0,4.0,6.0,5.0,3.0,2.0,4.0,4.0,4.0,4.0,5.0,5.0,6.0,4.0,4.0,5.0,4.0,4.0,4.0,4.0,4.0,2.0,3.0,5.0,5.0,3.0,0.26046731219936675,1.3212231030443273,0.7535221813225994,-0.003180527659602121,1.020303685044278,1.0245675314678406,-0.0077982592889083565,1.0099810356509835,-0.7618469191973182,0.3304186791341802,0.9979828715325975,0.337709430253374,-0.0005404546149450336,-0.9981891186916533,0.32219213359654686
1,0,1,0.35,0.15,0.85,-0.5972823534089896,1.0312718542550185,-0.6612340664825166,-0.6869399163296416,1.0,0.6750072520732184,-0.2603434365290933,2.5629386426555447,2.239455658882205,0.05414494853186369,0.15976394797488064,0.16649243869544827,-0.7527611525636576,0.35797138985935323,1.1850465929909257,0.5152201651136303,-1.1504744117596224,-2.5978345129877134,-0.15670996722014002,-0.3761297388360611,4.0,4.0,3.0,3.0,3.0,3.0,5.0,6.0,6.0,4.0,4.0,5.0,6.0,6.0,4.0,5.0,5.0,4.0,5.0,4.0,6.0,5.0,4.0,4.0,2.0,3.0,2.0,3.0,3.0,4.0,4.0,4.0,4.0,4.0,5.0,5.0,5.0,5.0,4.0,4.0,3.0,5.0,3.0,1.0,2.0,4.0,3.0,4.0,3.0,3.0,3.0,-0.5018760405792674,-0.3348340570582378,1.0056153313730247,1.6931008907949592,0.5115429850611555,1.0245675314678406,-0.7564311510241106,-1.335646252952648,0.001989156446990387,0.6629154631685762,0.6607552908668837,0.0010520542998551361,-2.0758861760022222,-0.3385700831081138,-1.0255396670687447
1,0,1,0.35,0.15,0.85,0.01147170468317825,-0.15544249616885236,-1.0762098309378876,0.47515278936222993,-1.0,0.22474873211924806,-1.0500247996148258,0.5945910667113428,-1.8616368982286258,-0.2597273672780466,-1.148035970110406,-0.18165241234091617,0.9626641271198383,-0.5104903030416312,0.08463675388228076,-1.03486937989942,1.3689785269231716,0.2559951391912795,-0.24832690217408132,-0.19059068265728946,3.0,4.0,4.0,3.0,2.0,1.0,2.0,2.0,1.0,2.0,4.0,2.0,3.0,2.0,3.0,4.0,3.0,3.0,3.0,3.0,4.0,1.0,3.0,3.0,2.0,3.0,4.0,5.0,4.0,3.0,3.0,5.0,1.0,3.0,4.0,3.0,2.0,3.0,5.0,4.0,5.0,6.0,3.0,3.0,4.0,3.0,4.0,5.0,2.0,2.0,4.0,-0.5018760405792674,-2.322102649181316,-1.7674093191816542,-1.699461946114163,-0.760358764896651,-1.2690620764819314,-1.2555197455142455,0.33980181033565987,-1.0164589444120877,-0.6670716729690054,-0.6881550317959728,1.0110241821604127,-0.6923223617440373,-0.008760565316343828,-1.3624726172350679
0,0,0,0.35,0.15,0.85,0.617174142236717,0.8054186882153598,1.0228389163502527,-0.09410856242542158,1.0,-1.252483513062428,-0.08208886267962717,0.3881180664195443,-0.2242966169562105,1.5274127839734324,1.7459841356079209,-0.8081326283141534,0.6135970103757298,-1.091642461601686,-0.1117277371287933,1.5528700470597698,-1.1437104230045811,0.09952499034114282,2.097346220416229,-1.3446268765568032,2.0,1.0,2.0,1.0,3.0,4.0,3.0,2.0,2.0,2.0,2.0,3.0,3.0,4.0,5.0,5.0,4.0,6.0,5.0,4.0,6.0,7.0,2.0,2.0,2.0,5.0,4.0,4.0,3.0,3.0,3.0,2.0,2.0,3.0,2.0,4.0,6.0,5.0,4.0,2.0,2.0,2.0,4.0,4.0,3.0,6.0,6.0,7.0,3.0,3.0,1.0,-2.5347916479889587,-0.6660454890787506,-2.0195024692320795,-0.6816930950414264,1.020303685044278,1.5342629999011235,-1.2555197455142455,-0.3303774149796632,-1.5256829948416268,-0.9995684570034009,0.9979828715325975,-2.01889220142126,-0.3464314081794914,2.2999060592260445,-1.6994055674013904
1,1,0,0.35,0.15,0.85,-1.0440514575958038,0.9677307288985774,0.2088751729523946,0.8321076613612618,1.0,0.718087552518522,1.2544550249998225,1.960587012292239,1.2250907680664966,0.6138595925573207,-1.087367716427191,0.37199909157173483,1.032118393231912,0.7557182729077051,0.1205810559948721,-0.8075575092284759,1.144230039374058,0.05857634006671261,0.7564843725710834,-1.35002087633345,5.0,4.0,4.0,3.0,5.0,4.0,5.0,4.0,4.0,2.0,3.0,5.0,5.0,5.0,5.0,4.0,5.0,4.0,3.0,3.0,3.0,3.0,4.0,3.0,5.0,3.0,4.0,6.0,5.0,4.0,4.0,5.0,4.0,4.0,4.0,4.0,4.0,3.0,4.0,4.0,6.0,4.0,4.0,5.0,3.0,4.0,6.0,5.0,3.0,1.0,1.0,0.0063528612731553755,0.6588002390033019,-0.7590367189799527,1.0145883234131345,0.5115429850611555,-1.01421434226529,-0.25734255653397575,1.0099810356509835,0.25660118166175994,-0.002078104900214853,-0.35092745113025897,0.6743668062068938,-0.0005404546149450336,0.9806679880589657,-2.3732714677340363
1,0,0,0.35,0.15,0.85,-0.1737248564872156,0.21797527384730517,-1.602894074864532,-0.5608372983722464,-1.0,1.5326273766988083,-0.04148579498777452,2.7929003464777686,0.7286547229403355,-0.3626000897612851,-1.5638269589057545,-0.37191635746194285,0.08072241885102649,-0.46241007577689364,-0.5884966870961758,0.32537799641055865,-2.6015094377154817,-0.010067639834805797,0.07473466562993702,-0.002045872850733238,5.0,5.0,4.0,5.0,3.0,4.0,3.0,6.0,6.0,5.0,5.0,4.0,3.0,4.0,3.0,4.0,3.0,3.0,2.0,3.0,3.0,2.0,2.0,3.0,2.0,2.0,3.0,4.0,4.0,3.0,4.0,3.0,2.0,3.0,3.0,4.0,5.0,6.0,5.0,1.0,2.0,3.0,3.0,4.0,5.0,4.0,4.0,4.0,3.0,4.0,5.0,0.7686962140517896,-0.6660454890787506,1.5098016314738754,-0.34243681135051446,-0.760358764896651,-1.5239098106985727,-1.7546083400043804,-0.3303774149796632,-1.0164589444120877,-0.6670716729690054,1.3352104521983112,-2.01889220142126,-0.0005404546149450336,-0.008760565316343828,-0.014740816569775791
0,0,1,0.35,0.15,0.85,-0.1842875656321799,-0.30925869213090007,-1.7217027724851541,-0.2596221163937993,1.0,0.5396748342824542,0.9275490376844355,2.199727608542459,1.2870423871723404,0.723064929495953,-0.06589102751438397,1.2309843855134752,-0.3594186468134995,-0.9198117696254153,2.124587308184344,-1.5730314770937825,-0.44812579953288423,0.8947727206310121,-0.7273973683530909,1.5564114870190098,5.0,5.0,4.0,3.0,5.0,5.0,5.0,5.0,4.0,5.0,3.0,5.0,4.0,3.0,4.0,5.0,6.0,5.0,4.0,4.0,5.0,3.0,4.0,4.0,4.0,4.0,3.0,2.0,3.0,2.0,2.0,2.0,4.0,6.0,6.0,6.0,3.0,3.0,3.0,4.0,4.0,5.0,5.0,6.0,6.0,4.0,2.0,4.0,6.0,4.0,5.0,0.26046731219936675,0.9900116710238146,0.24933588122174866,-0.003180527659602121,1.020303685044278,0.005176594601275346,-0.0077982592889083565,-1.335646252952648,-1.5256829948416268,1.9929025993061573,-1.025382612461687,0.337709430253374,1.7289143132077864,-0.6683796008998834,0.9960580339291931
0,1,0,0.35,0.15,0.85,-0.8874756153592643,-0.7410412978281261,-0.6292684021877724,-1.1556138631308612,1.0,0.43416393785093677,0.9127663911528743,1.884122658880894,0.3275896455691265,1.1868184159106914,0.16606472066703848,0.43423825480841527,0.9292945037096477,0.7211484728246231,0.6503342650128687,0.16754735958633918,0.15073942615227276,-0.2388781318621634,-0.26185294096371087,-0.4106566965851215,5.0,5.0,4.0,5.0,3.0,3.0,5.0,4.0,4.0,4.0,3.0,3.0,3.0,3.0,5.0,4.0,5.0,5.0,5.0,3.0,5.0,4.0,3.0,3.0,4.0,4.0,5.0,5.0,5.0,4.0,4.0,5.0,3.0,5.0,3.0,5.0,6.0,4.0,5.0,4.0,4.0,4.0,3.0,4.0,3.0,4.0,4.0,3.0,3.0,3.0,3.0,0.7686962140517896,-0.3348340570582378,-0.25485041887910204,-1.0209493787323387,0.7659233350527167,0.2600243288179167,-0.5068868537790432,1.0099810356509835,0.001989156446990387,0.3304186791341802,0.9979828715325975,0.0010520542998551361,-0.6923223617440373,-0.3385700831081138,-1.0255396670687447
0,1,1,0.35,0.15,0.85,0.062438897007325314,-0.5274850909685935,0.7141411419478668,-0.2855673555158572,1.0,1.3408205071201218,0.9095749825175149,2.2306791006129845,0.8746106436900234,0.04079923154075421,-1.4339060220815358,0.8307107395586985,-0.10213395406272652,-1.0700028100982173,0.21116833005095267,-0.6259367962671648,0.260068018077099,-0.0787526597528507,-0.5576187015145228,-1.8180275603715088,5.0,7.0,4.0,4.0,5.0,6.0,4.0,4.0,5.0,3.0,4.0,4.0,4.0,5.0,3.0,3.0,3.0,4.0,2.0,3.0,3.0,4.0,4.0,5.0,4.0,4.0,4.0,2.0,4.0,3.0,1.0,3.0,2.0,4.0,2.0,4.0,4.0,5.0,3.0,4.0,4.0,5.0,5.0,5.0,4.0,4.0,3.0,3.0,2.0,2.0,3.0,1.0228106649780009,0.9900116710238146,-0.0027572688286767065,0.3360757560313098,-0.760358764896651,-1.01421434226529,0.24174603795615907,-0.6654670276373246,-1.7802950200563963,-0.6670716729690054,-0.013699870464544755,0.337709430253374,0.6912414525141477,-0.6683796008998834,-1.6994055674013904
1,1,1,0.35,0.15,0.85,-1.6478789586347284,-0.6612653015398732,1.1204883305251707,-0.3828687760726075,-1.0,1.7882297874683362,1.3156322085403076,2.791315694317395,1.236859139358002,-1.3747481356742373,-0.7578553568870131,2.0831827706943815,1.4689728600318763,0.6084677268138737,0.6208544200188066,-0.7459152078441479,1.5862580612567025,0.27927105014001885,-0.4134875059752394,-0.4086547657914841,6.0,6.0,5.0,6.0,5.0,5.0,6.0,5.0,4.0,5.0,5.0,3.0,6.0,4.0,3.0,1.0,2.0,3.0,2.0,3.0,4.0,3.0,7.0,6.0,5.0,6.0,5.0,5.0,4.0,3.0,4.0,5.0,4.0,4.0,3.0,2.0,3.0,4.0,4.0,7.0,5.0,6.0,4.0,3.0,5.0,4.0,4.0,4.0,5.0,3.0,1.0,1.7851540177566352,1.3212231030443273,0.7535221813225994,0.3360757560313098,-1.7778801648628961,-1.01421434226529,1.988556118671631,0.6748914229933222,0.001989156446990387,-0.9995684570034009,-0.35092745113025897,2.02099631002097,-0.0005404546149450336,-0.008760565316343828,-1.0255396670687447
0,0,1,0.35,0.15,0.85,-0.7106330382637618,0.35377799128279314,0.9996678891340276,-1.0405388765507635,-1.0,-0.00036851959418127134,-0.4581369322508899,1.3571830339838815,-0.8964225820058592,-1.963820194612906,0.7013252539956869,0.3449229229956855,-0.06206504734953783,-0.10668665696751709,-0.28927307241927097,-1.1797458980914897,-1.42928866418635,-0.34980119585935676,-0.14155652858950035,1.5252379853393208,4.0,4.0,4.0,3.0,4.0,3.0,4.0,3.0,2.0,4.0,4.0,3.0,2.0,5.0,2.0,3.0,2.0,2.0,5.0,5.0,4.0,4.0,4.0,3.0,3.0,4.0,4.0,3.0,4.0,3.0,4.0,4.0,4.0,3.0,3.0,4.0,3.0,3.0,4.0,3.0,2.0,4.0,3.0,3.0,2.0,4.0,4.0,3.0,5.0,7.0,5.0,-0.24776158965305603,-0.3348340570582378,-0.7590367189799527,-0.6816930950414264,-1.7778801648628961,0.514872063034558,-0.5068868537790432,-0.3303774149796632,-0.2526228687677792,-0.6670716729690054,-0.6881550317959728,-1.0089200735607025,-1.38410426887313,-0.3385700831081138,1.6699239342618393
0,0,1,0.35,0.15,0.85,0.5061549765816232,0.6370693440443055,0.91419728762957,-1.124987836714568,1.0,0.6731127816589051,1.404897500052116,0.6361241341208141,1.025819195229257,0.6171232384042808,0.330759343644487,2.3153437218637842,0.47535430441098575,-0.16884442263562394,0.957358411472503,-1.1752589239277516,1.3276272436550303,0.64743320250872,0.7578906976557223,-1.0385226086135702,5.0,4.0,3.0,5.0,5.0,5.0,6.0,2.0,2.0,4.0,1.0,3.0,5.0,5.0,5.0,4.0,4.0,5.0,4.0,4.0,6.0,3.0,6.0,5.0,7.0,7.0,4.0,5.0,4.0,3.0,3.0,3.0,3.0,5.0,5.0,4.0,3.0,3.0,4.0,6.0,5.0,6.0,3.0,5.0,4.0,6.0,4.0,5.0,3.0,3.0,3.0,0.26046731219936675,1.3212231030443273,-1.7674093191816542,0.3360757560313098,0.5115429850611555,0.2600243288179167,2.2381004159166986,0.33980181033565987,-1.0164589444120877,0.6629154631685762,-0.6881550317959728,1.6843389340674513,-0.0005404546149450336,0.9806679880589657,-1.0255396670687447
1,1,0,0.35,0.15,0.85,-1.8611103057437928,0.6250962591528654,3.1785656697500793,-0.04903644662716318,-1.0,0.11853407063894261,1.6645116325338545,2.1671294565268306,1.2742538397796248,0.27673335318040393,-0.3762947548414797,0.7440988929787697,-0.4852291216011772,0.3522099270503325,0.7299696990985544,-0.7601063429971333,-0.1705913514368513,0.08950429267244084,0.07168868930799441,0.24552897982184266,3.0,4.0,2.0,5.0,7.0,6.0,5.0,4.0,4.0,5.0,6.0,4.0,4.0,4.0,5.0,4.0,4.0,4.0,3.0,5.0,5.0,4.0,5.0,5.0,5.0,6.0,4.0,2.0,4.0,3.0,3.0,4.0,3.0,4.0,3.0,5.0,4.0,3.0,5.0,4.0,4.0,5.0,4.0,4.0,5.0,4.0,4.0,5.0,5.0,4.0,4.0,-0.5018760405792674,1.983645967085354,0.7535221813225994,-0.003180527659602121,0.25716263506959414,0.2600243288179167,1.2399232269364286,-0.6654670276373246,-0.7618469191973182,-0.002078104900214853,-0.013699870464544755,0.337709430253374,0.3453504989496009,0.3210489524754257,0.32219213359654686
0,1,0,0.35,0.15,0.85,0.8353241150087715,2.3867221457594447,-0.43629777342078724,-1.046664078392243,1.0,-0.8930071450330517,-0.6081762710839076,2.1409565817455434,1.3089840005156888,0.6201648951272746,0.18962957492745805,0.32940324273039523,-0.3711458986479621,-0.7030421266697529,0.6198293624857328,1.4606052638223537,-1.3443261188554767,-1.1462084563225663,-0.39769501884166736,0.271199062945078,3.0,3.0,1.0,2.0,3.0,3.0,2.0,3.0,4.0,5.0,4.0,4.0,4.0,5.0,5.0,5.0,4.0,3.0,4.0,6.0,4.0,4.0,4.0,3.0,3.0,2.0,3.0,3.0,4.0,2.0,3.0,3.0,3.0,4.0,4.0,3.0,6.0,4.0,7.0,3.0,3.0,2.0,4.0,2.0,3.0,3.0,5.0,3.0,3.0,3.0,4.0,-1.7724482952103244,-1.328468353119777,-0.0027572688286767065,0.3360757560313098,0.25716263506959414,0.514872063034558,-1.005975448269178,-0.6654670276373246,-1.2710709696268574,-0.33457488893461035,1.672438032864026,-1.3455774495142216,-1.0382133153085837,-0.3385700831081138,-0.6886067169024216
0,1,0,0.35,0.15,0.85,-0.8230791757522263,-1.3028156838100908,2.0955920467378526,-1.0238179968720562,-1.0,-0.593766871812886,0.4568398857387074,2.3041787788165857,-0.20961031417376513,0.16979122879026626,-1.5629164212142035,1.1839014731622828,0.3370419153470554,2.483079272871195,-1.406075066377683,-0.7615297145743094,-0.14999694684430512,0.5382396183924305,1.4885256838790457,0.8993457836286258,3.0,2.0,3.0,4.0,3.0,3.0,4.0,5.0,5.0,4.0,5.0,3.0,3.0,3.0,5.0,3.0,5.0,4.0,3.0,4.0,3.0,3.0,5.0,4.0,5.0,4.0,3.0,4.0,3.0,6.0,5.0,5.0,5.0,2.0,3.0,1.0,3.0,5.0,3.0,4.0,3.0,4.0,5.0,6.0,4.0,5.0,5.0,6.0,6.0,5.0,6.0,-1.0101049424316901,-0.6660454890787506,0.7535221813225994,-1.0209493787323387,0.25716263506959414,-0.7593666080486486,0.4912903352012265,-0.6654670276373246,1.2750492825208382,-1.997058809106587,-0.35092745113025897,-0.3356053216536642,1.0371324060786937,1.3104775058507352,1.6699239342618393
0,0,1,0.35,0.15,0.85,0.4621028094065095,-0.2923371151409775,0.5815761252184787,1.2933392113112665,-1.0,-0.2796968670667236,0.47283276848756417,1.162539517798949,1.0074946122719717,-0.06402113401946989,0.947696496542752,-0.39276606679462106,-1.0373816599447987,-0.7397959305927791,0.8462389485476776,-0.17183162231635085,-0.27836341306537526,0.5956697153678119,0.7112115241302024,0.18635604958336585,3.0,3.0,4.0,4.0,5.0,4.0,5.0,4.0,4.0,3.0,3.0,4.0,4.0,5.0,4.0,3.0,5.0,6.0,5.0,4.0,4.0,5.0,3.0,2.0,2.0,3.0,2.0,2.0,3.0,3.0,3.0,3.0,3.0,5.0,5.0,4.0,4.0,5.0,4.0,3.0,4.0,2.0,4.0,4.0,5.0,4.0,4.0,5.0,4.0,5.0,3.0,-0.5018760405792674,0.6588002390033019,-0.5069435689295274,0.3360757560313098,0.5115429850611555,0.514872063034558,-1.505064042759313,-1.6707358656103095,-1.0164589444120877,0.6629154631685762,0.32352771020116905,-1.0089200735607025,0.3453504989496009,0.3210489524754257,-0.014740816569775791
0,0,0,0.35,0.85,0.15,-1.1194665062520937,-1.1252280860806434,-0.19196913519280367,-1.265511284972206,1.0,0.7410287534088686,-0.5192293701393801,1.1535898926135912,0.18255892781320238,-0.41300035912399946,0.13635299842303583,1.0830228782313212,-0.31627850326402956,0.02060705782977834,0.6049769218419547,-0.5409580456090692,1.3246875266062734,-1.461925613106578,-0.4078682122062675,1.0703480813488047,4.0,5.0,5.0,4.0,2.0,3.0,3.0,4.0,4.0,3.0,5.0,4.0,3.0,2.0,3.0,3.0,4.0,3.0,5.0,5.0,3.0,5.0,5.0,4.0,4.0,5.0,2.0,3.0,2.0,3.0,3.0,5.0,6.0,5.0,4.0,5.0,5.0,2.0,4.0,5.0,6.0,6.0,3.0,2.0,2.0,4.0,4.0,4.0,4.0,5.0,4.0,0.5145817631255781,-1.328468353119777,-0.0027572688286767065,-1.0209493787323387,-0.760358764896651,0.514872063034558,0.4912903352012265,-1.6707358656103095,0.25660118166175994,0.6629154631685762,-0.35092745113025897,1.6843389340674513,-1.729995222437676,-0.008760565316343828,0.32219213359654686
1,0,0,0.35,0.85,0.15,1.0326126644453058,-1.7400036199817446,0.40384074204169795,-1.7166185888499155,1.0,0.4572475146388933,-1.045483677710326,2.5864434128675162,2.581259951130184,1.2956326480761697,0.8868572764934082,0.3800718772627395,1.0372164710479173,0.029574920169894024,-0.26567057600262434,-0.11681653351807697,-0.5377839960742413,0.6432652406194745,0.09359006917854396,-1.6285967643089587,4.0,3.0,4.0,5.0,2.0,1.0,2.0,6.0,6.0,5.0,4.0,4.0,5.0,6.0,5.0,5.0,6.0,6.0,5.0,6.0,5.0,5.0,3.0,3.0,4.0,4.0,4.0,4.0,4.0,3.0,4.0,4.0,3.0,3.0,2.0,4.0,3.0,4.0,4.0,3.0,3.0,5.0,5.0,5.0,5.0,3.0,4.0,4.0,4.0,3.0,2.0,0.0063528612731553755,-2.322102649181316,1.25770848142345,1.0145883234131345,1.5290643850274006,1.279415265684482,-0.5068868537790432,0.004712197677998546,-0.5072348939825487,-0.9995684570034009,-0.35092745113025897,-0.3356053216536642,1.0371324060786937,-0.3385700831081138,-1.0255396670687447
1,0,1,0.35,0.85,0.15,-1.0570413552868747,0.2500854474020793,-1.2800461655147917,0.24423016463652178,1.0,2.0375763649101972,0.5100172071348408,4.323970013255795,2.6397561703871903,-0.07410461087871245,0.11716363807196475,1.3298135216176785,-0.08117025884466478,-1.0749961271667505,1.1043204278822532,-0.42918368657682054,0.9234828799832673,-0.4086019519175026,-0.8941946280503702,1.6373455826403185,6.0,5.0,5.0,5.0,5.0,4.0,3.0,6.0,7.0,6.0,5.0,5.0,6.0,7.0,4.0,3.0,4.0,5.0,5.0,6.0,5.0,5.0,5.0,4.0,5.0,4.0,4.0,4.0,3.0,4.0,3.0,3.0,1.0,5.0,5.0,6.0,3.0,4.0,5.0,6.0,3.0,6.0,4.0,4.0,4.0,4.0,4.0,5.0,6.0,5.0,6.0,1.2769251159042123,-0.003622625037724597,2.013987931574726,2.0323571744858713,0.002782285078032882,1.279415265684482,0.4912903352012265,-0.3303774149796632,-1.2710709696268574,1.3279090312373663,-0.013699870464544755,1.0110241821604127,-0.0005404546149450336,0.3210489524754257,1.6699239342618393
1,0,1,0.35,0.85,0.15,1.6084368691937057,1.3705614806327044,0.33055484194979606,-0.8827901476907559,-1.0,-1.4096416254836681,0.23735906892075506,0.5832744074601912,-1.340093577048741,0.3356674567783112,-0.34832883568975015,-0.4848452811755301,-0.8895519342812278,-0.2291709024757579,-0.35387220663242597,-0.23562285960517587,0.904583184613837,-0.7970682129807224,0.9912860089330228,-0.4809130386841235,3.0,2.0,3.0,3.0,4.0,3.0,4.0,3.0,3.0,2.0,4.0,2.0,2.0,1.0,4.0,4.0,4.0,4.0,3.0,4.0,4.0,3.0,3.0,3.0,2.0,3.0,3.0,3.0,3.0,3.0,4.0,3.0,5.0,2.0,2.0,3.0,4.0,4.0,5.0,6.0,6.0,4.0,4.0,4.0,3.0,5.0,4.0,6.0,4.0,1.0,5.0,-1.2642193933579016,-0.3348340570582378,-1.011129869030378,-2.377974513495987,0.002782285078032882,-0.5045188738320073,-1.2555197455142455,-1.0005566402949864,-0.2526228687677792,-1.6645620250721915,0.32352771020116905,1.3476815581139316,-0.3464314081794914,0.9806679880589657,-0.6886067169024216
0,1,1,0.35,0.85,0.15,0.25063559283556003,-0.7843553924326309,-1.8596827353280596,0.6249572516147642,1.0,0.8360787467134703,1.4578714467639218,2.6138482804232934,1.5403650915083786,-0.20855391221636277,-0.11219224344822809,2.995373212458129,1.676758551704769,1.3055986823550487,2.884113547030692,-1.457651570120669,1.203037341580493,1.8885900144465546,-1.1103713233495576,0.920642813909679,5.0,4.0,4.0,5.0,6.0,6.0,6.0,5.0,4.0,6.0,6.0,5.0,3.0,4.0,4.0,4.0,2.0,3.0,4.0,4.0,6.0,3.0,7.0,5.0,5.0,5.0,6.0,6.0,5.0,4.0,4.0,4.0,3.0,6.0,7.0,5.0,3.0,2.0,2.0,4.0,4.0,6.0,5.0,6.0,6.0,3.0,3.0,5.0,4.0,4.0,6.0,0.5145817631255781,1.983645967085354,1.25770848142345,-0.003180527659602121,-0.760358764896651,0.2600243288179167,1.489467524181496,1.680160260966307,-0.2526228687677792,1.9929025993061573,-1.699837773793115,0.6743668062068938,1.7289143132077864,-0.3385700831081138,0.6591250837628704
0,1,1,0.35,0.85,0.15,-0.029636282407347916,0.09887529116282423,0.0504125034960534,0.4381928813572561,1.0,-0.4075949831983696,1.9287418342377025,0.671502849745375,0.145740300017132,-1.3742463658780675,-0.46804604175211884,2.5826111404657093,2.728945227016946,1.6999332749894869,1.8651168768304933,-0.6659626200861374,2.276954587696618,0.5437447390750092,0.351720473133861,-0.14330473577195113,4.0,2.0,3.0,4.0,6.0,4.0,6.0,2.0,1.0,4.0,4.0,4.0,3.0,4.0,3.0,4.0,3.0,3.0,3.0,3.0,4.0,4.0,7.0,5.0,5.0,6.0,6.0,7.0,6.0,6.0,6.0,6.0,5.0,6.0,6.0,5.0,3.0,4.0,4.0,6.0,7.0,5.0,5.0,5.0,4.0,4.0,5.0,3.0,4.0,4.0,5.0,-0.7559904915054788,1.3212231030443273,-1.2632230190808036,-0.34243681135051446,-0.760358764896651,-0.5045188738320073,1.7390118214265635,2.3503394862816296,1.784273332950377,1.6604058152717622,-0.35092745113025897,2.02099631002097,0.6912414525141477,-0.008760565316343828,0.32219213359654686
0,1,1,0.35,0.85,0.15,1.5054095558101779,-0.4855866041205061,0.36416002106414014,-1.3763062810903706,-1.0,0.5928670798840889,-0.16960851603437904,1.4914334363106083,0.7646761929349937,0.12685435482925375,-0.017815117253194075,0.6969603355148205,0.7266372768324041,2.149102865484643,-0.3931737042020101,0.09732740924638211,-0.3014398541590704,1.0052512924720638,1.51129597814885,0.7663442507402757,4.0,5.0,3.0,3.0,3.0,3.0,2.0,3.0,4.0,3.0,5.0,4.0,3.0,4.0,3.0,4.0,3.0,4.0,3.0,3.0,3.0,5.0,3.0,4.0,4.0,3.0,5.0,5.0,4.0,6.0,6.0,5.0,5.0,4.0,2.0,4.0,5.0,4.0,3.0,4.0,4.0,5.0,5.0,5.0,5.0,5.0,5.0,5.0,5.0,5.0,6.0,-0.24776158965305603,-1.328468353119777,-0.25485041887910204,-0.34243681135051446,-0.5059784149050897,-0.5045188738320073,-0.5068868537790432,0.6748914229933222,1.5296613077356076,-0.6670716729690054,-0.013699870464544755,0.337709430253374,1.0371324060786937,0.9806679880589657,1.3329909840955156
1,0,1,0.35,0.85,0.15,-0.7245294080472857,-2.447256343317744,-0.4871058306441378,-2.5726099324123566,1.0,0.35333488078344655,-1.188396866667356,2.2005069964873374,1.3028369792472587,0.40034323553537104,1.1779047358779688,0.854299989856306,0.08451921343098781,-0.09844950254454077,0.3821025657851868,1.702946074716855,0.6342376029505671,0.6899328827488885,0.278781867424736,-1.0902166683800798,3.0,4.0,4.0,2.0,3.0,2.0,3.0,4.0,5.0,1.0,4.0,5.0,4.0,5.0,4.0,3.0,3.0,4.0,5.0,4.0,5.0,6.0,3.0,4.0,4.0,3.0,4.0,4.0,4.0,4.0,4.0,5.0,4.0,4.0,4.0,2.0,7.0,5.0,7.0,6.0,3.0,4.0,3.0,3.0,5.0,4.0,5.0,5.0,2.0,3.0,4.0,-0.7559904915054788,-1.328468353119777,-0.5069435689295274,0.6753320397222226,-0.5059784149050897,1.0245675314678406,-0.5068868537790432,0.004712197677998546,0.25660118166175994,-0.6670716729690054,2.3468931941954536,0.337709430253374,-0.3464314081794914,0.6508584702671961,-1.0255396670687447
1,1,0,0.35,0.85,0.15,0.03726460221258226,-0.5163258352024718,0.8776496540589792,-0.8482593380167531,-1.0,0.5802438763413968,0.41421225122109534,2.906121605393049,0.24984756682886056,-1.1267231742434136,-1.3764702987770852,1.9724723881195576,1.2147239439351278,0.04985462707947619,1.0635099334814708,-0.8582357214753349,0.5004776285179376,0.2626134997135251,0.4726419729726905,-0.2177458456476269,4.0,4.0,4.0,5.0,3.0,4.0,3.0,6.0,5.0,5.0,6.0,5.0,3.0,3.0,3.0,2.0,3.0,3.0,4.0,3.0,2.0,2.0,5.0,6.0,6.0,5.0,4.0,5.0,4.0,3.0,3.0,5.0,3.0,5.0,5.0,4.0,3.0,4.0,4.0,5.0,5.0,3.0,4.0,5.0,5.0,5.0,5.0,3.0,4.0,3.0,4.0,0.26046731219936675,-0.6660454890787506,1.5098016314738754,-0.34243681135051446,-1.2691194648797735,-1.2690620764819314,1.489467524181496,0.33980181033565987,-0.5072348939825487,0.6629154631685762,-0.35092745113025897,0.337709430253374,0.6912414525141477,0.3210489524754257,-0.3516737667360989
1,1,0,0.35,0.85,0.15,0.4077034156802489,-0.3759432080485481,0.3283970091319944,-0.7522064056065833,-1.0,2.256361108134454,-0.46300761892309217,1.824739558363831,1.07617072023895,-0.9058713372261159,0.7535431731564339,-0.05020472561152173,-1.5067720080874836,0.8897894150781034,-1.5662876372731156,0.21931094191473446,-0.8021416526452605,-1.3349534020166076,-0.311939184615718,-1.9189697317337735,6.0,6.0,6.0,5.0,4.0,3.0,3.0,4.0,6.0,3.0,4.0,4.0,4.0,4.0,3.0,3.0,2.0,5.0,5.0,5.0,5.0,5.0,3.0,4.0,4.0,2.0,1.0,2.0,3.0,5.0,5.0,4.0,5.0,1.0,2.0,2.0,4.0,5.0,4.0,3.0,4.0,3.0,4.0,3.0,2.0,4.0,3.0,4.0,3.0,2.0,1.0,1.7851540177566352,-0.6660454890787506,0.24933588122174866,-0.003180527659602121,-0.760358764896651,1.0245675314678406,-0.7564311510241106,-2.005825478267971,0.7658252320912989,-2.329555593140982,0.32352771020116905,-0.672262697607183,-1.0382133153085837,-0.3385700831081138,-2.0363385175677133
1,0,1,0.35,0.85,0.15,-1.1390767068285796,-0.2871313541921929,-0.2813519580063402,-0.3589551168495343,-1.0,1.8121799176688782,0.2887757660577926,2.158484251129908,0.9927115252372836,-1.4158318367417506,-1.3761049927309608,1.2009291038826821,-0.35955137167479057,1.2163566356945248,0.9807119878225949,0.6065019854780584,0.3242032948110231,-1.143864967432417,1.527954408453824,0.37594837872754094,6.0,7.0,5.0,6.0,3.0,5.0,4.0,4.0,4.0,5.0,3.0,4.0,4.0,4.0,2.0,3.0,3.0,4.0,2.0,2.0,3.0,2.0,5.0,3.0,4.0,3.0,3.0,4.0,4.0,5.0,5.0,4.0,4.0,5.0,4.0,4.0,6.0,4.0,6.0,4.0,5.0,3.0,2.0,3.0,3.0,5.0,6.0,5.0,5.0,4.0,5.0,2.0392684686828466,-0.003622625037724597,-0.0027572688286767065,-0.003180527659602121,-1.0147391148882123,-1.778757544915214,-0.25734255653397575,-0.3303774149796632,0.5112132068765295,0.3304186791341802,1.3352104521983112,0.0010520542998551361,-1.38410426887313,1.3104775058507352,0.6591250837628704
1,1,0,0.35,0.85,0.15,0.5735981002726217,-0.5073028938444046,-0.40559030172126714,-0.8742008957016849,-1.0,-0.533986178951833,0.7147771605213968,2.418417529915973,-0.14711964849546488,0.1555963032283859,-0.11542742291860203,1.1766790524483497,-0.28958837086044925,0.23960458813303157,0.07686644148620048,-0.05503554255962123,2.169759553090029,-0.3313208371284333,-1.074686597377768,-0.3943582796631331,3.0,2.0,4.0,4.0,5.0,4.0,4.0,6.0,5.0,6.0,6.0,3.0,2.0,4.0,6.0,5.0,5.0,5.0,3.0,2.0,5.0,4.0,5.0,4.0,4.0,6.0,3.0,5.0,4.0,3.0,3.0,4.0,4.0,3.0,4.0,4.0,5.0,4.0,5.0,4.0,6.0,6.0,5.0,4.0,3.0,3.0,2.0,3.0,4.0,4.0,3.0,-0.7559904915054788,0.3275888069827882,1.7618947815243007,-1.0209493787323387,1.2746840350358393,-0.5045188738320073,0.7408346324462939,0.004712197677998546,-0.5072348939825487,-0.33457488893461035,0.6607552908668837,1.3476815581139316,-0.0005404546149450336,-1.3279986364834233,-0.3516737667360989
0,0,1,0.35,0.85,0.15,0.11303704149598513,-1.9375184572963655,0.5932390389437145,0.23873028299722762,-1.0,0.30066405344034686,-0.17530386516358104,0.7298109930833988,1.396371480872082,-0.6595567627414423,0.4878323758748212,0.49610913287116354,-1.4600016724199998,0.723885125938247,0.09451066029841182,0.6173032579145411,-0.906222825975732,-0.36759926146113675,-0.7105743578282463,0.0285642664256028,4.0,4.0,4.0,3.0,3.0,5.0,3.0,4.0,3.0,2.0,4.0,5.0,4.0,5.0,4.0,4.0,4.0,3.0,3.0,4.0,4.0,5.0,5.0,4.0,5.0,4.0,2.0,1.0,2.0,4.0,5.0,5.0,5.0,4.0,4.0,3.0,6.0,5.0,6.0,3.0,3.0,4.0,5.0,3.0,4.0,4.0,4.0,2.0,4.0,5.0,4.0,-0.24776158965305603,-0.3348340570582378,-0.7590367189799527,0.6753320397222226,-0.2515980649135284,0.005176594601275346,0.4912903352012265,-2.3409150909256327,0.7658252320912989,-0.33457488893461035,1.672438032864026,-0.672262697607183,-0.0005404546149450336,-0.6683796008998834,0.32219213359654686
0,1,1,0.35,0.85,0.15,-0.8282990951534885,-1.799724728681382,-0.9052009143674586,0.21592421070901674,-1.0,0.728256103465253,-0.06798314897842728,1.593276735366352,1.3006471362869103,-1.0988021946212747,-1.2865906653113823,0.2159859706717031,-0.02912835816874687,0.7335429899911906,-0.1517996541054613,-1.2644839613737595,-0.3471518531536593,0.43505876979092917,0.19597732856289535,-0.33447491347455127,4.0,4.0,4.0,4.0,2.0,2.0,3.0,4.0,3.0,4.0,3.0,5.0,4.0,3.0,1.0,3.0,3.0,3.0,3.0,2.0,2.0,3.0,4.0,3.0,3.0,2.0,4.0,3.0,4.0,5.0,5.0,4.0,3.0,3.0,3.0,4.0,3.0,3.0,2.0,4.0,3.0,3.0,5.0,4.0,3.0,4.0,3.0,5.0,4.0,4.0,3.0,0.0063528612731553755,-1.6596797851402898,-0.5069435689295274,-0.003180527659602121,-1.5234998148713348,-1.5239098106985727,-1.005975448269178,-0.3303774149796632,0.25660118166175994,-0.6670716729690054,-1.3626101931274013,-0.672262697607183,-0.0005404546149450336,-0.008760565316343828,-0.3516737667360989
1,1,1,0.35,0.85,0.15,-1.0128741758044681,-0.22492426447863714,1.1479405121397632,0.6799173992551915,1.0,1.1618348668444243,1.791991173139098,3.2210758637170667,0.8333178521193256,-1.3504263319464045,-1.441922794770306,2.6864860140247533,0.4166935415311921,1.7051674612260228,0.22740774630541338,0.09554059025737449,1.9545095203919167,0.5304054680081193,-1.6613757686848407,0.6956872284610168,5.0,5.0,5.0,5.0,6.0,7.0,6.0,6.0,6.0,7.0,6.0,4.0,4.0,3.0,4.0,4.0,4.0,4.0,2.0,3.0,3.0,4.0,6.0,6.0,7.0,6.0,5.0,3.0,4.0,6.0,6.0,6.0,5.0,3.0,3.0,5.0,4.0,6.0,4.0,7.0,5.0,5.0,6.0,4.0,5.0,3.0,2.0,3.0,4.0,5.0,5.0,1.0228106649780009,2.3148573991058665,2.2660810816251513,-0.34243681135051446,0.002782285078032882,-1.01421434226529,2.2381004159166986,0.004712197677998546,1.784273332950377,-0.33457488893461035,0.6607552908668837,1.6843389340674513,1.0371324060786937,-1.3279986364834233,0.6591250837628704
0,0,0,0.35,0.85,0.15,0.6242819055297858,-1.6419106756237192,-0.19546006663813317,1.9725645572997255,1.0,1.1786659812927336,0.002486820401905787,1.8293846062919479,1.6648139110940368,0.8716260520791648,0.7319847750694397,0.4386524566617453,-0.6229304829566753,-1.3963406055736733,0.9386260339211341,-0.49967971136570466,-0.4082369485882319,0.2925419830079158,0.49698298236388627,1.0258964737952525,6.0,5.0,4.0,6.0,4.0,4.0,5.0,4.0,6.0,3.0,4.0,5.0,4.0,3.0,4.0,5.0,4.0,5.0,4.0,5.0,6.0,5.0,3.0,3.0,4.0,4.0,3.0,4.0,4.0,3.0,3.0,2.0,2.0,5.0,4.0,5.0,5.0,3.0,5.0,4.0,4.0,4.0,5.0,4.0,5.0,4.0,6.0,4.0,5.0,4.0,6.0,1.2769251159042123,0.3275888069827882,0.24933588122174866,-0.003180527659602121,0.5115429850611555,1.0245675314678406,-0.5068868537790432,-0.3303774149796632,-1.5256829948416268,0.6629154631685762,0.32352771020116905,0.0010520542998551361,0.6912414525141477,0.6508584702671961,0.9960580339291931
1,1,0,0.35,0.85,0.15,0.8826357775704928,-2.3494219588282954,0.11326045881949266,0.9215547364753893,-1.0,-0.7550456479133205,1.134294530286529,1.1709473973706792,-1.229720931534399,-0.4179693519155004,-0.6539050770415625,1.3193720184722082,0.8567037512380635,-0.16557585069825687,0.8228184042912556,-3.064442317569466,2.2816889348886593,1.1678398703870556,1.5509735420118345,-0.45161921404964445,3.0,2.0,3.0,1.0,4.0,4.0,5.0,3.0,3.0,4.0,3.0,2.0,2.0,3.0,3.0,4.0,3.0,3.0,2.0,3.0,3.0,3.0,4.0,5.0,4.0,5.0,3.0,4.0,4.0,4.0,4.0,3.0,4.0,4.0,4.0,3.0,1.0,2.0,1.0,7.0,7.0,6.0,5.0,7.0,4.0,4.0,5.0,7.0,2.0,2.0,2.0,-1.7724482952103244,0.3275888069827882,-0.7590367189799527,-1.699461946114163,-0.760358764896651,-1.2690620764819314,0.4912903352012265,-0.3303774149796632,-0.2526228687677792,-0.33457488893461035,-2.7115205157902578,2.694311061928009,1.3830233596432395,1.3104775058507352,-2.0363385175677133
1,0,1,0.35,0.85,0.15,1.7101289413587748,0.45785771886673776,0.5796540050183133,1.782671950875014,-1.0,0.7394527574536488,-0.6024532337325175,1.7354527616458217,-0.012571199228672003,0.7065880110653635,-0.11933568356701699,-0.31857716738388897,-0.4787474969963103,0.3617620746288206,-0.1049713779700297,-0.3109823767933729,-0.7303378083487464,-0.0902501483809442,-0.4352365354371172,-0.8001697691521698,4.0,5.0,5.0,3.0,2.0,2.0,4.0,4.0,2.0,5.0,5.0,3.0,3.0,3.0,5.0,5.0,3.0,5.0,2.0,4.0,4.0,4.0,3.0,3.0,3.0,3.0,3.0,4.0,3.0,4.0,4.0,4.0,3.0,4.0,4.0,4.0,4.0,4.0,5.0,2.0,2.0,3.0,4.0,3.0,3.0,4.0,4.0,4.0,2.0,3.0,2.0,0.26046731219936675,-1.328468353119777,-0.0027572688286767065,-1.0209493787323387,0.5115429850611555,-0.5045188738320073,-1.005975448269178,-0.6654670276373246,-0.2526228687677792,-0.002078104900214853,0.32352771020116905,-1.6822348254677406,-0.6923223617440373,-0.008760565316343828,-1.6994055674013904
0,1,0,0.35,0.85,0.15,-0.8323227633542546,0.3031807238571122,0.6310862459955969,-1.052726059672532,-1.0,-0.40752055036625623,0.9515874724106641,0.8598444819730293,-0.5683548927935622,-0.6269850676682331,0.3678215001259203,0.8521846771773356,0.5764497882636415,-0.46987414397168376,0.6957236833296265,-0.8995551842614052,0.25151979341262953,1.0072858146923145,-0.5366888596221785,0.2475518806223143,3.0,4.0,3.0,3.0,5.0,6.0,4.0,2.0,3.0,4.0,3.0,3.0,3.0,4.0,4.0,4.0,4.0,4.0,5.0,4.0,5.0,4.0,5.0,4.0,4.0,3.0,5.0,5.0,5.0,4.0,3.0,2.0,3.0,6.0,5.0,5.0,4.0,4.0,4.0,5.0,3.0,5.0,5.0,6.0,7.0,3.0,4.0,5.0,5.0,4.0,3.0,-0.7559904915054788,0.9900116710238146,-1.011129869030378,-0.6816930950414264,0.002782285078032882,0.514872063034558,-0.0077982592889083565,1.0099810356509835,-1.0164589444120877,1.3279090312373663,-0.013699870464544755,0.337709430253374,2.0748052667723322,-0.008760565316343828,-0.014740816569775791
1,1,0,0.35,0.85,0.15,-1.078629890297506,1.5982541732210909,0.11320658238953062,1.4099850263245213,-1.0,1.5613281393601823,2.3901202146902545,2.842738715414004,0.0985574445419537,-1.5272870736592479,0.8537081243892696,0.933886147483443,-0.4279161102721094,1.2215117630393135,0.31199557174017234,-1.0292434562987265,0.22089264108302128,-0.01209308184811013,0.31728836363482693,-0.48194796916229765,6.0,5.0,5.0,5.0,5.0,6.0,7.0,6.0,5.0,4.0,4.0,4.0,3.0,4.0,2.0,3.0,3.0,2.0,4.0,4.0,5.0,4.0,4.0,5.0,4.0,4.0,4.0,3.0,5.0,5.0,5.0,5.0,4.0,3.0,4.0,5.0,3.0,3.0,3.0,3.0,4.0,3.0,3.0,3.0,4.0,5.0,4.0,5.0,3.0,4.0,3.0,1.2769251159042123,1.983645967085354,0.7535221813225994,-0.34243681135051446,-1.5234998148713348,0.2600243288179167,0.24174603795615907,0.004712197677998546,0.7658252320912989,-0.002078104900214853,-1.025382612461687,-0.672262697607183,-0.6923223617440373,0.6508584702671961,-0.6886067169024216
1,1,0,0.35,0.85,0.15,-0.5026509514400493,0.3760699910491851,0.09762141869905451,-0.4959474967640698,-1.0,-0.07943271323347167,-0.4257449041642809,0.9875314371024344,-0.31427556332061213,-0.931552708268995,-0.9813021934750894,0.6052936527683862,0.5644420588065007,-0.6310967311345024,-1.1484473452168675,1.7143518461108227,0.058719036091037236,-0.7067923438910791,1.1541461995710711,-0.23213252345555485,3.0,3.0,4.0,3.0,4.0,3.0,4.0,3.0,3.0,4.0,3.0,4.0,3.0,3.0,3.0,3.0,5.0,4.0,3.0,3.0,2.0,4.0,4.0,3.0,3.0,3.0,6.0,4.0,5.0,2.0,2.0,3.0,3.0,3.0,3.0,3.0,5.0,6.0,5.0,5.0,3.0,5.0,4.0,4.0,3.0,6.0,5.0,5.0,4.0,4.0,3.0,-0.7559904915054788,-0.3348340570582378,-0.7590367189799527,-0.6816930950414264,-0.2515980649135284,-1.01421434226529,-0.7564311510241106,1.0099810356509835,-1.5256829948416268,-0.9995684570034009,1.3352104521983112,0.337709430253374,-0.3464314081794914,1.3104775058507352,-0.3516737667360989
0,1,1,0.35,0.85,0.15,-0.13715553456519403,-0.1487374814014251,1.9228627325183905,1.6481672566179224,1.0,-1.203872856419483,1.427781459998675,0.971188665417511,0.06845345871501862,-0.19905221916341742,0.7027078123690673,0.7512908535608034,0.06978598546569553,1.183087248352927,0.27490529597427243,-0.9494834367451801,0.3122965291493153,1.539594463763397,0.427761327128126,-0.5670914744606164,2.0,3.0,2.0,3.0,6.0,4.0,5.0,3.0,3.0,2.0,3.0,3.0,5.0,4.0,4.0,4.0,3.0,4.0,5.0,4.0,4.0,4.0,4.0,4.0,3.0,3.0,3.0,3.0,5.0,5.0,4.0,3.0,4.0,5.0,2.0,2.0,4.0,3.0,3.0,4.0,4.0,4.0,6.0,7.0,4.0,5.0,3.0,5.0,4.0,2.0,5.0,-1.518333844284113,0.9900116710238146,-1.2632230190808036,-0.003180527659602121,-0.2515980649135284,0.2600243288179167,-0.5068868537790432,-0.3303774149796632,0.001989156446990387,-0.9995684570034009,-0.6881550317959728,0.0010520542998551361,1.7289143132077864,0.3210489524754257,-0.3516737667360989
1,1,0,0.35,0.85,0.15,-1.9460202074485953,0.6487629021194049,0.615774516320433,0.5544922660727414,-1.0,0.9538469123418798,0.924256382944344,2.504216069683121,-0.04549213582771516,-0.8240455498793889,-2.299986458025406,1.3368389379910601,1.1954002122495166,-0.538387179983445,1.0548113435429722,-1.5489328389913621,1.3363356943204492,0.10481461604174547,-0.08572065536003623,0.5424105637064199,5.0,5.0,5.0,5.0,3.0,5.0,4.0,5.0,6.0,4.0,3.0,3.0,4.0,3.0,4.0,2.0,4.0,3.0,2.0,1.0,1.0,3.0,5.0,3.0,4.0,5.0,4.0,5.0,4.0,3.0,3.0,3.0,3.0,4.0,5.0,5.0,3.0,4.0,3.0,5.0,5.0,5.0,4.0,5.0,5.0,4.0,4.0,5.0,5.0,5.0,5.0,1.0228106649780009,-0.003622625037724597,0.501429031272174,-0.6816930950414264,-0.760358764896651,-2.2884530133484966,0.24174603795615907,0.33980181033565987,-1.0164589444120877,0.6629154631685762,-0.6881550317959728,1.0110241821604127,0.6912414525141477,0.3210489524754257,0.9960580339291931
0,1,0,0.35,0.85,0.15,1.5931119159235723,-1.7966938302727467,-1.3900313924928864,-0.07559165149365192,1.0,0.6879315084425538,0.6066146801064691,2.159473718454962,1.090436000369266,1.1094096707967913,2.2723631953388335,0.9075813267652558,0.5501207464378757,0.2596184524293618,0.26404471865121726,0.5458893972183908,-0.2753129629603268,-0.014486183978474516,1.09937670977549,0.1494581474411359,4.0,3.0,5.0,5.0,4.0,5.0,4.0,4.0,4.0,5.0,5.0,4.0,2.0,5.0,6.0,5.0,7.0,6.0,6.0,6.0,7.0,6.0,3.0,4.0,5.0,4.0,5.0,3.0,5.0,4.0,4.0,3.0,4.0,4.0,5.0,5.0,6.0,5.0,5.0,3.0,5.0,4.0,4.0,5.0,5.0,5.0,6.0,6.0,4.0,5.0,4.0,0.26046731219936675,0.3275888069827882,0.501429031272174,-0.34243681135051446,2.0378250850105233,2.2988062025510474,-0.0077982592889083565,0.33980181033565987,-0.2526228687677792,0.6629154631685762,1.3352104521983112,0.0010520542998551361,0.6912414525141477,1.6402870236425056,0.32219213359654686
0,0,0,0.35,0.85,0.15,-0.08428778198186705,-0.0804044594606334,-0.5908520161630972,-1.0992010251881528,1.0,-0.5213136841712972,1.3168854179929945,1.2695789705152398,0.6439222599055906,0.6497047397624685,1.132679086810063,0.7642964805885086,-1.2917634707227645,0.3660027747895559,0.8813559579566629,0.8324918344702312,-0.16339587521898993,-0.4321076097494778,0.801527799885168,-0.9649307580289721,4.0,2.0,2.0,3.0,5.0,5.0,4.0,3.0,4.0,2.0,3.0,4.0,5.0,5.0,4.0,6.0,5.0,4.0,4.0,4.0,3.0,4.0,4.0,5.0,3.0,3.0,2.0,2.0,2.0,4.0,4.0,3.0,4.0,3.0,4.0,5.0,5.0,3.0,4.0,4.0,4.0,4.0,3.0,3.0,2.0,6.0,4.0,5.0,2.0,3.0,4.0,-1.2642193933579016,0.6588002390033019,-1.011129869030378,0.6753320397222226,0.7659233350527167,-0.249671139615366,-0.25734255653397575,-2.005825478267971,-0.2526228687677792,-0.002078104900214853,-0.013699870464544755,0.0010520542998551361,-1.38410426887313,0.9806679880589657,-1.0255396670687447
1,0,0,0.35,0.85,0.15,-0.19267091480223855,-0.34234412894785443,-0.10845872807018707,-2.644480723024862,-1.0,1.6717871714420074,-1.7651649783910637,2.7797398057724334,-0.5875103506539028,-1.325523659794303,0.3894915761428701,1.0058131437935538,-1.091107236175272,1.3916186737023588,-1.363393670180028,0.7725842354484664,0.3759145783412753,-0.05562831092234029,0.8320575383900288,-1.7799941153215735,5.0,5.0,5.0,5.0,1.0,2.0,3.0,6.0,5.0,5.0,6.0,3.0,3.0,3.0,3.0,3.0,3.0,4.0,3.0,4.0,4.0,4.0,3.0,4.0,5.0,4.0,3.0,2.0,1.0,6.0,5.0,6.0,5.0,3.0,1.0,2.0,5.0,5.0,5.0,4.0,5.0,5.0,4.0,4.0,5.0,3.0,4.0,4.0,3.0,1.0,2.0,1.0228106649780009,-1.990891217160803,1.5098016314738754,-1.0209493787323387,-0.760358764896651,-0.249671139615366,-0.0077982592889083565,-2.005825478267971,1.5296613077356076,-1.997058809106587,0.9979828715325975,0.6743668062068938,0.3453504989496009,-0.3385700831081138,-2.0363385175677133
0,0,0,0.35,0.85,0.15,-1.3572923086329594,0.8438292945906533,-0.5492288162748787,-0.054204879551062006,-1.0,-0.7856915062398175,0.15005943358805207,1.0258567238354748,0.2697853122831676,-1.0525406036580898,-1.8026664503415293,0.3587803991447849,1.1386590237938288,-0.10981982395652079,1.7584144971555702,-2.1912926777510306,0.2565460964979551,0.439274300700945,0.42059946285558414,0.7868764270992069,3.0,3.0,2.0,4.0,2.0,3.0,4.0,3.0,2.0,3.0,3.0,3.0,4.0,3.0,4.0,3.0,3.0,3.0,3.0,4.0,2.0,2.0,3.0,3.0,2.0,4.0,4.0,4.0,5.0,4.0,3.0,2.0,4.0,6.0,5.0,6.0,2.0,2.0,3.0,5.0,6.0,4.0,5.0,4.0,6.0,4.0,5.0,2.0,5.0,5.0,5.0,-1.0101049424316901,-0.9972569210992638,-1.2632230190808036,-0.6816930950414264,-0.760358764896651,-1.2690620764819314,-1.005975448269178,0.33980181033565987,-0.7618469191973182,1.6604058152717622,-1.699837773793115,1.0110241821604127,1.0371324060786937,-0.3385700831081138,0.9960580339291931
0,1,1,0.35,0.85,0.15,-0.34266281334742327,-0.8314954040761753,1.816062065760935,-1.313908923825017,-1.0,-0.1592318334916174,-0.09463432773994573,1.6935245828835674,0.0043817117750501455,-1.8987086097510766,-0.791403113359552,-0.027777532722014664,-0.6317815021469511,0.1821389190279501,-0.3383584301265244,0.7828911840771241,-0.9757715777754616,0.3051392052439366,1.1304568336469238,0.6107909972987667,4.0,4.0,2.0,5.0,4.0,4.0,3.0,4.0,3.0,3.0,5.0,4.0,3.0,3.0,2.0,3.0,2.0,3.0,3.0,4.0,2.0,3.0,2.0,3.0,4.0,3.0,3.0,3.0,2.0,3.0,4.0,3.0,3.0,3.0,4.0,3.0,4.0,5.0,5.0,3.0,3.0,2.0,2.0,5.0,5.0,6.0,4.0,4.0,4.0,4.0,5.0,-0.24776158965305603,-0.3348340570582378,-0.25485041887910204,-0.6816930950414264,-1.5234998148713348,-1.01421434226529,-1.005975448269178,-1.335646252952648,-0.7618469191973182,-0.6670716729690054,0.6607552908668837,-1.3455774495142216,-0.0005404546149450336,0.6508584702671961,0.32219213359654686
1,0,1,0.35,0.85,0.15,-0.05749745794836836,0.1538518391885649,-0.21299247396971102,-1.344071587711402,1.0,1.67826074989314,-0.3202615137627149,1.577343092157918,1.360592167975523,-0.38198450757626873,-0.8548081633784467,1.136895788111268,1.46015021791377,0.8843149871489489,1.7730983353071972,0.08799829370992465,0.055040346107933846,0.7904130663100208,-0.35932491447153825,0.021392875452363756,5.0,5.0,6.0,4.0,3.0,4.0,2.0,3.0,4.0,3.0,3.0,4.0,4.0,4.0,4.0,3.0,3.0,4.0,3.0,4.0,5.0,2.0,4.0,5.0,5.0,4.0,5.0,5.0,5.0,3.0,4.0,5.0,4.0,5.0,5.0,4.0,4.0,5.0,4.0,4.0,4.0,3.0,6.0,5.0,5.0,4.0,3.0,4.0,2.0,4.0,3.0,1.0228106649780009,-0.9972569210992638,-0.7590367189799527,-0.003180527659602121,-0.5059784149050897,-0.5045188738320073,0.4912903352012265,1.0099810356509835,0.001989156446990387,0.6629154631685762,0.32352771020116905,-0.3356053216536642,1.3830233596432395,-0.3385700831081138,-1.0255396670687447
0,0,0,0.35,0.85,0.15,-0.03253850391300777,0.9424800715590694,-0.5471444494407472,0.16279136673603015,1.0,0.05280312499869984,-1.1953129847666666,0.9470178335975201,0.7267625117505762,0.5734693030896381,0.8073961766000266,-0.5582564522806651,-0.7610651978894099,-0.04528773699353275,-1.2983285877155941,0.2780844193213196,0.19420239862301225,-0.6518557674995955,1.0159573058358482,1.2705409708532593,2.0,4.0,4.0,5.0,2.0,2.0,3.0,3.0,3.0,3.0,3.0,5.0,2.0,3.0,5.0,5.0,6.0,5.0,4.0,4.0,6.0,5.0,3.0,2.0,3.0,3.0,3.0,3.0,3.0,3.0,4.0,4.0,4.0,3.0,3.0,2.0,4.0,4.0,4.0,4.0,4.0,3.0,4.0,3.0,4.0,4.0,5.0,5.0,6.0,5.0,5.0,-0.24776158965305603,-1.6596797851402898,-1.011129869030378,-0.6816930950414264,1.2746840350358393,0.7697197972511993,-1.2555197455142455,-1.0005566402949864,-0.2526228687677792,-1.3320652410377964,-0.013699870464544755,-0.3356053216536642,-0.3464314081794914,0.6508584702671961,1.3329909840955156
1,0,0,0.35,0.85,0.15,1.364138518770246,0.3808651546947326,-0.2918912748552231,-1.1092157402463698,1.0,1.075565934121987,-0.9921763837516892,2.3644921418134413,1.2592294742054855,1.1057160476545327,0.48468036583913904,1.1584423587133912,0.7681572957759595,-0.0746578159503562,2.338842954252743,1.0933461460347615,0.30747098415419205,0.12932566537792548,-1.4146218271505506,1.9853588820390857,4.0,5.0,5.0,6.0,3.0,4.0,3.0,4.0,4.0,5.0,6.0,3.0,4.0,3.0,5.0,5.0,5.0,5.0,5.0,4.0,4.0,5.0,5.0,4.0,4.0,6.0,5.0,3.0,4.0,2.0,3.0,2.0,2.0,7.0,7.0,5.0,6.0,6.0,5.0,4.0,4.0,6.0,5.0,4.0,3.0,3.0,2.0,3.0,6.0,5.0,5.0,1.0228106649780009,-0.6660454890787506,0.7535221813225994,-0.6816930950414264,1.020303685044278,0.514872063034558,0.7408346324462939,0.004712197677998546,-1.7802950200563963,2.325399383340552,1.672438032864026,0.6743668062068938,-0.0005404546149450336,-1.3279986364834233,1.3329909840955156
0,1,0,0.35,0.85,0.15,-0.12643193705721595,0.9301947049696232,-0.23536960726191514,-2.033055467063439,-1.0,0.055577015687339165,-0.7305052567213441,-0.12210805143802728,-0.5289700177685526,-0.1566519483176082,0.4400847859719477,-0.6182653242833236,1.094695402493064,0.021849453683119024,-0.019362166142039283,1.3067515346069918,-0.9437320953289023,0.31988342375811074,-1.0747786597039641,0.4787897144701062,3.0,4.0,5.0,5.0,3.0,3.0,2.0,2.0,3.0,3.0,4.0,3.0,2.0,4.0,4.0,4.0,4.0,4.0,6.0,6.0,5.0,4.0,3.0,3.0,2.0,3.0,5.0,5.0,4.0,5.0,5.0,5.0,4.0,3.0,3.0,4.0,7.0,7.0,3.0,4.0,3.0,4.0,5.0,5.0,4.0,4.0,3.0,3.0,4.0,5.0,3.0,0.26046731219936675,-1.328468353119777,-1.011129869030378,-1.0209493787323387,0.002782285078032882,1.279415265684482,-1.2555197455142455,0.6748914229933222,0.7658252320912989,-0.6670716729690054,1.672438032864026,-0.3356053216536642,0.6912414525141477,-0.6683796008998834,-0.014740816569775791
0,0,0,0.35,0.85,0.15,-0.19574451396371004,-2.618465690183217,-0.6619585436670647,0.9463838581049895,-1.0,0.5533180623031076,0.45572233063429823,0.9672942873174848,1.0621562802490203,0.5033550813661157,1.2028153075486219,-1.2600050235617428,-2.3135327453343635,-1.1094649580932652,0.5046241136914686,-0.08599218336136416,-0.923200788582585,-0.09237321745821236,0.8827945515411194,-0.6986860088646445,5.0,3.0,4.0,5.0,4.0,4.0,5.0,2.0,4.0,3.0,3.0,6.0,4.0,4.0,3.0,6.0,5.0,3.0,6.0,6.0,5.0,6.0,2.0,2.0,2.0,1.0,2.0,2.0,1.0,2.0,2.0,3.0,3.0,5.0,4.0,3.0,4.0,4.0,5.0,4.0,2.0,2.0,5.0,4.0,4.0,5.0,5.0,5.0,5.0,3.0,3.0,0.26046731219936675,0.3275888069827882,-1.011129869030378,0.6753320397222226,0.25716263506959414,1.7891107341177648,-2.2536969344945152,-2.3409150909256327,-1.5256829948416268,-0.002078104900214853,0.32352771020116905,-1.3455774495142216,0.3453504989496009,0.9806679880589657,-0.3516737667360989
1,0,1,0.35,0.85,0.15,0.436160916836252,1.0891586708110346,0.7291932345876959,-0.42551781953175716,-1.0,1.0521544295925098,0.40705232996130686,2.010605667501696,1.412779645411475,0.7912827864930099,0.2713858484831362,-0.03851469109284522,0.08570947288938605,0.5028860063361383,-1.3052632524107937,-0.5980572312026715,0.4871885580238723,-1.5107989289763801,0.3067564902202766,0.4227211525438585,4.0,4.0,5.0,6.0,4.0,5.0,4.0,5.0,5.0,4.0,5.0,5.0,5.0,4.0,6.0,5.0,6.0,5.0,4.0,5.0,5.0,4.0,3.0,3.0,4.0,3.0,5.0,4.0,3.0,4.0,4.0,4.0,4.0,3.0,3.0,2.0,4.0,5.0,4.0,5.0,6.0,5.0,3.0,3.0,2.0,5.0,4.0,4.0,5.0,4.0,4.0,0.7686962140517896,0.3275888069827882,0.7535221813225994,0.6753320397222226,1.5290643850274006,0.514872063034558,-0.7564311510241106,0.004712197677998546,0.001989156446990387,-1.3320652410377964,0.32352771020116905,1.3476815581139316,-1.38410426887313,0.3210489524754257,0.32219213359654686
0,1,1,0.35,0.85,0.15,1.2273954393655113,0.5528284119344138,1.413735746058368,-0.21223217174614842,1.0,-0.884091247439641,-0.1006262450378761,1.26252342316594,0.5215270958887767,1.8812589100277346,1.7350304201153954,0.1211564451897485,0.18340301503634118,-0.873762474799879,-0.7778235747487755,0.4493211537166301,0.562728368733781,0.19317242281703995,0.6002229578211219,0.502633851797624,3.0,2.0,3.0,3.0,3.0,4.0,3.0,4.0,4.0,5.0,4.0,4.0,3.0,4.0,7.0,5.0,5.0,6.0,6.0,6.0,4.0,5.0,4.0,3.0,4.0,4.0,4.0,2.0,4.0,4.0,4.0,3.0,4.0,2.0,4.0,5.0,5.0,6.0,3.0,5.0,5.0,6.0,4.0,5.0,2.0,5.0,5.0,4.0,5.0,4.0,4.0,-1.2642193933579016,-0.6660454890787506,0.24933588122174866,-0.34243681135051446,1.7834447350189617,1.279415265684482,-0.25734255653397575,-0.6654670276373246,-0.2526228687677792,-0.33457488893461035,0.6607552908668837,1.3476815581139316,-0.3464314081794914,0.6508584702671961,0.32219213359654686
1,0,0,0.35,0.85,0.15,0.038575214507281026,0.5443110100135786,0.7683438392639921,-0.3031584524946972,-1.0,-0.37428289366797884,1.174661266490526,1.9301676771589387,0.4559705847400861,0.3009989463190329,0.7991433700491158,-0.21098985581124846,0.10667324253577548,0.01211939679112721,0.06338660715735504,1.6613385617264582,-0.9304910953658849,-2.7028712155701413,0.7227987564638529,-0.15530077247788543,3.0,4.0,4.0,3.0,5.0,5.0,5.0,4.0,4.0,4.0,3.0,4.0,3.0,3.0,4.0,4.0,4.0,5.0,5.0,4.0,4.0,4.0,2.0,3.0,2.0,2.0,3.0,4.0,3.0,3.0,3.0,3.0,2.0,3.0,3.0,4.0,5.0,6.0,6.0,3.0,3.0,2.0,1.0,2.0,1.0,4.0,4.0,4.0,4.0,5.0,5.0,-0.5018760405792674,0.9900116710238146,-0.25485041887910204,-0.6816930950414264,0.25716263506959414,0.2600243288179167,-1.7546083400043804,-0.6654670276373246,-1.2710709696268574,-0.6670716729690054,1.672438032864026,-1.3455774495142216,-2.767668083131315,-0.008760565316343828,0.6591250837628704
1,1,0,0.35,0.85,0.15,-1.242807011486282,0.493452280511337,1.6825106066963278,0.6264139917359349,-1.0,-0.6290619788631227,2.109145488262732,0.9368124015069392,-0.7153665415438875,-0.7385591814133347,-1.7168746830047912,0.9433595645397117,0.6838716335817387,0.026027751834015067,-0.01145986934138088,-2.416801559938376,-0.3714467741950137,0.07721686017223407,-0.03113666776042582,0.5638127901693961,3.0,3.0,2.0,3.0,4.0,6.0,5.0,3.0,3.0,3.0,4.0,3.0,2.0,3.0,3.0,2.0,3.0,2.0,3.0,2.0,3.0,4.0,4.0,4.0,4.0,3.0,4.0,4.0,2.0,4.0,4.0,3.0,5.0,4.0,3.0,3.0,1.0,3.0,3.0,4.0,4.0,4.0,4.0,5.0,4.0,2.0,4.0,4.0,4.0,4.0,5.0,-1.2642193933579016,0.9900116710238146,-0.7590367189799527,-1.360205662423251,-1.5234998148713348,-1.01421434226529,-0.25734255653397575,-0.6654670276373246,0.001989156446990387,-0.6670716729690054,-1.699837773793115,0.0010520542998551361,0.3453504989496009,-0.6683796008998834,0.32219213359654686
0,0,0,0.35,0.85,0.15,-0.1709381910113324,-0.12084760541222532,-0.4382520552176958,0.7762906748297775,1.0,0.6880995528591607,0.7881945234806838,1.3943518474202246,0.46683765181288683,-0.7357424518598732,-1.2935355484491626,0.9263175352632071,-0.05922478170079659,0.11396022948225426,1.312277787375732,0.26687790066333095,-0.14049843476360976,0.34088063024157333,-0.20392334563390582,1.4160662102355719,5.0,4.0,4.0,4.0,5.0,3.0,5.0,3.0,4.0,4.0,3.0,4.0,5.0,3.0,3.0,4.0,4.0,4.0,2.0,2.0,2.0,3.0,3.0,3.0,3.0,4.0,3.0,3.0,2.0,3.0,5.0,4.0,3.0,5.0,6.0,6.0,6.0,5.0,5.0,4.0,3.0,3.0,5.0,5.0,5.0,4.0,4.0,4.0,5.0,6.0,5.0,0.26046731219936675,0.3275888069827882,-0.5069435689295274,-0.003180527659602121,-0.2515980649135284,-1.778757544915214,-0.7564311510241106,-1.335646252952648,-0.2526228687677792,1.6604058152717622,1.3352104521983112,-0.672262697607183,1.0371324060786937,-0.008760565316343828,1.3329909840955156
0,0,0,0.35,0.85,0.15,-0.727450300322795,-1.218123209199779,-0.9292073649652268,0.40622233281298537,1.0,0.534162889028995,1.6150279635124964,0.970871761861388,0.1461895386996095,0.17872977666881376,0.7270512179524022,0.41955031415350086,-1.9017174135882673,0.4686354682870687,0.49354399480422345,-0.32228487547112467,-1.444523849858364,-0.044304802586915465,2.4521640183466693,-0.4440353669686988,5.0,5.0,5.0,4.0,5.0,6.0,5.0,3.0,3.0,3.0,3.0,3.0,4.0,5.0,4.0,5.0,4.0,4.0,4.0,4.0,5.0,6.0,3.0,3.0,2.0,3.0,1.0,1.0,4.0,4.0,4.0,3.0,4.0,4.0,5.0,4.0,4.0,4.0,4.0,2.0,3.0,3.0,5.0,3.0,5.0,7.0,7.0,6.0,3.0,4.0,4.0,0.7686962140517896,1.3212231030443273,-1.011129869030378,-0.003180527659602121,0.25716263506959414,0.7697197972511993,-1.2555197455142455,-2.005825478267971,-0.2526228687677792,0.3304186791341802,-0.013699870464544755,-1.3455774495142216,0.3453504989496009,2.629715577017815,-0.3516737667360989
1,0,1,0.35,0.85,0.15,-2.6826657326154764,-1.9531049216904548,-0.7088159929003711,0.7197903699536096,1.0,1.4927537359156147,0.8054838020335955,3.299004775309629,2.4347438958073258,0.06175110962054975,-1.241166321728599,2.2484717538885444,0.5514832094383354,0.34904825950899043,1.3973893845870533,-0.1770063886462182,0.3880072157316294,0.5958969136815433,-1.5144340894703232,0.15455964843525777,5.0,5.0,4.0,4.0,4.0,5.0,5.0,5.0,5.0,5.0,5.0,4.0,4.0,5.0,4.0,4.0,5.0,2.0,2.0,2.0,3.0,3.0,5.0,4.0,5.0,6.0,4.0,3.0,4.0,3.0,5.0,2.0,4.0,5.0,5.0,4.0,4.0,4.0,4.0,4.0,4.0,4.0,4.0,5.0,5.0,2.0,4.0,2.0,5.0,4.0,3.0,0.5145817631255781,0.6588002390033019,1.0056153313730247,0.3360757560313098,-0.2515980649135284,-1.5239098106985727,0.9903789296913613,-0.3303774149796632,-0.5072348939825487,0.6629154631685762,-0.013699870464544755,0.0010520542998551361,0.6912414525141477,-1.3279986364834233,-0.014740816569775791
0,1,1,0.35,0.85,0.15,0.8483245709197827,0.6427955109796447,-0.46602609144490875,0.5743296581999446,1.0,1.5318999991519393,1.5020130582053641,3.3573053737913368,2.673627054867377,0.030024757212766623,0.0755444019511551,1.5030597922606819,0.7588286332017701,0.6329683337839614,1.552438209573194,0.20310253898523534,1.7952270251988758,-0.44854177813489465,-0.6467620515722214,-0.30491476813402707,5.0,5.0,4.0,7.0,5.0,5.0,6.0,6.0,5.0,7.0,6.0,6.0,5.0,6.0,4.0,4.0,4.0,5.0,4.0,4.0,5.0,4.0,4.0,4.0,4.0,5.0,5.0,5.0,4.0,3.0,4.0,5.0,5.0,4.0,5.0,5.0,2.0,4.0,6.0,6.0,6.0,6.0,4.0,4.0,3.0,3.0,4.0,3.0,3.0,4.0,4.0,1.2769251159042123,1.3212231030443273,2.013987931574726,1.6931008907949592,0.25716263506959414,0.2600243288179167,0.24174603795615907,0.6748914229933222,0.25660118166175994,0.6629154631685762,-0.013699870464544755,2.02099631002097,-0.3464314081794914,-0.6683796008998834,-0.3516737667360989
0,1,1,0.35,0.85,0.15,-0.8219539952894266,-0.6123087288783758,-0.9519214081081964,-0.8947363826153886,1.0,1.486910961728495,0.6022653903651157,1.9163356958834334,2.9104134828016246,-0.8207132788953748,-0.06934860855426056,1.5283638431812594,1.9258839412303161,-0.00992246947587927,-0.012248678828866377,0.31549441349139945,0.3486511811845239,1.2335150071095136,0.5298653509008954,1.1116607861509353,6.0,6.0,6.0,6.0,4.0,5.0,3.0,4.0,5.0,4.0,3.0,5.0,6.0,6.0,3.0,2.0,5.0,3.0,3.0,3.0,5.0,3.0,5.0,6.0,6.0,4.0,6.0,6.0,5.0,5.0,5.0,3.0,4.0,4.0,5.0,3.0,5.0,4.0,5.0,5.0,4.0,5.0,5.0,6.0,6.0,4.0,5.0,5.0,5.0,5.0,4.0,2.0392684686828466,-0.003622625037724597,-0.0027572688286767065,1.6931008907949592,-0.760358764896651,-0.5045188738320073,1.2399232269364286,1.680160260966307,0.25660118166175994,-0.002078104900214853,0.6607552908668837,0.6743668062068938,1.7289143132077864,0.6508584702671961,0.6591250837628704
1,0,0,0.35,0.85,0.15,0.09911927193335948,1.170212722127876,0.4324105003398508,0.05838657308387307,-1.0,0.6713616880463774,0.859342792562655,1.802507963714591,-0.28333338700213817,-0.3777304507458279,-1.2626231691212733,0.813065582220655,1.0809097208004177,-0.7094359352599338,0.05472665794056891,-0.5079868739471614,-0.3387243928972062,-0.06739140946509876,0.7366766981302116,-0.5619920637288832,4.0,4.0,3.0,6.0,5.0,4.0,5.0,3.0,3.0,2.0,4.0,5.0,3.0,3.0,4.0,3.0,2.0,2.0,3.0,4.0,4.0,3.0,4.0,4.0,4.0,4.0,5.0,6.0,4.0,3.0,2.0,2.0,2.0,3.0,4.0,4.0,4.0,5.0,5.0,3.0,4.0,3.0,5.0,4.0,5.0,6.0,6.0,6.0,3.0,3.0,3.0,0.26046731219936675,0.6588002390033019,-1.011129869030378,-0.34243681135051446,-1.2691194648797735,-0.5045188738320073,-0.0077982592889083565,1.0099810356509835,-1.7802950200563963,-0.33457488893461035,0.6607552908668837,-0.672262697607183,0.6912414525141477,1.9700965414342753,-1.0255396670687447
0,1,1,0.35,0.85,0.15,0.16182358049264253,-0.0942595039638379,-0.362774172183633,0.7064789399672858,1.0,0.009252544997576977,1.0593036394640705,1.890179003950499,0.4229774141899454,1.1929344618203745,1.3215823312056434,0.972086474970173,0.8560347122757772,-1.0338735063566322,-0.7309326094112121,0.1475640546736117,0.2001045966541472,1.471285934444003,1.3099680826434446,0.2783685955622199,3.0,3.0,4.0,5.0,4.0,5.0,5.0,4.0,5.0,5.0,4.0,4.0,3.0,3.0,5.0,4.0,3.0,4.0,5.0,6.0,5.0,5.0,4.0,4.0,4.0,5.0,3.0,4.0,5.0,3.0,3.0,3.0,2.0,3.0,2.0,3.0,4.0,4.0,4.0,4.0,5.0,4.0,6.0,4.0,4.0,6.0,5.0,5.0,5.0,5.0,4.0,-0.24776158965305603,0.6588002390033019,0.501429031272174,-0.6816930950414264,0.002782285078032882,1.279415265684482,0.24174603795615907,0.004712197677998546,-1.2710709696268574,-1.3320652410377964,-0.013699870464544755,0.337709430253374,0.6912414525141477,1.3104775058507352,0.6591250837628704
1,1,1,0.35,0.85,0.15,1.1033033110161279,0.25050899615072947,0.10301865988808317,-2.679529520051071,1.0,1.645555428248362,-0.5616299439039734,3.461184406765862,3.030657083409045,0.11049487835833968,1.0413347124088457,2.5086966035764244,-0.2401369614868737,0.5631078666437919,0.8790221287056033,0.3018884914323548,0.47553126813664187,2.7138572397589384,0.18196356651195722,-1.1579424766395006,5.0,6.0,6.0,6.0,4.0,3.0,2.0,5.0,6.0,6.0,7.0,5.0,7.0,6.0,5.0,3.0,4.0,5.0,5.0,6.0,5.0,5.0,6.0,6.0,6.0,5.0,3.0,3.0,4.0,4.0,4.0,4.0,5.0,4.0,5.0,4.0,4.0,4.0,4.0,5.0,5.0,5.0,6.0,7.0,7.0,5.0,5.0,4.0,4.0,3.0,4.0,1.7851540177566352,-0.9972569210992638,2.013987931574726,2.0323571744858713,0.25716263506959414,1.279415265684482,1.7390118214265635,-0.6654670276373246,0.25660118166175994,0.3304186791341802,-0.013699870464544755,1.0110241821604127,2.766587173901425,0.6508584702671961,-0.3516737667360989
1,0,1,0.35,0.85,0.15,0.26406388062091435,-0.44193238325240125,-1.3507943760007084,-0.02266989862006333,1.0,-0.13421436914888857,-0.45946354492634134,1.0242017093414282,1.3547823919307564,-0.19606616550249545,-0.5949769714643807,3.0121728821462326,0.3769605534965781,1.9822402153873748,1.843916162314996,-0.15011594869730616,2.090052758640523,0.0184615407810802,-1.6271690043382179,1.1817175901551809,5.0,3.0,4.0,3.0,3.0,3.0,4.0,3.0,4.0,2.0,4.0,5.0,4.0,4.0,3.0,4.0,4.0,3.0,4.0,3.0,4.0,2.0,5.0,6.0,6.0,7.0,4.0,4.0,4.0,5.0,6.0,5.0,5.0,6.0,6.0,5.0,4.0,4.0,3.0,5.0,6.0,5.0,4.0,3.0,4.0,3.0,4.0,3.0,6.0,4.0,5.0,-0.24776158965305603,-0.6660454890787506,-0.7590367189799527,0.3360757560313098,-0.5059784149050897,-0.7593666080486486,1.988556118671631,0.004712197677998546,1.2750492825208382,1.6604058152717622,-0.35092745113025897,1.3476815581139316,-0.3464314081794914,-0.6683796008998834,0.9960580339291931
0,1,0,0.35,0.85,0.15,-0.1291528656994296,-0.8172641961212375,0.09759420185278213,1.3784669520037287,-1.0,-0.32718652748325433,0.6463007459606025,1.0197377809257004,-0.5597135504417188,0.7609152785161247,0.8690326879721922,-1.0503882042248534,-1.3155091516502204,-0.48684317397913424,-0.8349382273349499,2.2280124424209853,-1.899881862998301,0.8574358218586751,-0.019163017870217347,-0.3748993635380219,3.0,3.0,4.0,2.0,5.0,6.0,4.0,3.0,3.0,5.0,4.0,2.0,3.0,2.0,5.0,5.0,5.0,5.0,7.0,5.0,5.0,4.0,3.0,2.0,3.0,3.0,2.0,2.0,4.0,3.0,4.0,2.0,4.0,1.0,2.0,3.0,6.0,7.0,6.0,2.0,3.0,2.0,5.0,4.0,5.0,5.0,4.0,3.0,4.0,4.0,5.0,-1.0101049424316901,0.9900116710238146,-0.25485041887910204,-1.699461946114163,1.020303685044278,1.279415265684482,-1.2555197455142455,-1.335646252952648,-0.7618469191973182,-1.997058809106587,2.3468931941954536,-1.6822348254677406,0.6912414525141477,-0.008760565316343828,0.32219213359654686
0,1,1,0.35,0.85,0.15,-0.02371596537097547,-0.4299710151653489,1.2481058169684869,1.4490855616180651,-1.0,0.5239915302899516,0.7519025859038873,1.717510362586752,0.6895949374111119,0.023026197631014322,0.39157017699054625,1.1291350340243431,0.4866590396951128,-0.19036750455392193,1.7625852573502734,-1.3023675255416642,-0.22305491398853589,-0.5735368766721771,-0.3532254501960498,0.856410229025436,4.0,4.0,4.0,4.0,6.0,6.0,6.0,4.0,4.0,5.0,3.0,5.0,4.0,3.0,4.0,3.0,3.0,3.0,4.0,5.0,5.0,5.0,3.0,4.0,4.0,5.0,4.0,4.0,3.0,4.0,3.0,3.0,4.0,5.0,6.0,5.0,3.0,2.0,3.0,5.0,4.0,4.0,3.0,4.0,6.0,4.0,5.0,4.0,5.0,6.0,6.0,0.0063528612731553755,1.983645967085354,-0.0027572688286767065,-0.003180527659602121,-0.760358764896651,0.7697197972511993,-0.0077982592889083565,-0.3303774149796632,-0.5072348939825487,1.3279090312373663,-1.3626101931274013,0.337709430253374,0.3453504989496009,0.3210489524754257,1.6699239342618393
1,0,1,0.35,0.85,0.15,-0.5192079029244905,0.34511379679575316,0.33708755050531963,1.4017389539051017,1.0,-0.1871923532375146,-0.0555934784985157,1.6508229817480897,0.5972165624436159,1.2084860054952902,1.4367318682515098,-0.06656404017768569,0.16599924226830992,-1.194036261641988,-1.1375972782004247,1.0417469603103415,0.44234105135033774,0.4863542180539751,-0.9082040719263098,0.31950989395409896,3.0,3.0,3.0,3.0,4.0,4.0,4.0,4.0,3.0,5.0,3.0,4.0,4.0,3.0,6.0,5.0,6.0,5.0,7.0,5.0,4.0,6.0,2.0,4.0,3.0,4.0,4.0,5.0,4.0,3.0,3.0,2.0,3.0,3.0,2.0,3.0,6.0,6.0,7.0,5.0,4.0,4.0,5.0,5.0,4.0,4.0,3.0,1.0,4.0,4.0,4.0,-1.0101049424316901,-0.003622625037724597,-0.25485041887910204,-0.34243681135051446,1.5290643850274006,1.5342629999011235,-0.7564311510241106,0.33980181033565987,-1.2710709696268574,-1.3320652410377964,2.3468931941954536,0.337709430253374,0.6912414525141477,-1.3279986364834233,-0.014740816569775791
0,0,0,0.35,0.85,0.15,0.7634554778193827,1.2531534734154233,-0.24452091347229762,-0.009183153330935485,1.0,0.04204270259293097,-0.6637296718026827,2.6693386220941173,2.6399334452300467,0.9967754807278826,-0.6346419012890115,1.4073968289551553,0.43521620519780363,0.7100876446412708,1.7228790547698054,-0.2031489587116259,1.1517962363970229,-0.1113131345882469,-1.4460132773578944,-0.1747233331914212,4.0,4.0,3.0,4.0,3.0,3.0,2.0,5.0,5.0,5.0,6.0,5.0,5.0,5.0,4.0,4.0,4.0,4.0,4.0,3.0,3.0,3.0,4.0,3.0,5.0,4.0,4.0,5.0,3.0,3.0,2.0,5.0,6.0,5.0,6.0,6.0,4.0,5.0,4.0,7.0,5.0,7.0,4.0,3.0,4.0,3.0,4.0,3.0,5.0,4.0,4.0,-0.24776158965305603,-1.328468353119777,1.25770848142345,1.0145883234131345,0.002782285078032882,-0.7593666080486486,-0.0077982592889083565,0.004712197677998546,0.001989156446990387,1.6604058152717622,0.32352771020116905,2.357653685974489,-0.3464314081794914,-0.6683796008998834,0.32219213359654686
0,1,0,0.35,0.85,0.15,1.4934259593581742,0.5369892019954401,1.4869224041500169,0.34695019012623135,-1.0,-0.5647387529870022,0.7934387916141251,1.3645627228883825,-0.21193200737660678,0.2509035846982002,-1.518259916062119,1.2500995312359766,-1.657714541696177,2.3307382939886563,0.6000838080138868,-0.3931249083851257,1.7909918631256596,0.8039234959788304,-1.5916206018767216,0.58451126062334,5.0,4.0,4.0,3.0,4.0,4.0,5.0,3.0,3.0,2.0,4.0,2.0,4.0,2.0,4.0,4.0,5.0,4.0,1.0,2.0,3.0,3.0,5.0,4.0,3.0,5.0,2.0,2.0,3.0,7.0,7.0,6.0,6.0,4.0,4.0,4.0,5.0,2.0,4.0,5.0,6.0,5.0,5.0,3.0,6.0,1.0,3.0,4.0,5.0,4.0,5.0,0.0063528612731553755,0.3275888069827882,-1.011129869030378,-1.360205662423251,0.25716263506959414,-1.778757544915214,0.24174603795615907,-1.6707358656103095,2.548109408594686,-0.002078104900214853,-0.35092745113025897,1.3476815581139316,0.6912414525141477,-1.3279986364834233,0.6591250837628704
1,1,1,0.35,0.85,0.15,0.40055097113827204,0.3004617159008672,0.5844595479011989,1.8189547757299425,-1.0,1.4777587187203851,1.6286936935833716,3.227963469067354,1.5200725950933824,-0.5609961453154427,-0.7411837053157047,1.1970190151658335,1.332052573531002,1.0080175771190503,0.7958187215991683,-0.6506803734356252,-0.9122732095116616,-0.607861262752105,0.5670532552623535,-2.235459199680802,5.0,6.0,5.0,5.0,6.0,6.0,4.0,5.0,6.0,4.0,3.0,3.0,3.0,6.0,4.0,3.0,3.0,4.0,3.0,3.0,4.0,3.0,4.0,5.0,5.0,3.0,5.0,5.0,4.0,4.0,4.0,3.0,3.0,4.0,4.0,4.0,4.0,3.0,2.0,3.0,4.0,3.0,3.0,3.0,4.0,4.0,4.0,4.0,3.0,2.0,1.0,1.2769251159042123,1.3212231030443273,0.501429031272174,-0.003180527659602121,-0.5059784149050897,-0.7593666080486486,0.24174603795615907,0.6748914229933222,-0.5072348939825487,-0.002078104900214853,-1.025382612461687,-0.672262697607183,-0.6923223617440373,-0.008760565316343828,-2.0363385175677133
0,0,1,0.35,0.85,0.15,1.121963726334333,0.9491211027048375,-0.16474329257193576,0.7735780933274725,-1.0,0.16365246387759844,0.09472467108339802,2.8623682651839593,0.48350038026113185,0.6168334669809163,0.9387695815479387,0.4303913838596835,0.25681859376156724,-1.3410599270969585,1.0384569810946824,0.07271210869484049,-1.8466579664675788,-0.12590426317303663,0.3445513117131679,1.3724811968866202,4.0,4.0,4.0,3.0,4.0,3.0,5.0,5.0,5.0,4.0,5.0,4.0,4.0,2.0,4.0,3.0,5.0,5.0,5.0,5.0,5.0,6.0,3.0,4.0,6.0,3.0,4.0,4.0,4.0,2.0,2.0,2.0,3.0,5.0,5.0,5.0,4.0,4.0,4.0,2.0,1.0,2.0,5.0,5.0,3.0,4.0,4.0,4.0,5.0,5.0,5.0,-0.24776158965305603,-0.003622625037724597,0.7535221813225994,-0.6816930950414264,0.25716263506959414,1.279415265684482,-0.0077982592889083565,0.004712197677998546,-1.7802950200563963,0.9954122472029713,-0.013699870464544755,-2.3555495773747794,0.3453504989496009,-0.008760565316343828,0.9960580339291931
1,0,0,0.35,0.85,0.15,1.1342568194475324,1.0788982102720477,-0.26843719723509957,-1.3299409244327633,1.0,2.2581308666210727,-0.00531771648452134,3.336732546883917,3.031858249778994,-0.0682131127487589,0.4474820435994288,2.0855803163429734,-0.46710930245335197,1.1923463462019859,1.4494515914439368,0.947625514359548,0.22706346580651077,-1.0885461151246156,-0.05674335410402065,1.7747782643205805,6.0,6.0,5.0,4.0,3.0,4.0,3.0,6.0,5.0,6.0,5.0,6.0,5.0,6.0,4.0,3.0,4.0,3.0,5.0,4.0,4.0,5.0,6.0,5.0,5.0,5.0,3.0,4.0,3.0,5.0,4.0,5.0,5.0,5.0,5.0,4.0,5.0,6.0,4.0,3.0,4.0,4.0,3.0,3.0,3.0,5.0,4.0,4.0,5.0,5.0,4.0,1.2769251159042123,-0.6660454890787506,1.5098016314738754,1.6931008907949592,-0.5059784149050897,0.514872063034558,1.2399232269364286,-0.6654670276373246,0.7658252320912989,0.6629154631685762,0.9979828715325975,-0.3356053216536642,-1.0382133153085837,0.3210489524754257,0.6591250837628704
1,0,1,0.35,0.85,0.15,-0.8454125381845022,0.6126805223914114,-1.1989568467670502,-1.4750499575701672,1.0,1.9306201850799014,-0.1858127624918906,2.7090284515271343,1.96541537308624,-1.1756247365377088,-0.7692977329857043,1.7214561759821245,0.3179506653859172,0.42709339917284667,1.3935961557333587,0.5732522900360797,-0.15319947932451838,-0.5978094893373118,0.09359530488490647,-0.629122276639607,6.0,5.0,5.0,5.0,3.0,4.0,4.0,4.0,5.0,5.0,5.0,6.0,7.0,6.0,2.0,2.0,4.0,2.0,4.0,2.0,4.0,2.0,4.0,5.0,5.0,6.0,3.0,3.0,3.0,4.0,3.0,4.0,5.0,5.0,4.0,5.0,5.0,3.0,5.0,4.0,3.0,3.0,4.0,3.0,4.0,4.0,4.0,4.0,3.0,3.0,4.0,1.2769251159042123,-0.3348340570582378,0.7535221813225994,2.371613458176783,-1.5234998148713348,-1.01421434226529,0.9903789296913613,-1.0005566402949864,0.001989156446990387,0.6629154631685762,0.32352771020116905,-0.672262697607183,-0.3464314081794914,-0.008760565316343828,-0.6886067169024216
1,1,1,0.35,0.85,0.15,-0.23315084027647764,0.6008985162406875,0.001443710863349809,-1.062471561448269,1.0,2.1542913949857487,1.4331942664915611,2.444498479701573,0.6104100915374915,-0.3991298685122152,-0.47146768891185753,2.4027106442339776,-0.5955725241781438,-0.645102796328118,0.8124677927371913,-1.4668840379439498,-0.054005759500825534,1.2538292599132608,-1.1207829295363079,1.764371556852298,6.0,4.0,6.0,6.0,6.0,5.0,5.0,4.0,5.0,5.0,4.0,4.0,5.0,4.0,5.0,3.0,2.0,3.0,3.0,2.0,4.0,3.0,6.0,6.0,6.0,7.0,4.0,4.0,4.0,3.0,1.0,4.0,3.0,5.0,5.0,4.0,1.0,3.0,4.0,4.0,3.0,3.0,4.0,5.0,4.0,2.0,3.0,3.0,6.0,6.0,6.0,1.5310395668304237,1.3212231030443273,0.501429031272174,0.3360757560313098,-0.760358764896651,-1.01421434226529,2.2381004159166986,0.004712197677998546,-1.2710709696268574,0.6629154631685762,-1.3626101931274013,-0.672262697607183,0.3453504989496009,-1.3279986364834233,2.006856884428162
0,0,0,0.35,0.85,0.15,-1.3763749610867164,-1.139801380855055,1.223594972531776,0.9806485070006986,-1.0,-0.054785038740976344,0.04143023498648821,0.8725939289070235,1.1042019401543444,-0.18934065844350456,-0.9746784322147025,0.9285604196955958,-0.4996847780755709,0.10748672213248078,0.6897434078057803,-1.3120567228777995,0.45208880919130395,1.3163196860974093,0.26817297042901905,1.285158775005604,4.0,2.0,4.0,2.0,4.0,4.0,2.0,2.0,3.0,3.0,2.0,4.0,3.0,5.0,4.0,4.0,4.0,4.0,4.0,4.0,3.0,2.0,4.0,3.0,2.0,5.0,4.0,2.0,5.0,3.0,5.0,5.0,3.0,5.0,4.0,3.0,4.0,4.0,3.0,4.0,3.0,5.0,5.0,7.0,7.0,5.0,5.0,5.0,6.0,5.0,6.0,-1.0101049424316901,-0.6660454890787506,-1.515316169131229,-0.003180527659602121,0.002782285078032882,-0.7593666080486486,-0.5068868537790432,-0.3303774149796632,0.001989156446990387,-0.002078104900214853,-0.35092745113025897,0.0010520542998551361,2.420696220336878,0.9806679880589657,1.6699239342618393
1,1,1,0.35,0.85,0.15,-1.045762396607634,2.0933989996331395,0.9351201781107461,2.060790663264288,1.0,0.3185185502111746,1.1550117661101298,2.2090703098229647,0.7141783365921239,-0.9097715809905931,-1.3234911956327613,1.1132987208204308,1.4119066934114746,0.6963764385028851,0.4361207113130794,-0.10020666038953918,-0.12253596105525427,-0.30815576991180066,-0.12320530174280112,-0.5495062732948872,4.0,2.0,4.0,4.0,5.0,5.0,4.0,4.0,5.0,4.0,6.0,4.0,4.0,2.0,4.0,2.0,3.0,2.0,3.0,3.0,3.0,2.0,4.0,5.0,4.0,4.0,4.0,6.0,5.0,4.0,4.0,5.0,6.0,3.0,5.0,3.0,4.0,4.0,3.0,4.0,3.0,4.0,3.0,4.0,4.0,3.0,3.0,4.0,3.0,5.0,4.0,-0.5018760405792674,0.6588002390033019,0.7535221813225994,-0.6816930950414264,-1.2691194648797735,-1.2690620764819314,0.24174603795615907,1.0099810356509835,0.7658252320912989,-0.33457488893461035,-0.35092745113025897,-0.3356053216536642,-0.3464314081794914,-0.6683796008998834,-0.014740816569775791
0,1,0,0.35,0.85,0.15,-0.1447296904688738,-1.5049104400349929,1.0472195916221947,-2.307845673434601,-1.0,-0.3887692784606243,0.44828739977494064,3.405669340718982,1.7689915664189835,-1.36760629133638,-0.6913843234561754,1.5594529188849358,0.6518152000337275,0.10433931920985229,0.47253047586440916,-0.9061702660301736,-0.328186047321048,1.9420398535160375,0.018110473894559054,0.08316400852546284,3.0,3.0,4.0,4.0,5.0,3.0,3.0,7.0,6.0,5.0,6.0,5.0,5.0,5.0,3.0,4.0,3.0,3.0,4.0,4.0,4.0,3.0,6.0,5.0,5.0,5.0,5.0,4.0,5.0,4.0,3.0,4.0,4.0,5.0,4.0,4.0,2.0,3.0,3.0,3.0,3.0,4.0,6.0,5.0,7.0,4.0,3.0,4.0,5.0,5.0,5.0,-0.5018760405792674,-0.3348340570582378,2.013987931574726,1.0145883234131345,-0.760358764896651,-0.249671139615366,1.2399232269364286,0.6748914229933222,-0.2526228687677792,0.3304186791341802,-1.3626101931274013,-0.672262697607183,2.0748052667723322,-0.3385700831081138,0.9960580339291931
0,1,1,0.35,0.85,0.15,-0.404113884359208,-1.8922935591762944,1.363049253976197,0.3331102404500522,-1.0,-0.24186067163935143,0.2214442920662502,1.3639302481034836,0.5213774878416627,-0.10202084078039719,0.47791264067350236,-0.09267557096048684,2.076507712969643,2.2414383039642716,0.6743428752597892,0.5831135752614347,1.6950457956616263,-0.6114132084790478,-0.22343118585403182,-1.0881869527467765,3.0,4.0,4.0,4.0,5.0,3.0,4.0,3.0,3.0,3.0,4.0,3.0,3.0,4.0,3.0,3.0,3.0,6.0,5.0,6.0,5.0,5.0,3.0,3.0,4.0,4.0,6.0,5.0,5.0,6.0,7.0,7.0,6.0,4.0,4.0,5.0,5.0,5.0,5.0,5.0,5.0,6.0,3.0,3.0,3.0,4.0,4.0,5.0,3.0,3.0,3.0,-0.24776158965305603,-0.003622625037724597,-0.7590367189799527,-0.6816930950414264,-0.2515980649135284,1.279415265684482,-0.5068868537790432,1.3450706483086448,2.548109408594686,0.3304186791341802,0.9979828715325975,1.3476815581139316,-1.0382133153085837,0.3210489524754257,-1.0255396670687447
1,1,0,0.35,0.85,0.15,0.4188272199859809,0.9763060235772695,0.19920223704158385,0.23762020491841548,1.0,-0.3109960271627009,1.2852150094555452,0.49315332996116046,1.2764789161851215,0.9309201682177697,2.283690707190299,-0.560816873443497,-0.4160533487256634,-0.3706604336162588,-0.6977547223523348,1.7857310657872718,0.48059243756015435,1.266452460416671,2.2349808383275978,1.1004884570361866,2.0,3.0,3.0,2.0,5.0,6.0,5.0,3.0,2.0,2.0,2.0,5.0,4.0,5.0,5.0,4.0,5.0,5.0,6.0,5.0,6.0,7.0,3.0,3.0,1.0,2.0,3.0,3.0,2.0,2.0,3.0,3.0,3.0,3.0,4.0,3.0,6.0,7.0,4.0,4.0,4.0,6.0,5.0,6.0,5.0,7.0,6.0,5.0,6.0,6.0,4.0,-1.518333844284113,1.3212231030443273,-1.7674093191816542,0.6753320397222226,0.7659233350527167,2.043958468334406,-1.7546083400043804,-1.335646252952648,-1.2710709696268574,-0.6670716729690054,1.672438032864026,0.6743668062068938,1.3830233596432395,1.9700965414342753,1.3329909840955156
0,0,1,0.35,0.85,0.15,0.3784143566757212,0.7665319836512416,0.20704394677140495,-0.8769080257231828,-1.0,0.15539683062730728,-0.7428178493867256,1.4544586604388816,0.7090834355210657,-0.24606714316595926,-0.0906101658197763,0.32055691214963394,0.8559279119391047,2.0140688296148737,-0.5215871430561662,-0.5606471523641228,-0.9913733584447078,-0.02847806615532314,-1.0889819360703126,-0.1373757782442909,4.0,4.0,5.0,3.0,3.0,2.0,3.0,5.0,4.0,4.0,3.0,3.0,3.0,4.0,4.0,3.0,4.0,2.0,2.0,3.0,3.0,3.0,2.0,3.0,1.0,3.0,5.0,4.0,4.0,5.0,5.0,5.0,5.0,4.0,3.0,3.0,3.0,4.0,5.0,2.0,3.0,3.0,5.0,4.0,5.0,5.0,4.0,4.0,3.0,2.0,4.0,0.0063528612731553755,-1.328468353119777,-0.0027572688286767065,-0.6816930950414264,-0.760358764896651,-1.2690620764819314,-1.7546083400043804,0.33980181033565987,1.0204372573060685,-0.6670716729690054,-0.013699870464544755,-1.3455774495142216,0.6912414525141477,0.3210489524754257,-1.0255396670687447
0,1,1,0.35,0.85,0.15,1.171557581964125,-0.1767984930332547,1.7341611238166676,-1.2096078458141237,1.0,-0.18958403223942538,0.8833540119092147,1.4027985698255985,0.5671491698372537,1.0737081833914384,0.10237547789539758,0.8850383676999585,-0.6374621237854589,-1.7233284694602735,-1.6993438451978953,0.6931450305694417,0.4685687503202623,0.90575116216977,0.3185451999426988,0.7087234925800686,5.0,5.0,3.0,3.0,4.0,4.0,5.0,3.0,4.0,3.0,4.0,4.0,3.0,6.0,6.0,6.0,4.0,6.0,4.0,4.0,5.0,4.0,5.0,6.0,5.0,4.0,3.0,4.0,3.0,1.0,2.0,2.0,2.0,2.0,2.0,3.0,5.0,4.0,4.0,5.0,5.0,5.0,5.0,5.0,6.0,5.0,3.0,5.0,6.0,4.0,5.0,0.0063528612731553755,0.3275888069827882,-0.5069435689295274,0.3360757560313098,1.5290643850274006,0.2600243288179167,0.9903789296913613,-0.6654670276373246,-2.2895190704859356,-1.6645620250721915,0.32352771020116905,1.0110241821604127,1.3830233596432395,0.3210489524754257,0.9960580339291931
0,1,0,0.35,0.85,0.15,1.4622666528049557,-0.9198123766161064,-0.0054894139345608,-0.7228672596584118,-1.0,-0.3028545120723877,0.0915226786698827,1.989923789967976,-0.2071385823466239,2.683391629052363,0.33406713730524207,-0.5763456079976602,1.35163761941843,-0.1762993533791603,1.0832689264088442,1.192367903503553,-0.9519884752996184,-0.19186245352229742,0.8792733363867888,0.24749626132116215,3.0,3.0,3.0,2.0,4.0,3.0,2.0,5.0,5.0,5.0,5.0,3.0,3.0,5.0,7.0,7.0,7.0,7.0,5.0,4.0,4.0,4.0,2.0,2.0,2.0,3.0,6.0,5.0,4.0,3.0,3.0,3.0,4.0,5.0,5.0,5.0,5.0,5.0,6.0,3.0,3.0,3.0,5.0,4.0,4.0,5.0,5.0,4.0,4.0,4.0,4.0,-1.2642193933579016,-0.9972569210992638,1.0056153313730247,-0.34243681135051446,3.055346484976768,0.2600243288179167,-1.7546083400043804,1.0099810356509835,-0.7618469191973182,0.9954122472029713,1.3352104521983112,-1.0089200735607025,0.3453504989496009,0.6508584702671961,-0.014740816569775791
0,0,0,0.35,0.85,0.15,-0.18476156607377386,0.4886392736770809,-1.0073427037269878,2.147414665545883,1.0,0.021786445856447054,0.4287101353356228,1.9179446041874413,1.1272962496819963,1.207057097791121,1.243105929378796,0.7616425019885111,1.1547269405251561,-1.157918303793456,2.4933129879835247,-0.9937532854527358,0.19565662555250038,-1.3160790055861402,1.606609335099839,-0.3193947436160037,4.0,3.0,2.0,3.0,4.0,3.0,5.0,4.0,4.0,4.0,3.0,5.0,4.0,5.0,5.0,5.0,6.0,5.0,6.0,6.0,5.0,3.0,5.0,3.0,5.0,3.0,5.0,5.0,5.0,2.0,3.0,2.0,2.0,7.0,6.0,5.0,3.0,5.0,4.0,5.0,3.0,3.0,3.0,4.0,2.0,6.0,5.0,5.0,4.0,3.0,3.0,-1.0101049424316901,-0.003622625037724597,-0.25485041887910204,0.6753320397222226,1.2746840350358393,1.0245675314678406,-0.0077982592889083565,1.0099810356509835,-1.7802950200563963,1.9929025993061573,-0.013699870464544755,-0.3356053216536642,-1.0382133153085837,1.3104775058507352,-0.6886067169024216
0,0,0,0.35,0.85,0.15,-0.2256868992995695,0.5364471869338461,1.5967771365306942,0.10304312322470317,-1.0,-0.6926804102092277,-0.8623417253610884,-1.2229431649233928,-1.1190347672113843,0.1758138221203306,-0.5165413702638665,-0.8067911650775434,-0.532778383777395,-1.0469811065725656,0.5151889131715923,0.22118551336859438,1.2157592751308473,-1.0755940621068636,0.7574205403456825,-0.03555727642052561,3.0,3.0,2.0,3.0,2.0,3.0,2.0,1.0,1.0,1.0,1.0,3.0,3.0,3.0,3.0,5.0,5.0,3.0,2.0,3.0,4.0,3.0,2.0,3.0,2.0,3.0,4.0,4.0,3.0,1.0,3.0,2.0,2.0,4.0,3.0,4.0,4.0,3.0,4.0,5.0,4.0,4.0,3.0,2.0,4.0,4.0,3.0,4.0,5.0,5.0,5.0,-1.2642193933579016,-1.6596797851402898,-3.027875069433781,-1.0209493787323387,0.002782285078032882,-1.01421434226529,-1.505064042759313,-0.3303774149796632,-2.034907045271166,-0.33457488893461035,-0.35092745113025897,0.337709430253374,-1.0382133153085837,-0.3385700831081138,0.9960580339291931
0,0,0,0.35,0.85,0.15,-0.4270915615252934,0.08831222371772571,-0.2723145116077894,1.3882540331374418,-1.0,0.07000240308758043,0.46800456474577157,0.9831623965956712,0.27828215954393365,0.17817886729391402,-0.08496197125305505,-0.44155699510357044,-0.9567270856920482,0.5562442833814633,-0.5591653575737584,-1.5204409435568675,0.5061313077079145,-0.8950183840429161,0.641663166967578,-0.001453122932847134,3.0,4.0,4.0,4.0,4.0,5.0,4.0,2.0,2.0,3.0,3.0,4.0,3.0,3.0,4.0,3.0,4.0,4.0,4.0,4.0,4.0,5.0,3.0,3.0,3.0,3.0,3.0,3.0,3.0,6.0,4.0,4.0,4.0,3.0,4.0,3.0,4.0,3.0,3.0,5.0,4.0,5.0,4.0,3.0,5.0,5.0,5.0,5.0,5.0,5.0,4.0,-0.24776158965305603,0.3275888069827882,-1.515316169131229,-0.6816930950414264,-0.2515980649135284,0.2600243288179167,-1.005975448269178,-1.0005566402949864,0.5112132068765295,-0.6670716729690054,-0.6881550317959728,0.6743668062068938,-0.0005404546149450336,0.9806679880589657,0.6591250837628704
0,1,1,0.35,0.85,0.15,1.6214966643932365,-1.0699361785683101,0.22861352353635955,0.44160462411491913,-1.0,0.8804094510754672,1.5697456930129552,3.4638974400908453,0.6008071925711286,-0.19168144875332693,0.5083404109316306,0.6621844177000902,0.8434782474793261,1.429930851069908,0.8623219053164102,-0.4059174085335123,1.0046572788461696,0.1194886764140086,0.042268169619169044,0.02347902455923838,5.0,5.0,4.0,4.0,5.0,4.0,6.0,6.0,5.0,5.0,5.0,4.0,4.0,3.0,2.0,5.0,4.0,3.0,5.0,5.0,4.0,5.0,3.0,4.0,5.0,5.0,4.0,4.0,5.0,5.0,5.0,5.0,5.0,5.0,5.0,5.0,3.0,4.0,5.0,4.0,5.0,5.0,3.0,3.0,3.0,5.0,5.0,4.0,4.0,4.0,4.0,0.5145817631255781,0.9900116710238146,1.25770848142345,-0.34243681135051446,-0.5059784149050897,0.7697197972511993,0.24174603795615907,0.33980181033565987,1.0204372573060685,0.9954122472029713,-0.013699870464544755,0.6743668062068938,-1.0382133153085837,0.6508584702671961,-0.014740816569775791
0,0,1,0.35,0.85,0.15,-0.6303620160201161,0.7302011984811582,-0.3277484213109877,0.9051071426990711,-1.0,0.18722393816762378,1.219130007299472,3.0221298158770846,1.2659253388732905,-0.2602061564098752,-0.22090691885431896,1.6549611096421102,-0.23411134892478702,1.2089722159937462,-0.5850179663993962,-0.9336614068606605,0.2990376270393206,-0.13270459884734298,-2.415924857986859,-1.44989115929221,3.0,4.0,4.0,4.0,6.0,5.0,4.0,6.0,4.0,5.0,6.0,5.0,3.0,4.0,3.0,5.0,3.0,4.0,4.0,4.0,4.0,4.0,5.0,5.0,5.0,6.0,5.0,3.0,2.0,4.0,4.0,7.0,5.0,2.0,3.0,4.0,2.0,2.0,3.0,4.0,5.0,5.0,4.0,3.0,4.0,3.0,3.0,3.0,1.0,3.0,3.0,-0.24776158965305603,0.9900116710238146,1.25770848142345,-0.003180527659602121,-0.2515980649135284,0.005176594601275346,1.2399232269364286,-0.6654670276373246,1.0204372573060685,-0.9995684570034009,-1.699837773793115,0.6743668062068938,-0.3464314081794914,-0.9981891186916533,-1.6994055674013904
1,0,0,0.35,0.85,0.15,-1.3563166104056363,0.21482124192087174,-0.5377786367516538,-1.3612736316007252,1.0,1.2295209178274042,1.672103646200734,1.9648073656046448,2.1524583941879505,-1.1666963265751178,-1.2155684942321092,1.9363718274987065,0.8171219681659607,1.6526509293482774,-0.5342983352624564,-0.9487201835235688,0.5658305303842635,0.027452011670500542,-1.8132793634933395,-0.37991233953829917,5.0,4.0,5.0,5.0,6.0,6.0,6.0,4.0,4.0,3.0,4.0,4.0,5.0,5.0,2.0,2.0,2.0,3.0,2.0,2.0,2.0,4.0,5.0,4.0,5.0,4.0,4.0,4.0,4.0,5.0,4.0,5.0,5.0,4.0,2.0,2.0,2.0,3.0,3.0,6.0,3.0,5.0,3.0,4.0,5.0,2.0,2.0,1.0,4.0,3.0,3.0,0.7686962140517896,1.983645967085354,-0.25485041887910204,0.6753320397222226,-1.7778801648628961,-1.5239098106985727,0.4912903352012265,0.004712197677998546,0.7658252320912989,-1.3320652410377964,-1.3626101931274013,0.6743668062068938,-0.0005404546149450336,-2.317427189858732,-0.6886067169024216
0,0,1,0.35,0.85,0.15,0.3764283256980155,1.855736070603358,-2.0171103098317635,-0.26206070323704767,1.0,0.12146711986325862,-0.5626187410739726,1.3156994154930748,0.29455672584647474,-0.8005931151104817,-0.06254445296247935,0.19471944954021303,-0.5330378658189104,-0.512241238281739,-0.08685276310454354,0.535052226921866,-1.0339125150180375,-1.9565617653092509,1.6883723766611332,0.07752525187153797,3.0,3.0,5.0,3.0,3.0,4.0,4.0,4.0,4.0,4.0,2.0,4.0,4.0,4.0,3.0,3.0,3.0,4.0,5.0,4.0,5.0,5.0,5.0,3.0,3.0,4.0,3.0,2.0,3.0,3.0,2.0,3.0,3.0,4.0,4.0,3.0,5.0,6.0,5.0,3.0,3.0,3.0,3.0,4.0,3.0,7.0,5.0,5.0,4.0,4.0,5.0,-0.5018760405792674,-0.3348340570582378,-0.5069435689295274,-0.003180527659602121,-0.760358764896651,0.7697197972511993,-0.25734255653397575,-1.335646252952648,-1.2710709696268574,-0.33457488893461035,1.3352104521983112,-1.0089200735607025,-0.6923223617440373,1.6402870236425056,0.32219213359654686
1,1,1,0.35,0.85,0.15,-1.5698430431432648,-0.3764310210675762,-0.8392492011604672,0.9165158949772514,1.0,2.8647484361056037,1.2476528319899065,4.301678988353551,2.0390260943585012,-0.33933900425776,-0.698663492872655,3.9120051883040468,1.3990589519386798,1.8960106943269304,1.4396834297310224,-0.06596771907380017,1.399178725995014,0.161569574798911,-2.1469370561314287,0.715678334405348,7.0,6.0,5.0,6.0,6.0,5.0,6.0,7.0,6.0,7.0,7.0,4.0,4.0,4.0,4.0,4.0,4.0,3.0,3.0,3.0,3.0,3.0,7.0,7.0,7.0,7.0,5.0,5.0,3.0,6.0,6.0,5.0,5.0,5.0,5.0,4.0,4.0,5.0,5.0,6.0,5.0,5.0,5.0,4.0,4.0,1.0,2.0,2.0,6.0,5.0,5.0,2.0392684686828466,1.652434535064841,2.7702673817260024,-0.003180527659602121,-0.2515980649135284,-1.01421434226529,2.9867333076519005,0.33980181033565987,1.5296613077356076,0.6629154631685762,0.6607552908668837,1.3476815581139316,0.3453504989496009,-2.317427189858732,1.3329909840955156
1,1,0,0.35,0.85,0.15,1.6691802607848378,-0.5331297449671678,-0.30300545442605925,-2.3686209901204944,1.0,0.7235142716347034,0.130207270430368,2.7755497453184077,2.6954968103542294,1.7783063082608126,2.1634717437990125,0.7808327511492006,-1.0442572996104373,-0.5804262476131339,-0.15503957106736893,0.15230174339108604,-0.6238778957842349,0.33043039544832475,-0.5388658435096879,-0.8173156903529891,4.0,3.0,4.0,4.0,4.0,4.0,3.0,5.0,4.0,6.0,5.0,5.0,5.0,5.0,6.0,4.0,4.0,7.0,6.0,6.0,7.0,5.0,4.0,5.0,4.0,3.0,2.0,2.0,3.0,3.0,3.0,5.0,5.0,3.0,3.0,3.0,4.0,6.0,4.0,3.0,3.0,2.0,4.0,4.0,2.0,4.0,2.0,3.0,3.0,2.0,3.0,-0.24776158965305603,-0.3348340570582378,1.0056153313730247,1.0145883234131345,1.2746840350358393,2.043958468334406,-0.0077982592889083565,-1.6707358656103095,0.001989156446990387,-0.9995684570034009,0.6607552908668837,-1.3455774495142216,-0.6923223617440373,-0.9981891186916533,-1.3624726172350679
0,1,1,0.35,0.85,0.15,0.7947571359277968,0.7594100740909602,1.7825922727766774,-1.2052654037699206,1.0,0.5581708963092892,1.6533588976907256,3.444797375634135,1.7688649706600543,1.2910828624897648,0.5613350996575379,1.5246035235383586,-1.0454034608760834,0.5035203853616613,1.1081570387720212,2.375248022802158,-0.03899358948204956,1.283323904363651,-0.8456582318060664,0.9636822318638066,5.0,4.0,4.0,4.0,5.0,4.0,6.0,6.0,6.0,4.0,7.0,5.0,4.0,5.0,6.0,6.0,6.0,6.0,5.0,5.0,4.0,5.0,4.0,5.0,5.0,4.0,3.0,2.0,4.0,3.0,3.0,5.0,2.0,5.0,4.0,5.0,6.0,6.0,5.0,2.0,3.0,4.0,6.0,4.0,6.0,3.0,3.0,4.0,5.0,5.0,5.0,0.26046731219936675,0.9900116710238146,1.7618947815243007,0.6753320397222226,2.0378250850105233,0.7697197972511993,0.4912903352012265,-1.0005566402949864,-0.7618469191973182,0.6629154631685762,1.672438032864026,-1.0089200735607025,1.3830233596432395,-0.6683796008998834,0.9960580339291931
1,1,0,0.35,0.85,0.15,-0.2301743920812009,-0.08016399475164071,-1.3890153538078016,-0.5455706389278379,-1.0,1.3273222518938224,0.8595391322010716,2.063095887134542,0.041360835037955346,-1.020195472684359,-0.2665757999514395,0.9831573454752025,0.9823366540769334,-0.30247124239780915,0.9236809529715988,-2.5546591873476023,0.3524214421620666,-0.017230843223990294,-0.4132008740431316,-0.7381625169523435,4.0,5.0,4.0,5.0,4.0,5.0,5.0,5.0,4.0,4.0,5.0,5.0,6.0,4.0,4.0,2.0,3.0,4.0,4.0,5.0,4.0,4.0,4.0,5.0,4.0,5.0,5.0,5.0,5.0,4.0,4.0,3.0,4.0,4.0,5.0,5.0,1.0,2.0,1.0,5.0,4.0,4.0,6.0,4.0,2.0,5.0,3.0,5.0,4.0,4.0,3.0,0.5145817631255781,0.6588002390033019,0.501429031272174,1.0145883234131345,-0.760358764896651,0.2600243288179167,0.4912903352012265,1.0099810356509835,-0.2526228687677792,0.6629154631685762,-2.7115205157902578,0.337709430253374,-0.0005404546149450336,0.3210489524754257,-0.3516737667360989
0,0,1,0.35,0.85,0.15,0.23446501061788652,0.08862494169137089,0.07130754260275356,1.238244879430301,1.0,0.6578259830051614,0.9616969467656964,2.7847598590197022,2.379855275911886,0.46543804030464964,1.2762014552699106,1.1256678784025471,1.882845514508627,1.452244915711843,0.8072811362354986,1.8948729300156695,-0.35650162714280215,0.12990815580405563,0.5068632296685602,-0.44596822533843766,4.0,5.0,3.0,4.0,4.0,5.0,5.0,4.0,6.0,4.0,5.0,5.0,5.0,5.0,4.0,4.0,4.0,5.0,5.0,5.0,7.0,4.0,5.0,4.0,5.0,4.0,6.0,5.0,5.0,5.0,6.0,5.0,4.0,5.0,6.0,4.0,6.0,5.0,5.0,3.0,4.0,3.0,4.0,5.0,4.0,4.0,5.0,4.0,4.0,4.0,4.0,0.0063528612731553755,0.6588002390033019,0.7535221813225994,1.0145883234131345,0.25716263506959414,1.279415265684482,0.4912903352012265,1.3450706483086448,1.0204372573060685,0.9954122472029713,1.3352104521983112,-0.672262697607183,0.3453504989496009,0.3210489524754257,-0.014740816569775791
1,0,1,0.35,0.85,0.15,-0.42822439975669396,0.49612507047766186,-0.14787034019693426,-0.47393482422251565,-1.0,1.4531348998021847,0.5393132648909132,1.6662898714143854,-0.410724989063194,-0.1506639657192651,-0.99224250994758,1.314460530363419,1.5802192045605357,0.05104696250160179,0.2340076254807676,-1.6399867050774133,0.2890995873014171,0.6093322281904703,1.4684301855622512,-0.08538142409415395,4.0,5.0,5.0,4.0,3.0,4.0,3.0,4.0,5.0,5.0,2.0,3.0,3.0,2.0,4.0,3.0,4.0,4.0,3.0,2.0,2.0,3.0,3.0,4.0,4.0,4.0,6.0,5.0,5.0,4.0,4.0,4.0,3.0,4.0,4.0,4.0,3.0,3.0,3.0,4.0,4.0,4.0,4.0,5.0,5.0,6.0,6.0,6.0,4.0,2.0,6.0,0.5145817631255781,-0.6660454890787506,-0.0027572688286767065,-1.360205662423251,-0.2515980649135284,-1.5239098106985727,-0.25734255653397575,1.3450706483086448,-0.2526228687677792,-0.002078104900214853,-1.025382612461687,0.0010520542998551361,0.6912414525141477,1.9700965414342753,-0.014740816569775791
0,0,0,0.35,0.85,0.15,0.7022839928206019,-0.4368798468559266,0.47712289484145115,-0.222560700580997,-1.0,0.24942265037156092,-0.6450589915000803,1.6823989981048562,1.3847715895465669,0.41236856842509373,-0.5477199077011691,0.12901691589539988,0.03986163538300749,0.22642126305145446,0.43273694631467136,-1.0845593911889453,-2.1468855140401857,0.6674127540357955,-0.5358438738946762,-0.6202545329679922,4.0,4.0,3.0,4.0,3.0,2.0,2.0,3.0,4.0,2.0,4.0,4.0,4.0,6.0,4.0,3.0,5.0,5.0,4.0,4.0,4.0,4.0,4.0,3.0,2.0,3.0,4.0,4.0,4.0,5.0,5.0,3.0,5.0,3.0,4.0,4.0,3.0,3.0,4.0,2.0,2.0,3.0,4.0,4.0,4.0,2.0,3.0,4.0,3.0,3.0,4.0,-0.24776158965305603,-1.6596797851402898,-0.7590367189799527,0.6753320397222226,0.25716263506959414,0.005176594601275346,-1.005975448269178,0.004712197677998546,0.5112132068765295,-0.33457488893461035,-0.6881550317959728,-1.6822348254677406,-0.0005404546149450336,-0.9981891186916533,-0.6886067169024216
0,0,1,0.35,0.85,0.15,0.6355960135964406,0.5984021082946102,-0.3625543692728788,1.073755798112215,-1.0,-0.854038423471832,-0.27461329007176727,0.8431683282198256,0.2879300031162682,-0.2792136598679422,-0.594524211153818,0.5507392862160179,1.8112280962198262,0.42763020828155973,-0.148661499906468,0.2631183885284387,-0.18783163819279672,-0.27182606959200367,0.19508103948289493,-0.013606286873600508,2.0,3.0,2.0,2.0,4.0,4.0,3.0,3.0,3.0,3.0,3.0,2.0,5.0,5.0,5.0,4.0,4.0,4.0,3.0,3.0,3.0,4.0,3.0,3.0,4.0,3.0,6.0,5.0,5.0,5.0,4.0,4.0,4.0,3.0,4.0,3.0,5.0,4.0,4.0,3.0,4.0,5.0,3.0,3.0,2.0,4.0,4.0,6.0,4.0,3.0,5.0,-1.7724482952103244,-0.3348340570582378,-1.011129869030378,-0.003180527659602121,0.25716263506959414,-0.7593666080486486,-0.7564311510241106,1.3450706483086448,0.25660118166175994,-0.6670716729690054,0.32352771020116905,0.0010520542998551361,-1.38410426887313,0.6508584702671961,-0.014740816569775791
1,1,0,0.35,0.85,0.15,-2.7213895330157607,0.8894530888520381,-0.43060505489711143,0.4618357466968591,-1.0,0.5709912240116685,1.4614869260582184,2.4143553921510374,0.5376177794555198,-0.4354086911553588,-0.46189067897543046,0.4644763843983858,-1.3282633343295545,-0.36704661499201474,1.6432927972969074,-0.4563690380790248,0.08686827295715269,-1.5507145080723321,-0.25928901192488996,0.009115892035119429,3.0,3.0,5.0,3.0,6.0,5.0,4.0,5.0,4.0,4.0,5.0,5.0,3.0,4.0,5.0,3.0,3.0,4.0,4.0,4.0,4.0,4.0,4.0,4.0,4.0,3.0,2.0,4.0,2.0,3.0,3.0,4.0,4.0,5.0,4.0,5.0,4.0,4.0,2.0,4.0,5.0,3.0,2.0,3.0,2.0,5.0,5.0,4.0,4.0,3.0,4.0,-0.5018760405792674,0.9900116710238146,0.501429031272174,-0.003180527659602121,-0.2515980649135284,0.005176594601275346,-0.25734255653397575,-1.335646252952648,-0.5072348939825487,0.6629154631685762,-0.6881550317959728,0.0010520542998551361,-1.729995222437676,0.6508584702671961,-0.3516737667360989
1,0,1,0.35,0.85,0.15,-2.1685736516500724,0.6961263661392539,-1.2292226847775727,0.6091894018891243,-1.0,1.97697610319703,0.5545341993766613,3.3774990216216705,2.1272504098247227,-1.9867751545022234,0.32016593067230836,0.4279324875994269,1.0464388845511907,-0.08766358887062706,0.41039666517213785,0.7131568482569873,-1.3333208124370786,-1.0350582707575293,1.69189312196052,1.7659747224632099,5.0,5.0,6.0,5.0,4.0,5.0,4.0,6.0,6.0,5.0,5.0,5.0,6.0,6.0,2.0,1.0,2.0,2.0,5.0,6.0,5.0,5.0,2.0,4.0,4.0,4.0,6.0,5.0,6.0,5.0,5.0,2.0,4.0,5.0,5.0,4.0,5.0,6.0,4.0,4.0,4.0,3.0,2.0,3.0,2.0,5.0,6.0,5.0,5.0,6.0,6.0,1.2769251159042123,0.3275888069827882,1.5098016314738754,1.6931008907949592,-2.2866408648460186,1.279415265684482,-0.5068868537790432,1.680160260966307,0.001989156446990387,0.6629154631685762,0.9979828715325975,-0.3356053216536642,-1.729995222437676,1.3104775058507352,1.6699239342618393
1,1,1,0.35,0.85,0.15,-0.6290887867088397,-0.41108742205797977,-0.9463670179904025,0.6412135361356376,-1.0,-0.007102326717908558,0.754201180839981,1.3429697456489291,0.5599596136330389,0.16759158610349056,0.5956207371738836,-0.41175479986944075,-0.5404624354598699,1.5896962536761357,1.2968523287718574,0.4451296581981292,-0.6591826236740568,-2.150480337964189,-0.4436585223519468,0.09341776973544552,3.0,5.0,4.0,5.0,5.0,6.0,6.0,4.0,3.0,4.0,4.0,3.0,4.0,4.0,4.0,5.0,4.0,4.0,4.0,4.0,4.0,5.0,3.0,3.0,2.0,3.0,2.0,4.0,4.0,5.0,5.0,6.0,6.0,5.0,5.0,5.0,5.0,6.0,4.0,4.0,3.0,3.0,2.0,1.0,2.0,4.0,5.0,4.0,4.0,5.0,5.0,0.26046731219936675,1.652434535064841,-0.25485041887910204,-0.34243681135051446,0.25716263506959414,0.2600243288179167,-1.2555197455142455,-0.6654670276373246,1.5296613077356076,0.9954122472029713,0.9979828715325975,-0.672262697607183,-2.4217771295667685,0.3210489524754257,0.6591250837628704
0,0,1,0.35,0.85,0.15,0.7396320750419677,0.577013622372456,-0.8894123862230067,1.1157469089217096,-1.0,-0.29842651200707604,0.7756769521033711,1.3011110404339379,0.14585211835637057,-0.22252431244249923,-0.09986214350909368,-0.22274654528210824,-0.15146487715418108,-0.4419251885451805,-0.16388236885873564,-1.1332106418264885,-1.5362950878666606,1.651745499955681,1.2028455660241817,-0.49920769090241784,3.0,3.0,4.0,4.0,5.0,4.0,5.0,3.0,2.0,4.0,5.0,5.0,3.0,4.0,3.0,4.0,3.0,4.0,4.0,5.0,3.0,3.0,3.0,3.0,4.0,2.0,3.0,4.0,3.0,4.0,3.0,3.0,3.0,3.0,4.0,4.0,3.0,3.0,2.0,2.0,3.0,2.0,6.0,5.0,4.0,4.0,5.0,5.0,4.0,4.0,3.0,-0.5018760405792674,0.6588002390033019,-0.5069435689295274,-0.003180527659602121,-0.5059784149050897,-0.249671139615366,-1.005975448269178,-0.6654670276373246,-0.7618469191973182,-0.33457488893461035,-1.3626101931274013,-1.6822348254677406,1.0371324060786937,0.6508584702671961,-0.3516737667360989
1,1,1,0.35,0.85,0.15,1.2149328108152302,0.2711628857034853,1.1570239644662401,-0.5930873850975656,1.0,0.3719264240996906,0.687378520459703,2.0267249356571733,0.243448381967033,-0.27812889412808695,0.6263102195444807,1.081442197651707,-0.21932838009220534,1.1804809817545197,2.064445691435621,-0.3216497339464154,0.08362657110724028,0.7669964295816101,-0.8765939369208492,1.5560570490607832,4.0,4.0,3.0,4.0,5.0,4.0,5.0,4.0,4.0,4.0,4.0,3.0,3.0,3.0,4.0,4.0,3.0,4.0,5.0,5.0,5.0,4.0,3.0,5.0,4.0,4.0,2.0,4.0,2.0,5.0,5.0,5.0,6.0,6.0,7.0,4.0,5.0,4.0,4.0,5.0,4.0,3.0,4.0,4.0,4.0,3.0,4.0,2.0,4.0,5.0,7.0,-0.24776158965305603,0.6588002390033019,-0.0027572688286767065,-1.0209493787323387,-0.2515980649135284,0.7697197972511993,-0.0077982592889083565,-1.335646252952648,1.2750492825208382,1.6604058152717622,0.32352771020116905,0.0010520542998551361,-0.0005404546149450336,-0.9981891186916533,1.3329909840955156
1,0,1,0.35,0.85,0.15,-0.21433502828071935,0.3431495235782031,0.4152207447400349,-0.996042988004115,-1.0,-1.0915154954882007,-0.5774418789688798,0.6748436349875511,0.4097542121733158,-1.1327269701519183,-0.5936506019906539,0.15761911820304586,0.4357261635679377,1.003142466166588,-0.49198035157832065,-0.09616772644950289,-2.395296440955596,-0.5681933121782418,-0.39424778355901824,-1.4068970844958586,2.0,3.0,2.0,3.0,3.0,3.0,3.0,2.0,3.0,2.0,1.0,5.0,4.0,3.0,2.0,4.0,3.0,2.0,4.0,3.0,3.0,2.0,4.0,4.0,3.0,3.0,3.0,4.0,3.0,4.0,5.0,5.0,5.0,3.0,4.0,3.0,4.0,4.0,4.0,2.0,2.0,1.0,4.0,4.0,3.0,3.0,4.0,5.0,3.0,3.0,2.0,-1.518333844284113,-0.9972569210992638,-2.0195024692320795,-0.003180527659602121,-1.2691194648797735,-1.01421434226529,-0.5068868537790432,-0.6654670276373246,0.7658252320912989,-0.6670716729690054,-0.013699870464544755,-2.3555495773747794,-0.3464314081794914,-0.008760565316343828,-1.3624726172350679
1,1,0,0.35,0.85,0.15,-0.14023313625624037,0.6924506393302032,-0.3553870622587411,1.7154227793176289,-1.0,0.5099791102171083,0.7426934772077629,2.7300011538515743,-0.04005479485911767,-0.07367814307201231,-0.028129710460950197,0.07223960027089005,-0.8613891169834924,1.7135781226139686,-0.06984766779708149,-0.8524318354409519,0.15953420160469212,-0.04532257590341077,1.244209651590104,-0.6552923355968135,3.0,4.0,5.0,4.0,5.0,4.0,5.0,5.0,5.0,3.0,4.0,2.0,2.0,3.0,4.0,4.0,4.0,5.0,4.0,5.0,3.0,6.0,3.0,4.0,3.0,4.0,2.0,3.0,3.0,5.0,4.0,5.0,5.0,3.0,5.0,4.0,4.0,3.0,3.0,4.0,3.0,5.0,4.0,5.0,3.0,5.0,6.0,5.0,3.0,3.0,4.0,0.0063528612731553755,0.6588002390033019,0.24933588122174866,-1.699461946114163,0.25716263506959414,0.514872063034558,-0.5068868537790432,-1.335646252952648,0.7658252320912989,-0.002078104900214853,-0.6881550317959728,0.0010520542998551361,-0.0005404546149450336,1.3104775058507352,-0.6886067169024216
1,0,1,0.35,0.85,0.15,0.8738768999607757,1.3938061107062205,-1.5866310072207357,-1.5159961291493949,1.0,0.5555236084626096,-1.473817321806691,1.9658553144607334,1.3257926003730467,0.3586423697583144,0.376408915209401,1.2361793895438689,0.17784449385241824,-0.8600490859543174,0.28038108662426037,-0.14404268588691616,1.2937254968436138,0.8570868219362178,-1.5923456351235443,-0.40182882989763624,4.0,4.0,5.0,5.0,3.0,3.0,3.0,5.0,5.0,6.0,6.0,4.0,5.0,5.0,4.0,5.0,5.0,6.0,5.0,5.0,5.0,4.0,5.0,5.0,5.0,6.0,4.0,5.0,4.0,3.0,2.0,3.0,3.0,6.0,4.0,4.0,6.0,3.0,5.0,5.0,6.0,6.0,3.0,5.0,5.0,3.0,2.0,3.0,5.0,3.0,4.0,0.5145817631255781,-0.9972569210992638,1.5098016314738754,0.6753320397222226,1.020303685044278,0.7697197972511993,1.2399232269364286,0.33980181033565987,-1.2710709696268574,0.6629154631685762,0.6607552908668837,1.6843389340674513,0.3453504989496009,-1.3279986364834233,-0.014740816569775791
1,1,1,0.35,0.85,0.15,-0.24468475673371673,0.7252377757259929,0.4272245589130691,0.7710419250320594,1.0,-0.15784593797215796,0.8884075260750105,1.237192287230613,1.577006742471612,-0.10410184752060772,0.13474044645901034,0.31677291775075955,1.8278487398854122,1.1859562330087914,0.2476975214861621,0.7162188825878522,-1.0375608247440686,-1.1049478919111841,0.2420572939305569,-1.104062121517632,3.0,3.0,3.0,3.0,6.0,5.0,5.0,5.0,4.0,2.0,4.0,4.0,5.0,4.0,4.0,5.0,5.0,4.0,4.0,3.0,5.0,4.0,4.0,4.0,5.0,4.0,6.0,5.0,6.0,4.0,6.0,5.0,4.0,5.0,4.0,4.0,6.0,4.0,4.0,3.0,3.0,4.0,2.0,4.0,2.0,4.0,4.0,4.0,3.0,3.0,3.0,-1.0101049424316901,1.3212231030443273,-0.25485041887910204,0.3360757560313098,0.5115429850611555,0.005176594601275346,0.24174603795615907,1.680160260966307,0.7658252320912989,0.3304186791341802,0.6607552908668837,-0.672262697607183,-1.38410426887313,-0.008760565316343828,-1.0255396670687447
1,0,1,0.35,0.85,0.15,1.2291755586428108,-1.3481404472604512,1.877893419517566,-0.7799263968885092,1.0,1.0342606128032052,-0.36969735468997744,0.02027376218769472,1.443419449977175,-0.12351565970798378,-0.35582555862225873,-0.3799882621133459,-1.3194030629670812,-1.053785944257994,-0.7610713526124774,0.017464111740871813,-0.7837522671225783,-0.7127916374754293,1.5607675127358518,-0.8055563048376159,5.0,5.0,4.0,4.0,4.0,4.0,2.0,1.0,3.0,2.0,1.0,5.0,5.0,5.0,4.0,4.0,3.0,4.0,4.0,5.0,4.0,4.0,3.0,3.0,4.0,2.0,2.0,3.0,3.0,3.0,3.0,3.0,2.0,4.0,3.0,3.0,4.0,4.0,5.0,3.0,3.0,3.0,4.0,3.0,4.0,6.0,6.0,6.0,3.0,2.0,5.0,0.5145817631255781,-0.6660454890787506,-2.271595619282505,1.0145883234131345,-0.2515980649135284,0.2600243288179167,-1.005975448269178,-1.335646252952648,-1.2710709696268574,-0.6670716729690054,0.32352771020116905,-1.0089200735607025,-0.3464314081794914,1.9700965414342753,-0.6886067169024216
1,1,1,0.35,0.85,0.15,1.1927159867924444,0.4404402758461555,0.7703780502023877,0.7721535876163409,1.0,2.0761623780921608,0.9865488688403602,3.139902863551847,2.905063023188945,-0.5757212366997662,-0.6120042197706822,2.1402429087593,0.805464879076147,0.5223222865005273,0.4821212138214615,0.4875109293431652,0.1880858548995874,-0.024296655919044507,0.39109073949338136,2.0382188046967866,6.0,5.0,6.0,5.0,5.0,3.0,5.0,7.0,5.0,5.0,6.0,6.0,5.0,5.0,3.0,4.0,4.0,4.0,3.0,4.0,3.0,3.0,5.0,6.0,7.0,4.0,3.0,5.0,4.0,4.0,4.0,4.0,3.0,4.0,3.0,3.0,6.0,5.0,6.0,4.0,4.0,3.0,3.0,5.0,4.0,4.0,5.0,6.0,6.0,5.0,5.0,1.5310395668304237,0.3275888069827882,1.7618947815243007,1.3538446071040464,-0.2515980649135284,-0.7593666080486486,1.489467524181496,0.004712197677998546,-0.2526228687677792,-0.6670716729690054,1.672438032864026,-0.3356053216536642,-0.0005404546149450336,0.9806679880589657,1.3329909840955156
1,1,0,0.35,0.85,0.15,-0.5704320288956217,0.9843185655935787,-1.0015981165639105,-1.6120366222408284,-1.0,1.3433813281733227,-0.034512468788045925,3.2389342862472184,1.3313606345626232,-1.5240986960394038,-0.9229808146248923,1.2586972100441949,0.43768673092323024,0.49158505649006,0.7767121499949443,-1.8629668282346918,0.6014118437733051,0.6844526179872795,-0.3950305498963377,-1.5285135159988392,5.0,5.0,4.0,5.0,4.0,4.0,2.0,5.0,6.0,6.0,6.0,3.0,5.0,5.0,3.0,3.0,2.0,4.0,4.0,4.0,3.0,4.0,5.0,5.0,4.0,5.0,4.0,5.0,4.0,4.0,4.0,4.0,4.0,4.0,5.0,5.0,3.0,1.0,2.0,5.0,6.0,4.0,4.0,5.0,6.0,3.0,4.0,3.0,4.0,3.0,2.0,0.7686962140517896,-0.6660454890787506,1.7618947815243007,0.3360757560313098,-1.0147391148882123,-0.249671139615366,0.7408346324462939,0.33980181033565987,0.001989156446990387,0.6629154631685762,-2.037065354458829,1.0110241821604127,1.0371324060786937,-0.6683796008998834,-1.0255396670687447
0,0,0,0.35,0.85,0.15,0.3556432528437629,1.4721012012991233,-1.3229281218828093,0.7526260696860889,-1.0,0.7534731638065402,-0.4100129614767983,1.5331320717487238,-0.2624452655967476,0.13252165824647782,1.5263953438624813,-0.16981135790845506,-0.6094218696662539,-1.1787565876583104,-0.21437881197545855,0.13874640410803646,-0.3616420221745749,-1.1830862737493708,-0.1380058309889718,0.24727416470807373,4.0,4.0,4.0,4.0,3.0,2.0,2.0,4.0,4.0,4.0,2.0,4.0,3.0,3.0,4.0,5.0,4.0,4.0,5.0,6.0,6.0,5.0,2.0,3.0,2.0,3.0,3.0,2.0,3.0,2.0,3.0,4.0,4.0,3.0,4.0,5.0,5.0,3.0,3.0,4.0,4.0,3.0,4.0,2.0,2.0,4.0,4.0,4.0,5.0,3.0,6.0,0.0063528612731553755,-1.6596797851402898,-0.5069435689295274,-0.6816930950414264,0.25716263506959414,1.5342629999011235,-1.505064042759313,-1.335646252952648,-0.7618469191973182,-0.002078104900214853,-0.35092745113025897,-0.3356053216536642,-1.38410426887313,-0.008760565316343828,0.6591250837628704
1,0,0,0.35,0.85,0.15,-0.673346577825059,-0.46665955654676416,-0.3930205929628667,0.042916559314207896,1.0,0.3082390931819591,0.47733378152164685,1.527338930431544,1.7332385890101865,-0.6092813605820482,-1.0913234118482886,1.051369690872498,1.357185852352955,-0.16317577443874565,1.8599219588478149,0.17544845851073243,-0.4866364810790076,-0.20869706437395014,0.5160446574413805,-0.7539521628866718,4.0,4.0,3.0,4.0,4.0,3.0,4.0,5.0,3.0,3.0,3.0,5.0,5.0,6.0,3.0,3.0,4.0,4.0,4.0,4.0,4.0,3.0,4.0,5.0,5.0,4.0,5.0,5.0,6.0,4.0,5.0,3.0,1.0,6.0,5.0,4.0,4.0,5.0,5.0,4.0,4.0,5.0,5.0,5.0,4.0,4.0,5.0,5.0,4.0,3.0,4.0,-0.24776158965305603,-0.3348340570582378,-0.5069435689295274,1.3538446071040464,-0.5059784149050897,-0.249671139615366,0.4912903352012265,1.3450706483086448,-0.7618469191973182,0.9954122472029713,0.6607552908668837,0.337709430253374,0.6912414525141477,0.6508584702671961,-0.3516737667360989
1,1,0,0.35,0.85,0.15,0.20077058541614068,-1.454449695928215,-2.522734098176237,-0.35334961687093447,-1.0,0.1730596958420742,0.1081314125403045,1.2046456151146097,0.794756067122491,-0.7326804894318342,-1.8012365164161366,0.6043118852363909,0.6896760698387633,0.7702226354132312,-0.05738091526025069,-0.8651975369481105,0.43630700718350296,-2.069970268154492,-0.41412784026251154,-1.7440699816267367,4.0,3.0,3.0,3.0,3.0,4.0,3.0,4.0,3.0,3.0,3.0,6.0,6.0,4.0,4.0,4.0,4.0,3.0,1.0,1.0,4.0,2.0,4.0,4.0,3.0,4.0,4.0,4.0,4.0,5.0,5.0,3.0,4.0,3.0,4.0,4.0,4.0,3.0,4.0,5.0,4.0,5.0,2.0,3.0,3.0,3.0,3.0,4.0,3.0,3.0,4.0,-0.7559904915054788,-0.6660454890787506,-0.7590367189799527,1.3538446071040464,-0.2515980649135284,-2.0336052791318555,-0.25734255653397575,0.004712197677998546,0.25660118166175994,-0.33457488893461035,-0.35092745113025897,0.6743668062068938,-1.38410426887313,-0.6683796008998834,-0.6886067169024216
1,1,0,0.35,0.85,0.15,0.14201260680570554,0.6888939205134866,0.7143717127320107,0.39230484236204605,1.0,-0.16909661670347997,1.8751542575691063,0.8266171728439199,0.4617003536253585,0.9794972763861365,1.051770350739305,-0.36684133441172195,-0.09151855232312209,-0.038555893224398674,-0.406498412415224,0.2041063318277433,0.038837022456220116,-1.765584455862959,-1.2897447620330595,0.015016425066824907,4.0,5.0,4.0,3.0,6.0,7.0,6.0,3.0,2.0,4.0,4.0,4.0,4.0,2.0,5.0,5.0,5.0,6.0,4.0,5.0,5.0,5.0,2.0,3.0,2.0,2.0,4.0,4.0,3.0,3.0,3.0,3.0,4.0,2.0,3.0,4.0,4.0,4.0,4.0,4.0,5.0,4.0,3.0,2.0,2.0,3.0,3.0,2.0,3.0,5.0,5.0,0.0063528612731553755,2.3148573991058665,-0.7590367189799527,-0.6816930950414264,1.2746840350358393,0.7697197972511993,-1.7546083400043804,-0.3303774149796632,-0.7618469191973182,-0.9995684570034009,-0.013699870464544755,0.337709430253374,-1.729995222437676,-1.3279986364834233,0.32219213359654686
1,0,1,0.35,0.85,0.15,-1.0242596628129905,-1.0736552467604776,0.9639722934217684,0.26479249089732787,1.0,0.5245483574448474,-0.4782096242921324,2.381181653660679,1.8020540920586126,-0.9881460633888743,-1.4303999975662416,2.8009762528055733,0.41916592950456466,2.030988177816977,1.4821623278400178,-1.0907642867257978,1.2906639582015424,-0.4681157462240152,0.15500540197985047,-0.20584282589322397,4.0,4.0,4.0,4.0,5.0,2.0,3.0,4.0,4.0,4.0,4.0,5.0,5.0,5.0,3.0,2.0,3.0,3.0,2.0,2.0,3.0,3.0,7.0,7.0,7.0,6.0,5.0,3.0,5.0,6.0,6.0,6.0,4.0,5.0,4.0,6.0,3.0,3.0,5.0,5.0,4.0,6.0,4.0,4.0,5.0,5.0,4.0,2.0,4.0,4.0,3.0,0.0063528612731553755,-0.6660454890787506,-0.0027572688286767065,1.0145883234131345,-1.2691194648797735,-1.5239098106985727,2.737189010406833,0.33980181033565987,1.5296613077356076,0.9954122472029713,-0.35092745113025897,1.0110241821604127,0.3453504989496009,-0.3385700831081138,-0.3516737667360989
1,0,1,0.35,0.85,0.15,-0.915144321065562,0.42849950855230956,0.4662821312626401,0.7443577334957457,1.0,0.7473682197873065,-0.08877104854400075,1.4601163367248722,0.9149559210388001,-1.0575068723131105,-0.47540897590284725,1.2493582409944484,0.08107057212866509,1.1419543425491114,0.26643774704393147,-1.1499118670862034,0.9569699554652071,0.2543881490212619,1.2298436431775661,-0.21793634524554478,5.0,4.0,2.0,4.0,4.0,3.0,3.0,4.0,3.0,4.0,3.0,4.0,4.0,3.0,2.0,3.0,4.0,3.0,4.0,4.0,3.0,2.0,4.0,3.0,4.0,5.0,4.0,3.0,4.0,4.0,5.0,5.0,5.0,3.0,3.0,4.0,3.0,3.0,3.0,5.0,6.0,7.0,4.0,5.0,3.0,6.0,5.0,6.0,3.0,3.0,3.0,-0.24776158965305603,-0.6660454890787506,-0.5069435689295274,-0.34243681135051446,-1.0147391148882123,-0.7593666080486486,-0.0077982592889083565,-0.3303774149796632,0.7658252320912989,-0.6670716729690054,-1.025382612461687,2.02099631002097,-0.0005404546149450336,1.6402870236425056,-1.0255396670687447
1,1,1,0.35,0.85,0.15,-1.1382759748355655,0.8124497277768025,0.08790240036458899,-0.20489589021165025,-1.0,-0.19449855369089653,1.221515703286983,1.4404520404634011,1.2557767605195984,-0.5581035290226606,-0.14800756921952324,0.841350733373878,0.9684208942826442,-0.479109058728769,-0.7023245977640202,0.3199705210534611,1.9346245603226235,-1.43252869504949,0.9981071381926739,-0.8397972039835097,3.0,2.0,3.0,3.0,4.0,6.0,5.0,4.0,4.0,3.0,2.0,4.0,5.0,6.0,3.0,3.0,4.0,3.0,4.0,4.0,4.0,4.0,4.0,5.0,4.0,5.0,4.0,5.0,5.0,3.0,3.0,4.0,3.0,3.0,3.0,2.0,5.0,4.0,5.0,7.0,6.0,7.0,3.0,3.0,3.0,6.0,5.0,5.0,2.0,3.0,3.0,-1.2642193933579016,0.9900116710238146,-0.7590367189799527,1.0145883234131345,-0.760358764896651,0.005176594601275346,0.4912903352012265,0.6748914229933222,-0.7618469191973182,-1.3320652410377964,0.6607552908668837,2.694311061928009,-1.0382133153085837,1.3104775058507352,-1.3624726172350679
0,0,0,0.35,0.85,0.15,0.13326994051168,-1.0616899126688109,1.067238777562101,0.461005983798482,-1.0,-0.6764905959152623,-0.17968103192706986,0.13366329476782168,-1.0633769348817674,0.286815759225693,-0.6273302269733327,0.1904184568907065,1.714055932441974,-0.6607860807076784,0.9449205488412985,-1.3006293225736498,-1.2913220790612412,-0.37331789726074255,-0.6189384305520744,1.0530099273328215,2.0,4.0,4.0,3.0,3.0,3.0,3.0,2.0,2.0,3.0,2.0,2.0,1.0,2.0,5.0,4.0,4.0,4.0,4.0,3.0,4.0,3.0,3.0,4.0,3.0,3.0,5.0,6.0,5.0,2.0,4.0,2.0,3.0,6.0,5.0,4.0,3.0,4.0,5.0,2.0,3.0,3.0,4.0,4.0,4.0,3.0,4.0,5.0,5.0,4.0,4.0,-0.7559904915054788,-0.9972569210992638,-1.7674093191816542,-2.377974513495987,0.25716263506959414,-0.5045188738320073,-0.7564311510241106,1.3450706483086448,-1.2710709696268574,0.9954122472029713,-0.013699870464544755,-1.3455774495142216,-0.0005404546149450336,-0.008760565316343828,0.32219213359654686
0,0,1,0.35,0.85,0.15,0.15055100176563813,0.15774760204480706,-0.656435296674391,0.2968631363249382,1.0,0.47808095327286343,0.9638887141538445,3.080358042031055,0.8982582374187891,0.12095971374395706,0.2004325469491252,1.2664375448083174,-0.5620665148274169,0.11785509164195301,0.8812040980789833,1.480658919142861,0.3248927514837296,1.6802782108970986,0.9883323101575582,-0.9746114976432352,4.0,5.0,6.0,4.0,4.0,6.0,6.0,6.0,6.0,6.0,5.0,5.0,4.0,5.0,5.0,4.0,3.0,4.0,4.0,4.0,3.0,4.0,4.0,5.0,6.0,5.0,4.0,3.0,3.0,4.0,4.0,4.0,5.0,4.0,4.0,5.0,6.0,6.0,6.0,4.0,6.0,4.0,7.0,6.0,5.0,5.0,6.0,6.0,3.0,4.0,2.0,0.7686962140517896,1.3212231030443273,1.7618947815243007,0.6753320397222226,0.002782285078032882,-0.249671139615366,0.9903789296913613,-0.6654670276373246,0.25660118166175994,0.3304186791341802,2.00966561352974,0.6743668062068938,2.0748052667723322,1.6402870236425056,-1.0255396670687447
0,1,1,0.35,0.85,0.15,-0.27401070378945813,1.096849308114984,-0.7056207901508342,0.1204583893852151,-1.0,-0.8533989525467022,0.3025562050541719,0.8892902605864319,-0.43988647240955225,-0.36439096487985423,-1.2058218334347293,0.5847100802591684,1.512550041868101,0.18954369896987688,0.1720781763476458,-0.9805239574581968,0.0746165899912501,-1.1396915898994104,0.6822464135908409,1.0531074742283988,3.0,3.0,4.0,2.0,4.0,4.0,4.0,4.0,1.0,4.0,3.0,4.0,3.0,3.0,4.0,3.0,3.0,3.0,4.0,5.0,3.0,2.0,4.0,3.0,4.0,4.0,4.0,5.0,6.0,5.0,5.0,3.0,4.0,4.0,4.0,4.0,3.0,4.0,4.0,4.0,5.0,3.0,3.0,3.0,2.0,5.0,3.0,4.0,4.0,5.0,4.0,-1.0101049424316901,-0.003622625037724597,-1.011129869030378,-0.6816930950414264,-0.760358764896651,-0.5045188738320073,-0.25734255653397575,1.0099810356509835,0.25660118166175994,-0.002078104900214853,-0.35092745113025897,0.0010520542998551361,-1.38410426887313,-0.008760565316343828,0.32219213359654686
0,0,0,0.35,0.85,0.15,1.3086047512667451,-0.04197052844023494,-0.7741072903105849,0.3901512252758484,-1.0,-2.102697918891727,0.8047772042805983,1.105952022680981,0.4767571368862825,1.3138762722008188,0.8081026272034546,0.713940265401143,0.24522182864198278,0.1341868825338535,2.047238442080952,-0.43733700398009434,0.09782745414563807,0.5111568455089133,-0.020708133586971975,-0.29911551823706173,2.0,1.0,1.0,3.0,4.0,4.0,5.0,3.0,3.0,4.0,2.0,3.0,4.0,3.0,5.0,5.0,4.0,5.0,5.0,5.0,3.0,4.0,4.0,3.0,4.0,6.0,3.0,4.0,4.0,3.0,5.0,4.0,3.0,6.0,5.0,5.0,4.0,4.0,4.0,5.0,5.0,3.0,4.0,3.0,4.0,3.0,4.0,3.0,4.0,3.0,3.0,-2.2806771970627473,0.3275888069827882,-1.011129869030378,-0.6816930950414264,0.7659233350527167,0.2600243288179167,0.24174603795615907,-0.3303774149796632,-0.2526228687677792,1.3279090312373663,-0.013699870464544755,0.337709430253374,-0.3464314081794914,-0.6683796008998834,-0.6886067169024216
1,1,0,0.35,0.85,0.15,0.011204666220978323,2.049436142195071,-0.8439813867356417,-0.8258256724631079,1.0,0.6669248143862849,-0.15541634335091525,1.0732713856659477,1.6217950662382061,-1.4209521712192752,0.4096794527422436,0.4802573323388254,-0.09841910737040066,-0.9986560706726186,-0.17174182775739996,0.8657251326410386,-0.12203704835117393,-0.5907447619900976,-0.4432044367134623,-2.101822227771909,4.0,5.0,4.0,5.0,4.0,2.0,4.0,3.0,3.0,2.0,4.0,5.0,4.0,4.0,2.0,3.0,4.0,3.0,5.0,5.0,5.0,4.0,2.0,4.0,5.0,4.0,3.0,4.0,4.0,4.0,4.0,3.0,3.0,3.0,4.0,5.0,6.0,5.0,4.0,4.0,3.0,4.0,4.0,2.0,2.0,3.0,3.0,4.0,2.0,2.0,1.0,0.5145817631255781,-0.6660454890787506,-1.011129869030378,0.3360757560313098,-1.0147391148882123,0.7697197972511993,-0.25734255653397575,-0.3303774149796632,-0.5072348939825487,-0.002078104900214853,0.9979828715325975,-0.3356053216536642,-1.38410426887313,-0.6683796008998834,-2.3732714677340363
1,1,1,0.35,0.85,0.15,-0.8596896999055813,1.5577183756866204,1.3179029509254265,1.1974331425312663,-1.0,1.4224018742527225,1.289647384232831,1.9910905916037744,1.6107610477003,0.591309794552939,-0.20510813100580205,1.139102645616848,0.6202674979165298,1.4313541018339513,-0.4269111198192548,-0.8406418786040181,-0.1434595422730532,-0.46877412213951586,-0.8664622646813459,-0.1006597494005719,6.0,5.0,7.0,4.0,4.0,4.0,5.0,4.0,4.0,2.0,4.0,5.0,5.0,4.0,4.0,5.0,4.0,4.0,4.0,3.0,4.0,4.0,3.0,4.0,4.0,4.0,4.0,5.0,5.0,4.0,4.0,5.0,5.0,4.0,3.0,4.0,3.0,5.0,5.0,4.0,4.0,4.0,3.0,2.0,4.0,4.0,5.0,3.0,4.0,3.0,3.0,1.5310395668304237,0.3275888069827882,-0.5069435689295274,0.6753320397222226,0.25716263506959414,-0.249671139615366,-0.25734255653397575,0.6748914229933222,0.5112132068765295,-0.33457488893461035,0.32352771020116905,0.0010520542998551361,-1.0382133153085837,-0.008760565316343828,-0.6886067169024216
0,0,1,0.35,0.85,0.15,1.302666717910418,-0.46030453002432486,3.3014286118507616,-0.20183711779847627,-1.0,-1.387063946353178,0.456471511308269,0.49015084565549116,-0.19623783145353924,1.7121902102407356,-0.293541414952157,-0.14345991700698718,-0.24343748374584415,0.725714365589431,0.7399951740257875,-0.4414637997370513,-0.2659113738323696,-1.1366503575176181,1.6135252618293252,0.03528093821326776,2.0,2.0,3.0,2.0,4.0,5.0,3.0,2.0,2.0,4.0,3.0,4.0,2.0,4.0,6.0,6.0,4.0,6.0,4.0,4.0,4.0,4.0,4.0,3.0,3.0,2.0,3.0,3.0,3.0,4.0,5.0,4.0,4.0,4.0,5.0,7.0,3.0,3.0,5.0,3.0,5.0,6.0,3.0,4.0,3.0,5.0,6.0,5.0,4.0,5.0,5.0,-1.7724482952103244,-0.003622625037724597,-1.2632230190808036,-0.6816930950414264,1.5290643850274006,0.005176594601275346,-1.005975448269178,-1.0005566402949864,0.25660118166175994,1.3279090312373663,-0.35092745113025897,0.6743668062068938,-0.6923223617440373,1.3104775058507352,0.6591250837628704
1,1,1,0.35,0.85,0.15,-1.3757514437710325,0.501491869789749,-1.6758239429194528,-0.3040276078771497,1.0,0.2811283495014594,0.8302729524342082,1.7466555285490166,1.9201007379976818,-0.21703856699628565,-0.40406982724337503,0.7663470499754362,-0.5588205024710023,-0.0092508236970551,-0.24814739246178197,1.3024349083184068,0.5083612680534947,0.4348417462030692,-0.688745150792894,-0.9950484227157113,5.0,4.0,4.0,3.0,4.0,4.0,6.0,5.0,4.0,5.0,4.0,5.0,6.0,5.0,4.0,3.0,4.0,3.0,4.0,4.0,2.0,4.0,5.0,4.0,4.0,6.0,4.0,4.0,4.0,4.0,3.0,3.0,3.0,4.0,4.0,4.0,6.0,6.0,6.0,5.0,4.0,4.0,4.0,4.0,5.0,4.0,4.0,3.0,4.0,3.0,2.0,0.0063528612731553755,0.6588002390033019,0.501429031272174,1.3538446071040464,-0.5059784149050897,-0.5045188738320073,0.7408346324462939,0.004712197677998546,-0.7618469191973182,-0.002078104900214853,2.00966561352974,0.337709430253374,0.3453504989496009,-0.3385700831081138,-1.0255396670687447
1,1,0,0.35,0.85,0.15,-0.963719438367521,-0.447453925297205,-1.884585880284904,-0.9563314262392716,-1.0,0.8304434872182228,0.3274842704955738,1.5091168409183924,-0.5173156387415305,-0.06545160500809033,0.5046648746101774,0.8448065964791136,-0.29657501789809365,-1.208596798166597,0.4132992122251711,-0.11342341902621163,0.27674641180641607,-0.7718026880103533,-0.1346542935376217,0.6165628506317807,4.0,4.0,6.0,4.0,5.0,4.0,6.0,4.0,3.0,4.0,3.0,3.0,2.0,3.0,4.0,4.0,4.0,5.0,5.0,5.0,5.0,4.0,3.0,5.0,5.0,4.0,4.0,4.0,2.0,4.0,2.0,3.0,4.0,5.0,3.0,4.0,6.0,5.0,5.0,4.0,5.0,5.0,2.0,3.0,5.0,3.0,4.0,5.0,5.0,4.0,5.0,0.5145817631255781,0.9900116710238146,-0.5069435689295274,-1.360205662423251,0.25716263506959414,0.7697197972511993,0.24174603795615907,-0.6654670276373246,-0.7618469191973182,-0.002078104900214853,1.3352104521983112,0.6743668062068938,-0.6923223617440373,-0.008760565316343828,0.6591250837628704
1,1,0,0.35,0.85,0.15,0.0002533195643060615,-0.6194618562249741,1.645852936743613,1.5369991326115624,-1.0,-0.03936519771438629,-0.26001101615164335,0.3080576744451766,-0.9739894195605487,-0.40099001809599083,0.23601813585449694,0.9359296908499566,0.9006956859450448,-1.14759091138131,-0.3712046822825715,-1.782311884878334,0.565756595922054,-0.3619263595092287,0.3985224633157735,-0.6528755207034103,4.0,3.0,3.0,4.0,3.0,3.0,3.0,2.0,4.0,3.0,1.0,3.0,2.0,2.0,4.0,5.0,5.0,4.0,4.0,5.0,3.0,5.0,4.0,5.0,5.0,5.0,3.0,5.0,5.0,2.0,2.0,3.0,3.0,2.0,4.0,3.0,4.0,3.0,2.0,4.0,4.0,5.0,3.0,5.0,5.0,5.0,4.0,5.0,2.0,3.0,3.0,-0.5018760405792674,-0.9972569210992638,-1.515316169131229,-1.699461946114163,0.5115429850611555,0.2600243288179167,0.7408346324462939,0.33980181033565987,-1.5256829948416268,-0.9995684570034009,-1.025382612461687,0.337709430253374,0.3453504989496009,0.6508584702671961,-1.3624726172350679
0,1,1,0.35,0.85,0.15,-0.9198769971680848,0.08764363133622244,-0.1709091447298065,0.022808861738716574,1.0,-0.5174725652086266,-0.15794968478259652,1.2419309355190111,1.5458818408910462,0.7250176674457346,2.3048501048886565,-0.7193628171347555,-0.19097321947909562,-0.9406751395198703,-0.3031767295630747,1.4676435093571745,-0.7639873760195968,-1.4778208390344947,0.27510806797525755,0.2989336684061502,3.0,3.0,4.0,3.0,4.0,4.0,4.0,3.0,3.0,2.0,2.0,3.0,5.0,5.0,5.0,7.0,6.0,6.0,6.0,6.0,6.0,7.0,3.0,2.0,3.0,3.0,5.0,3.0,4.0,3.0,2.0,3.0,1.0,3.0,2.0,4.0,6.0,6.0,6.0,3.0,4.0,4.0,4.0,4.0,4.0,5.0,4.0,5.0,4.0,3.0,5.0,-0.7559904915054788,-0.003622625037724597,-1.515316169131229,0.3360757560313098,2.0378250850105233,2.2988062025510474,-1.2555197455142455,0.004712197677998546,-1.7802950200563963,-0.9995684570034009,2.00966561352974,-0.3356053216536642,-0.0005404546149450336,0.6508584702671961,-0.014740816569775791
0,0,1,0.35,0.85,0.15,-0.16363919162491633,1.2111884362872634,-0.48790970880826107,0.07011672481439088,1.0,0.6679819377261063,1.2526279037547126,2.0252488856946074,1.2091282244548565,-0.22844513074257417,0.37004770684596555,1.7923647143398953,0.45811321553014234,0.16560696284043547,0.9940170261831144,0.11145862354247849,2.088465066711654,0.8004274677680576,0.2638444518596348,1.3528281680401248,5.0,5.0,4.0,4.0,6.0,6.0,5.0,4.0,4.0,4.0,4.0,4.0,6.0,5.0,4.0,2.0,2.0,4.0,5.0,5.0,2.0,5.0,6.0,5.0,4.0,5.0,3.0,5.0,4.0,3.0,3.0,5.0,5.0,5.0,5.0,4.0,3.0,4.0,4.0,6.0,6.0,5.0,4.0,4.0,5.0,4.0,5.0,3.0,6.0,4.0,5.0,0.5145817631255781,1.652434535064841,-0.0027572688286767065,1.0145883234131345,-1.0147391148882123,0.2600243288179167,0.9903789296913613,0.004712197677998546,0.001989156446990387,0.6629154631685762,-0.35092745113025897,1.6843389340674513,0.3453504989496009,-0.008760565316343828,0.9960580339291931
0,0,1,0.35,0.85,0.15,-0.32640780693194055,-0.6613277336902609,0.2390048156543971,-1.0900447507233946,-1.0,0.6358548542790803,-1.0614612221282482,1.4841446957562585,0.04678505919804146,-0.6352298810817959,-0.2093289890156843,-0.5849779074877932,-0.5997291342722824,1.9136360126975733,-0.9881447360642045,-0.4806540004861978,-1.1673579319192782,-0.3049041396504736,1.394405637867815,1.2175343093232138,4.0,4.0,4.0,3.0,2.0,3.0,2.0,3.0,4.0,4.0,3.0,2.0,4.0,4.0,4.0,3.0,2.0,3.0,3.0,3.0,3.0,5.0,2.0,3.0,3.0,2.0,3.0,3.0,3.0,6.0,6.0,6.0,5.0,2.0,3.0,2.0,4.0,5.0,4.0,2.0,3.0,3.0,3.0,4.0,3.0,5.0,5.0,6.0,5.0,5.0,6.0,-0.24776158965305603,-1.6596797851402898,-0.5069435689295274,-0.6816930950414264,-1.0147391148882123,-0.5045188738320073,-1.505064042759313,-1.0005566402949864,1.784273332950377,-1.6645620250721915,0.32352771020116905,-1.3455774495142216,-0.6923223617440373,1.3104775058507352,1.3329909840955156
1,1,0,0.35,0.85,0.15,-0.498441247230295,0.4656680070081053,2.2714955497780234,-0.3291974469579229,1.0,2.2652407030931663,0.11445178165567971,3.08941979339445,3.131319651073483,-0.3529572440251124,1.0587934729260564,1.5015944231684655,0.7516515356042662,-0.010783147391163372,-0.2246114403114995,0.5877214999058131,0.7871179699335047,1.2233190239382403,1.2375501679153982,-0.4360146652705814,6.0,7.0,6.0,7.0,4.0,5.0,4.0,6.0,6.0,5.0,5.0,5.0,6.0,6.0,4.0,2.0,2.0,5.0,5.0,4.0,7.0,6.0,4.0,6.0,6.0,4.0,5.0,6.0,4.0,2.0,3.0,3.0,3.0,3.0,4.0,4.0,5.0,5.0,6.0,5.0,5.0,6.0,4.0,6.0,5.0,5.0,6.0,5.0,3.0,4.0,4.0,2.5474973705352695,0.3275888069827882,1.5098016314738754,1.6931008907949592,-0.760358764896651,1.5342629999011235,0.9903789296913613,1.0099810356509835,-1.2710709696268574,-0.33457488893461035,1.3352104521983112,1.3476815581139316,1.0371324060786937,1.3104775058507352,-0.3516737667360989
1,0,0,0.35,0.85,0.15,-1.297365974805395,-0.3684039315721575,0.4076761218022511,-0.35116036150279895,-1.0,1.5768475132873856,-0.41309452907133865,1.494139640304029,1.115192007803767,-0.9353024986614815,0.5325205292099136,0.5900510324984611,0.06806854539421889,-0.16840693928342787,0.18974888254142364,1.4228752009278627,0.34345783548801545,0.5447874037832475,-0.2954776766660762,-0.7778755056287735,6.0,6.0,6.0,3.0,3.0,4.0,2.0,4.0,4.0,4.0,5.0,5.0,4.0,5.0,4.0,3.0,4.0,3.0,5.0,4.0,5.0,5.0,4.0,4.0,5.0,4.0,3.0,2.0,4.0,4.0,4.0,3.0,4.0,3.0,4.0,3.0,5.0,6.0,6.0,4.0,5.0,4.0,5.0,5.0,4.0,3.0,4.0,4.0,4.0,4.0,4.0,1.2769251159042123,-0.9972569210992638,0.24933588122174866,0.6753320397222226,-0.5059784149050897,0.7697197972511993,0.24174603795615907,-1.0005566402949864,-0.2526228687677792,-0.6670716729690054,1.672438032864026,0.337709430253374,0.6912414525141477,-0.3385700831081138,-0.014740816569775791
0,0,0,0.35,0.85,0.15,1.4303530198301404,-1.140031146399222,0.24814970260011734,-0.1741119121707902,-1.0,-0.8531463457806678,-1.25720072822347,0.2926106079145352,0.6380059998808542,1.7036653449979728,0.4851308640431167,-0.3073904989813382,0.48427464542152443,1.5069113625982022,-1.3377607241019558,-0.25850537287041775,-0.5496793533491633,1.292261771435863,1.348378048210904,0.31859730019080457,2.0,2.0,3.0,3.0,2.0,1.0,3.0,2.0,2.0,2.0,2.0,4.0,4.0,3.0,5.0,5.0,6.0,7.0,3.0,4.0,5.0,4.0,3.0,3.0,4.0,3.0,3.0,4.0,3.0,6.0,5.0,5.0,5.0,1.0,2.0,3.0,3.0,3.0,3.0,4.0,3.0,3.0,6.0,6.0,5.0,4.0,6.0,4.0,5.0,5.0,4.0,-1.518333844284113,-1.990891217160803,-2.0195024692320795,-0.34243681135051446,1.7834447350189617,0.005176594601275346,-0.7564311510241106,-0.6654670276373246,1.2750492825208382,-1.997058809106587,-1.025382612461687,-0.672262697607183,1.7289143132077864,0.6508584702671961,0.6591250837628704
0,1,1,0.35,0.85,0.15,0.4481579398497186,0.9405243838851604,1.8761164522872285,0.8318366253346653,-1.0,0.623534407629706,1.9024667464836522,2.125452455174008,0.7694863294772528,-0.0543653918880313,0.6081430239867048,0.4104622274178315,-0.7678326490653149,0.8481404570206279,0.49383842569773906,-0.09525787717058211,-0.7709109305655066,2.871351168329935,-0.16257147654640242,-0.6352938570412824,4.0,3.0,3.0,4.0,6.0,5.0,5.0,4.0,5.0,5.0,4.0,4.0,4.0,3.0,5.0,4.0,3.0,4.0,5.0,4.0,4.0,6.0,4.0,3.0,2.0,3.0,3.0,3.0,3.0,5.0,5.0,4.0,5.0,3.0,4.0,5.0,6.0,4.0,4.0,3.0,5.0,5.0,6.0,7.0,7.0,4.0,4.0,4.0,3.0,3.0,1.0,-0.5018760405792674,1.3212231030443273,0.501429031272174,-0.34243681135051446,0.002782285078032882,0.7697197972511993,-1.005975448269178,-1.0005566402949864,0.7658252320912989,-0.002078104900214853,0.6607552908668837,0.337709430253374,2.766587173901425,-0.008760565316343828,-1.6994055674013904
1,1,1,0.35,0.85,0.15,0.6771370170953056,0.5689034118641091,-0.8271878522305955,-1.1942277093159723,-1.0,2.3990001779228227,0.5320880020688582,2.9303623069512352,0.06227553060213131,-0.5957722439380136,-0.05190876295255625,2.138937391830223,0.8614161438858549,1.4158684195431133,2.068368494900377,-0.8390859714061112,-0.8036436805660462,1.2995212137724255,-0.36994771239780155,0.006258371928371614,6.0,6.0,6.0,6.0,4.0,5.0,4.0,6.0,5.0,4.0,4.0,4.0,4.0,3.0,3.0,3.0,2.0,4.0,4.0,5.0,3.0,5.0,5.0,6.0,5.0,5.0,4.0,5.0,5.0,4.0,4.0,5.0,4.0,5.0,5.0,6.0,5.0,4.0,3.0,3.0,2.0,4.0,6.0,5.0,4.0,4.0,5.0,4.0,4.0,3.0,3.0,2.0392684686828466,0.3275888069827882,0.7535221813225994,-0.34243681135051446,-1.0147391148882123,0.2600243288179167,1.2399232269364286,0.6748914229933222,0.25660118166175994,1.3279090312373663,-0.013699870464544755,-1.0089200735607025,1.0371324060786937,0.3210489524754257,-0.6886067169024216
1,1,1,0.35,0.85,0.15,-0.2519340931494287,0.7259914701355049,0.5677817138704028,-1.325383006176493,1.0,1.7404222921176682,1.272354556307257,2.9741824836033652,0.42444884993813936,0.8442360062992227,0.3495879271470714,1.3441364004368668,-0.025931432416927636,1.7772298201432122,2.0326894743760042,0.33129948617666805,-0.09453420582131405,0.8740427977752421,0.47840545016574165,-0.9178195273210944,6.0,5.0,5.0,5.0,7.0,4.0,4.0,6.0,5.0,5.0,5.0,3.0,3.0,4.0,6.0,4.0,5.0,3.0,5.0,5.0,5.0,3.0,5.0,5.0,4.0,5.0,3.0,5.0,3.0,5.0,4.0,6.0,5.0,5.0,5.0,5.0,5.0,4.0,6.0,4.0,3.0,5.0,4.0,5.0,4.0,4.0,4.0,5.0,3.0,3.0,3.0,1.2769251159042123,0.9900116710238146,1.25770848142345,-0.6816930950414264,0.5115429850611555,0.514872063034558,0.7408346324462939,-0.3303774149796632,1.0204372573060685,0.9954122472029713,0.9979828715325975,0.0010520542998551361,0.3453504989496009,0.3210489524754257,-1.0255396670687447
0,0,1,0.35,0.85,0.15,-0.8855146376087526,-0.07815501633637945,-0.5799585241858317,0.6594578098285592,-1.0,-0.7150650203064347,0.8551482699936825,2.4873930974106364,1.1957445749422981,0.7748112313882334,-0.18919375310726705,-0.06687730035933159,-0.43394908507823665,0.15152592483550517,-0.8061695499447985,0.0027069899906454475,-1.4010134460165222,-0.7570065377214299,0.7324320808079748,0.6055396515303983,3.0,3.0,2.0,3.0,4.0,4.0,6.0,5.0,5.0,5.0,4.0,4.0,4.0,4.0,5.0,5.0,6.0,5.0,5.0,4.0,4.0,3.0,2.0,2.0,4.0,4.0,4.0,4.0,4.0,5.0,4.0,4.0,4.0,2.0,2.0,3.0,4.0,4.0,4.0,3.0,3.0,2.0,4.0,5.0,4.0,3.0,4.0,6.0,5.0,5.0,5.0,-1.2642193933579016,0.6588002390033019,0.7535221813225994,-0.003180527659602121,1.2746840350358393,0.005176594601275346,-1.005975448269178,0.004712197677998546,0.25660118166175994,-1.6645620250721915,-0.013699870464544755,-1.3455774495142216,0.3453504989496009,0.3210489524754257,0.9960580339291931
1,0,1,0.35,0.85,0.15,-2.3062120765010445,1.538663769329869,-0.8751140284061211,-0.24335821633869004,-1.0,-0.004922871745956847,-0.17237786038873343,1.0303075945961209,1.0569954285546692,-1.0769820192717134,-0.9531328646820573,-1.1774916471478907,0.27246384961210857,-0.8180567839171659,-1.2893569475215334,-0.28009560883150975,-1.4358323682434648,-0.21926998553118238,-0.20901115354243438,0.1693580163353806,4.0,4.0,3.0,3.0,3.0,3.0,3.0,3.0,3.0,3.0,3.0,4.0,3.0,4.0,2.0,3.0,3.0,3.0,3.0,2.0,3.0,3.0,1.0,2.0,1.0,2.0,4.0,5.0,4.0,4.0,3.0,3.0,3.0,2.0,2.0,2.0,3.0,3.0,4.0,2.0,3.0,2.0,5.0,4.0,2.0,4.0,5.0,2.0,4.0,4.0,2.0,-0.5018760405792674,-0.9972569210992638,-1.011129869030378,-0.34243681135051446,-1.2691194648797735,-1.2690620764819314,-2.5032412317395827,0.33980181033565987,-0.7618469191973182,-1.997058809106587,-0.6881550317959728,-1.6822348254677406,-0.3464314081794914,-0.3385700831081138,-0.6886067169024216
1,0,0,0.35,0.85,0.15,1.7333245735511245,0.5123778478985914,-0.3763607184509401,-0.5031762795277575,1.0,0.3882541023530733,0.5090029890592433,1.2291896102571753,1.1738180773679823,2.0153081674727904,1.4886872813224938,0.37937580438192187,-0.18528192546746722,1.2156942081160622,0.17425146639068284,1.2135676726870566,2.3485684339729556,-0.47716278665579726,0.41398660173584667,-1.4120552116231688,4.0,4.0,5.0,3.0,4.0,5.0,3.0,4.0,3.0,3.0,5.0,4.0,6.0,4.0,6.0,7.0,6.0,5.0,4.0,4.0,5.0,6.0,4.0,5.0,4.0,4.0,3.0,5.0,4.0,5.0,6.0,4.0,5.0,2.0,3.0,4.0,5.0,6.0,5.0,7.0,7.0,6.0,4.0,3.0,5.0,5.0,5.0,3.0,3.0,2.0,4.0,0.0063528612731553755,-0.003622625037724597,-0.25485041887910204,0.6753320397222226,2.0378250850105233,0.7697197972511993,0.24174603795615907,0.004712197677998546,1.0204372573060685,-0.9995684570034009,1.3352104521983112,2.694311061928009,-0.0005404546149450336,0.3210489524754257,-1.0255396670687447
1,1,1,0.35,0.85,0.15,0.6583607748329462,1.1406383528362076,0.668202797867075,-0.7530313441024492,1.0,0.8002615940179151,0.7407123117442046,1.2522307689615713,1.6858572433060464,0.5280701905870426,-0.610418844603875,1.351469704571148,0.74429591981873,2.513327679476835,-0.17500314120538452,0.3374922919926879,1.417615733779751,-0.1979160556667056,0.14419696731826875,1.1744350488076483,5.0,4.0,4.0,5.0,5.0,5.0,5.0,4.0,4.0,4.0,5.0,4.0,5.0,5.0,5.0,5.0,4.0,5.0,3.0,2.0,4.0,4.0,4.0,4.0,5.0,6.0,4.0,5.0,5.0,6.0,6.0,7.0,7.0,3.0,3.0,3.0,4.0,5.0,4.0,5.0,5.0,5.0,3.0,3.0,4.0,4.0,4.0,4.0,6.0,5.0,6.0,0.5145817631255781,0.9900116710238146,0.24933588122174866,0.6753320397222226,0.7659233350527167,-0.7593666080486486,0.7408346324462939,0.6748914229933222,2.548109408594686,-0.9995684570034009,0.32352771020116905,1.0110241821604127,-0.6923223617440373,-0.008760565316343828,1.6699239342618393
1,1,1,0.35,0.85,0.15,0.21982916475375147,-1.2403337692356875,-1.062123217957027,-0.34398978282926523,-1.0,1.1223527621029543,0.13991772410029069,1.0605484316411573,-0.46795002954073406,-0.16976063220006932,0.8456589661428031,-0.17261369926011924,0.22610829049620323,-1.271672898734106,0.6722524360363854,-1.2343057941755196,-0.6550062018024075,-0.043877717106010294,0.7658070920559222,-0.8093083117840331,6.0,5.0,4.0,4.0,3.0,4.0,4.0,3.0,4.0,3.0,3.0,3.0,2.0,3.0,5.0,4.0,5.0,2.0,5.0,5.0,4.0,4.0,3.0,3.0,3.0,2.0,4.0,2.0,3.0,3.0,3.0,3.0,4.0,5.0,5.0,4.0,2.0,2.0,1.0,4.0,2.0,4.0,4.0,4.0,4.0,5.0,4.0,5.0,3.0,3.0,3.0,0.7686962140517896,-0.3348340570582378,-0.7590367189799527,-1.360205662423251,0.002782285078032882,0.514872063034558,-1.2555197455142455,-1.0005566402949864,-0.7618469191973182,0.6629154631685762,-2.374292935124543,-0.672262697607183,-0.0005404546149450336,0.6508584702671961,-1.0255396670687447
1,1,0,0.35,0.85,0.15,0.19988017389033527,-0.061701745087960884,-0.4480024821417158,1.1661158095848139,1.0,0.24272445808816018,0.8274477800721075,1.0637251299108312,2.0553557198606276,0.20886940351527422,-1.001154336965284,1.7997404522989628,-0.2642122989292983,1.7801648306883144,1.907847188977775,0.41393336322529795,0.9264992419668219,-1.7868953266164953,0.6396886629524405,-1.6614532691057768,4.0,3.0,3.0,4.0,6.0,4.0,5.0,3.0,3.0,4.0,4.0,5.0,5.0,6.0,3.0,4.0,4.0,5.0,3.0,3.0,3.0,3.0,4.0,5.0,4.0,4.0,4.0,4.0,4.0,5.0,5.0,6.0,5.0,5.0,5.0,5.0,4.0,5.0,4.0,5.0,4.0,5.0,2.0,1.0,3.0,4.0,5.0,3.0,2.0,2.0,3.0,-0.5018760405792674,0.9900116710238146,-0.5069435689295274,1.3538446071040464,0.002782285078032882,-1.01421434226529,0.24174603795615907,0.004712197677998546,1.2750492825208382,0.9954122472029713,0.32352771020116905,0.6743668062068938,-2.0758861760022222,-0.008760565316343828,-1.6994055674013904
0,0,1,0.35,0.85,0.15,1.05445076614772,-0.17520600831783137,1.2738937308800382,1.4813322497935701,1.0,-1.1622909576146934,-0.06312052300756354,2.058735147079503,1.4866712639874435,1.1581147311501572,0.3254522564285923,0.5481544303116848,1.0283513423807236,1.1736446207633988,1.3067054429864087,-0.2253238476265189,-0.5455915345449394,0.19052203132538467,1.1601142694742068,0.6024760321668694,2.0,1.0,3.0,2.0,5.0,5.0,4.0,4.0,4.0,3.0,5.0,5.0,5.0,5.0,5.0,6.0,6.0,5.0,5.0,7.0,5.0,4.0,5.0,4.0,4.0,3.0,5.0,4.0,4.0,5.0,5.0,4.0,5.0,6.0,4.0,5.0,4.0,5.0,6.0,4.0,3.0,3.0,4.0,5.0,4.0,6.0,5.0,4.0,4.0,5.0,4.0,-2.026562746136536,0.6588002390033019,-0.0027572688286767065,1.0145883234131345,1.5290643850274006,1.279415265684482,-0.0077982592889083565,0.33980181033565987,0.7658252320912989,0.9954122472029713,0.9979828715325975,-0.672262697607183,0.3453504989496009,0.9806679880589657,0.32219213359654686
1,1,0,0.35,0.85,0.15,0.3781932484495389,0.8649464821429009,0.698729401318208,0.10601074158242724,1.0,0.20877589186699066,1.07770434619072,1.9382164353736195,1.2094345622769902,0.3837038279349545,-0.018197870178188844,1.4567619625642312,-0.5874397079765804,0.7364960245955934,0.47966753665012907,-0.22688462591409927,0.05819530869630968,1.6338725402486034,-0.7982109990668609,0.06778014607300188,5.0,3.0,4.0,3.0,4.0,4.0,6.0,4.0,4.0,4.0,5.0,4.0,5.0,3.0,5.0,5.0,4.0,4.0,3.0,3.0,4.0,5.0,5.0,5.0,4.0,3.0,2.0,3.0,4.0,4.0,4.0,3.0,4.0,4.0,3.0,4.0,4.0,3.0,4.0,3.0,4.0,4.0,5.0,6.0,5.0,4.0,3.0,4.0,3.0,4.0,3.0,-0.24776158965305603,0.6588002390033019,0.24933588122174866,-0.003180527659602121,0.5115429850611555,-0.249671139615366,0.24174603795615907,-1.0005566402949864,-0.2526228687677792,-0.33457488893461035,-0.35092745113025897,-0.3356053216536642,1.3830233596432395,-0.3385700831081138,-0.6886067169024216
0,1,0,0.35,0.85,0.15,-0.26283608851479734,1.0210308765614033,0.7638681532982668,2.2588213534817543,1.0,-0.2885652815171526,0.7903068199001136,0.46433142912789793,0.6820223201940849,0.2313856433508503,0.4984867415581554,-0.0994897872360237,0.6077459991962645,-0.0904037272723189,0.3497181008986003,0.8028505094393323,-0.6249164867330703,-1.3553989027714786,-0.9149349380062227,-0.5192084269074473,4.0,4.0,3.0,3.0,4.0,4.0,4.0,3.0,3.0,3.0,1.0,4.0,5.0,2.0,4.0,4.0,4.0,3.0,5.0,5.0,5.0,4.0,3.0,4.0,3.0,3.0,5.0,4.0,5.0,3.0,3.0,3.0,3.0,4.0,5.0,3.0,5.0,4.0,4.0,3.0,3.0,4.0,2.0,4.0,3.0,4.0,3.0,3.0,3.0,3.0,4.0,-0.5018760405792674,-0.003622625037724597,-1.515316169131229,-0.34243681135051446,-0.2515980649135284,0.7697197972511993,-0.7564311510241106,0.6748914229933222,-1.0164589444120877,-0.002078104900214853,0.32352771020116905,-0.672262697607183,-1.0382133153085837,-0.6683796008998834,-0.6886067169024216
1,1,0,0.35,0.85,0.15,-1.0048075037746342,0.0485043588700687,1.0583017836293354,-0.20687455374324076,1.0,0.9261532572902885,0.5085482343120036,2.1014537945312264,1.0233435277798362,-1.8598170732051065,-0.957648138241184,0.9426304870724688,1.00403914557405,1.6350995753406354,0.4736215426008351,-0.4167203007052114,0.7057408029504099,1.1736734096353938,0.889628967896298,-1.0104760840127922,4.0,3.0,4.0,4.0,5.0,4.0,5.0,5.0,5.0,5.0,4.0,4.0,4.0,3.0,2.0,2.0,2.0,1.0,3.0,3.0,4.0,3.0,3.0,5.0,4.0,5.0,4.0,5.0,5.0,4.0,6.0,5.0,4.0,4.0,4.0,4.0,3.0,3.0,3.0,4.0,5.0,6.0,6.0,5.0,5.0,6.0,5.0,5.0,3.0,3.0,4.0,-0.24776158965305603,0.6588002390033019,0.7535221813225994,-0.34243681135051446,-2.2866408648460186,-0.7593666080486486,0.24174603795615907,0.6748914229933222,0.7658252320912989,-0.002078104900214853,-1.025382612461687,1.0110241821604127,1.3830233596432395,1.3104775058507352,-0.6886067169024216
1,1,0,0.35,0.85,0.15,-0.36960831493113144,-0.043321512176606077,0.8168400388974941,0.7719403428529912,-1.0,0.30755501593072154,0.7768519931018645,2.189596303810291,0.331698188102153,-1.2780826091920208,-0.8835289707033009,1.617069530366563,2.599588795666722,1.304133139094612,0.7628859916075059,-1.2509037455933547,1.868418080994216,-1.5113124558763238,-0.4212985243424038,0.048588270788683934,5.0,3.0,4.0,4.0,5.0,4.0,5.0,5.0,4.0,4.0,4.0,4.0,3.0,3.0,3.0,2.0,3.0,3.0,3.0,3.0,3.0,2.0,5.0,4.0,4.0,5.0,6.0,6.0,5.0,4.0,4.0,5.0,5.0,5.0,7.0,4.0,3.0,2.0,3.0,5.0,7.0,6.0,3.0,4.0,3.0,4.0,3.0,4.0,4.0,4.0,3.0,0.0063528612731553755,0.6588002390033019,0.24933588122174866,-0.6816930950414264,-1.2691194648797735,-1.2690620764819314,0.4912903352012265,1.680160260966307,0.5112132068765295,1.3279090312373663,-1.3626101931274013,2.02099631002097,-0.6923223617440373,-0.3385700831081138,-0.3516737667360989
1,1,0,0.35,0.85,0.15,0.3209657940817605,-2.1988435562334825,-1.5798327478027911,-0.3348280750982798,1.0,-0.2260217552500492,0.701647338273002,1.2240624700859526,1.6460170760262982,0.13066049016961906,-0.44453218358765323,1.3944734871839959,0.9406868876037267,0.7211141930528704,1.2019157941211158,0.11014940223538838,0.23139763166505742,0.5793297932379031,-1.4296736727270203,-0.2468326506045545,3.0,3.0,2.0,2.0,4.0,3.0,5.0,3.0,3.0,6.0,4.0,5.0,5.0,4.0,4.0,4.0,4.0,3.0,3.0,3.0,2.0,3.0,5.0,5.0,6.0,4.0,4.0,4.0,4.0,4.0,3.0,4.0,5.0,5.0,5.0,5.0,4.0,5.0,4.0,5.0,5.0,4.0,4.0,5.0,5.0,2.0,1.0,4.0,3.0,4.0,3.0,-1.518333844284113,-0.003622625037724597,-0.0027572688286767065,0.6753320397222226,-0.2515980649135284,-1.2690620764819314,0.9903789296913613,0.004712197677998546,0.001989156446990387,0.9954122472029713,0.32352771020116905,0.6743668062068938,0.6912414525141477,-1.6578081542751928,-0.6886067169024216
1,1,0,0.35,0.85,0.15,-0.5685326969214864,0.6463138718906025,-0.8052539517039772,-0.10842447467239011,-1.0,-0.865664589223972,1.157835458610747,1.5836405833576839,0.3543621475770065,0.7879769436628108,0.21975508941447341,0.4981696921980078,0.8570248249880422,0.4736960785073321,1.1659580123860978,-0.6227435991917643,-0.36643149031803735,0.03948216472473787,-0.7395088285921065,-0.3496703717285313,1.0,2.0,2.0,3.0,5.0,6.0,5.0,4.0,4.0,4.0,4.0,3.0,3.0,3.0,5.0,5.0,5.0,6.0,4.0,4.0,5.0,5.0,4.0,4.0,2.0,3.0,5.0,5.0,4.0,5.0,5.0,3.0,4.0,4.0,4.0,6.0,3.0,4.0,2.0,3.0,4.0,3.0,5.0,4.0,3.0,3.0,3.0,5.0,4.0,5.0,4.0,-2.026562746136536,1.3212231030443273,-0.0027572688286767065,-1.0209493787323387,1.2746840350358393,0.514872063034558,-0.7564311510241106,0.6748914229933222,0.25660118166175994,0.6629154631685762,-1.025382612461687,-0.672262697607183,-0.0005404546149450336,-0.3385700831081138,0.32219213359654686
0,1,0,0.35,0.85,0.15,-0.5427695166054249,0.6447767903297189,-0.44525389071100324,0.24497235121006905,1.0,0.05724156903328381,-0.25452574433849107,0.6291943858290405,-0.04636104612023495,0.15454100061921805,1.1620548072958468,0.5412628588041234,-0.08546157200440421,-0.8808797144679901,1.3905050138802895,1.6793858075808983,0.09438519307440513,0.7350126052249206,0.08169050464105335,-0.9086322137433127,4.0,3.0,4.0,5.0,3.0,4.0,3.0,3.0,4.0,3.0,2.0,3.0,5.0,5.0,4.0,5.0,5.0,4.0,4.0,5.0,6.0,4.0,4.0,5.0,4.0,4.0,4.0,3.0,3.0,3.0,3.0,2.0,2.0,6.0,6.0,4.0,5.0,6.0,6.0,4.0,4.0,5.0,6.0,4.0,4.0,4.0,5.0,6.0,4.0,5.0,3.0,0.0063528612731553755,-0.6660454890787506,-1.011129869030378,0.3360757560313098,0.5115429850611555,0.7697197972511993,0.24174603795615907,-0.6654670276373246,-1.5256829948416268,1.3279090312373663,1.672438032864026,0.337709430253374,0.6912414525141477,0.9806679880589657,-0.014740816569775791
1,1,1,0.35,0.85,0.15,-0.4495320483083961,-0.6608412731678465,-0.8114195129497591,0.13303038031557768,1.0,1.264948070335572,1.5209570217588473,3.5072464464169135,2.0820851493972374,-0.7069552842910283,0.08008460460597155,2.40331251773442,1.8974066132249305,-0.45893645502772307,2.3512344735355954,0.133006683025218,1.04800540348733,0.16295181120513924,-1.4427674612177888,0.24949548391629228,4.0,5.0,4.0,5.0,6.0,5.0,6.0,6.0,6.0,7.0,6.0,4.0,6.0,5.0,2.0,3.0,4.0,3.0,5.0,3.0,4.0,5.0,5.0,6.0,5.0,5.0,6.0,6.0,4.0,2.0,2.0,3.0,3.0,6.0,6.0,6.0,4.0,3.0,4.0,4.0,5.0,6.0,4.0,4.0,5.0,2.0,2.0,3.0,5.0,4.0,5.0,0.5145817631255781,1.652434535064841,2.2660810816251513,1.0145883234131345,-1.0147391148882123,0.2600243288179167,1.2399232269364286,1.3450706483086448,-1.5256829948416268,1.9929025993061573,-0.35092745113025897,1.0110241821604127,0.3453504989496009,-1.6578081542751928,0.6591250837628704
0,1,0,0.35,0.85,0.15,-0.8720171614448776,-1.5277117386090096,0.5734082702919623,-2.738780691745928,1.0,-0.3914241409011759,-1.1401994335425285,1.4164860219439839,0.9775239474308116,0.737877320550168,0.20466628474548004,1.0421486427845683,-0.4791405875653046,1.595350465203321,0.07902818660875569,1.989234017999531,-0.6817417085859255,-0.8451444482250502,0.3813081325610146,0.3750809457083467,3.0,3.0,3.0,4.0,2.0,3.0,3.0,5.0,5.0,5.0,5.0,4.0,3.0,2.0,4.0,5.0,5.0,5.0,5.0,6.0,4.0,6.0,5.0,4.0,3.0,4.0,4.0,3.0,4.0,4.0,3.0,5.0,5.0,3.0,3.0,5.0,6.0,6.0,7.0,3.0,4.0,5.0,4.0,3.0,3.0,5.0,4.0,3.0,5.0,6.0,5.0,-0.7559904915054788,-1.328468353119777,1.0056153313730247,-1.0209493787323387,0.7659233350527167,1.279415265684482,-0.0077982592889083565,-0.3303774149796632,0.25660118166175994,-0.33457488893461035,2.3468931941954536,0.0010520542998551361,-0.6923223617440373,-0.008760565316343828,1.3329909840955156
1,0,1,0.35,0.85,0.15,-0.705056790747396,0.9999354308348477,-0.7930928301300725,-0.7072254666102693,-1.0,1.823936761513603,1.197823227454374,2.3291891540530525,-0.07710027907464334,-0.9771194254617017,-0.23221423500257177,1.1702014540734191,1.0693287233998139,0.7350309268303208,-0.8983646181673843,0.10985260519557216,0.36503580211411124,-0.7965936230711825,1.0333208721502631,-1.6555829211744897,6.0,7.0,6.0,6.0,5.0,7.0,5.0,5.0,5.0,5.0,4.0,4.0,4.0,5.0,2.0,4.0,4.0,3.0,4.0,3.0,4.0,5.0,4.0,6.0,4.0,3.0,5.0,4.0,5.0,4.0,4.0,4.0,4.0,4.0,2.0,2.0,5.0,5.0,5.0,4.0,5.0,3.0,3.0,3.0,4.0,6.0,6.0,4.0,2.0,3.0,4.0,2.293382919609058,1.652434535064841,0.7535221813225994,0.3360757560313098,-0.760358764896651,0.005176594601275346,0.24174603795615907,0.6748914229933222,0.001989156446990387,-1.3320652410377964,0.9979828715325975,0.0010520542998551361,-0.6923223617440373,1.3104775058507352,-1.0255396670687447
0,1,1,0.35,0.85,0.15,1.2782139371920997,-1.1178037808436438,-2.1956129095574948,0.15328934080321874,-1.0,-1.5315620192324393,-0.7583424536951957,0.8440870446225109,0.019601746056179113,1.0181011460218745,1.2322372762519493,-1.220265788739511,-1.0943182572859629,-0.11843330449864087,-1.532567244566916,-0.45298525249336496,-1.502728586486113,-0.9937831507908248,2.5962053970825014,-0.6989022723653959,3.0,3.0,1.0,3.0,3.0,3.0,1.0,3.0,2.0,3.0,4.0,3.0,5.0,4.0,4.0,5.0,3.0,6.0,6.0,7.0,6.0,6.0,2.0,2.0,2.0,2.0,2.0,2.0,2.0,3.0,3.0,3.0,3.0,2.0,3.0,2.0,4.0,5.0,5.0,1.0,1.0,3.0,3.0,1.0,2.0,7.0,6.0,6.0,3.0,4.0,4.0,-1.518333844284113,-1.6596797851402898,-1.011129869030378,-0.003180527659602121,0.5115429850611555,2.2988062025510474,-2.004152637249448,-2.005825478267971,-1.0164589444120877,-1.6645620250721915,0.6607552908668837,-2.3555495773747794,-2.0758861760022222,2.2999060592260445,-0.3516737667360989
0,1,0,0.35,0.85,0.15,1.836417094533663,1.2686167508073587,-0.12380142867192849,0.6739238443241801,1.0,0.39257431368903684,1.02719459454689,2.108841463837415,1.0893412593593526,1.0501814752558398,0.9645413264492589,1.8108179726173939,0.7805130802003606,0.627820020788457,3.4494644113261193,-0.14322835431399658,0.22478697458438368,-0.26166554590478897,-1.2861263208744094,-0.6634396220076086,4.0,5.0,4.0,4.0,5.0,5.0,4.0,3.0,4.0,4.0,4.0,5.0,3.0,5.0,5.0,6.0,4.0,5.0,5.0,4.0,5.0,6.0,7.0,7.0,6.0,4.0,5.0,5.0,5.0,5.0,3.0,2.0,5.0,7.0,7.0,7.0,5.0,5.0,5.0,3.0,5.0,5.0,4.0,4.0,4.0,3.0,2.0,3.0,4.0,3.0,4.0,0.26046731219936675,0.6588002390033019,-0.25485041887910204,0.3360757560313098,1.020303685044278,1.0245675314678406,1.988556118671631,1.0099810356509835,-0.2526228687677792,2.9903929514093432,0.9979828715325975,0.337709430253374,-0.0005404546149450336,-1.3279986364834233,-0.3516737667360989
1,1,0,0.35,0.85,0.15,-2.1680281748789128,-1.4048431707857225,1.228050837317019,0.9794694966988731,-1.0,1.2194113884711797,-0.5888062350856279,1.5667098817423148,-0.09759231009943081,-1.0373665806766348,-0.17867063639689051,0.7767289640504271,0.6644129866659594,1.0709031907128403,-0.17863663188846787,-0.036759349268476904,-0.12409117923645943,-0.6753936433638681,0.01146506353171738,1.649045174220541,4.0,5.0,4.0,5.0,3.0,3.0,4.0,3.0,4.0,4.0,4.0,4.0,4.0,4.0,3.0,3.0,4.0,4.0,3.0,4.0,4.0,4.0,5.0,3.0,3.0,5.0,5.0,5.0,4.0,5.0,5.0,6.0,3.0,4.0,2.0,4.0,5.0,5.0,5.0,4.0,4.0,4.0,3.0,4.0,5.0,4.0,4.0,4.0,6.0,6.0,4.0,0.5145817631255781,-0.6660454890787506,-0.25485041887910204,-0.003180527659602121,-0.5059784149050897,-0.249671139615366,-0.0077982592889083565,0.6748914229933222,0.7658252320912989,-0.6670716729690054,0.9979828715325975,0.0010520542998551361,-0.0005404546149450336,-0.008760565316343828,1.3329909840955156
1,1,1,0.35,0.85,0.15,0.7926719484028188,-0.3684911483351675,1.4349168579691578,0.007009886594685866,1.0,1.6112149244775316,1.7124707925141747,2.9818859043322594,2.444525424636085,0.16170232699652792,-0.6474870272209907,2.286593545714845,1.0210177149689637,-0.1629510118126246,0.2787227668214365,-0.626671815919165,0.3788904040311127,-0.9561568294944165,1.000523267153187,1.9314859985685064,5.0,6.0,5.0,4.0,4.0,6.0,4.0,4.0,5.0,4.0,5.0,5.0,5.0,3.0,4.0,4.0,3.0,4.0,3.0,3.0,4.0,5.0,5.0,5.0,5.0,5.0,5.0,6.0,4.0,4.0,4.0,2.0,3.0,4.0,4.0,4.0,3.0,4.0,4.0,5.0,5.0,6.0,4.0,3.0,4.0,6.0,4.0,4.0,5.0,6.0,6.0,1.0228106649780009,0.6588002390033019,0.501429031272174,0.3360757560313098,-0.2515980649135284,-0.249671139615366,0.9903789296913613,1.0099810356509835,-0.7618469191973182,-0.002078104900214853,-0.35092745113025897,1.3476815581139316,-0.3464314081794914,0.6508584702671961,1.6699239342618393
1,0,1,0.35,0.85,0.15,0.8761236929313885,0.30161443898154366,-1.769674362647384,-1.0094352144428782,1.0,0.5227905890505357,-0.12093000550281291,2.3604614704210096,0.6796340835512016,-0.5122096961060211,-1.6247348984073442,1.7077212755958489,1.7036160813243633,1.4288852789158373,1.6769012885708092,-2.2497689866128767,0.5171610956163872,1.22276098294825,-2.3074414570933652,-0.9458373292959802,4.0,5.0,3.0,4.0,4.0,4.0,3.0,5.0,4.0,4.0,7.0,4.0,3.0,2.0,3.0,3.0,3.0,3.0,3.0,3.0,4.0,3.0,6.0,6.0,5.0,6.0,5.0,6.0,6.0,6.0,5.0,5.0,5.0,6.0,4.0,6.0,3.0,3.0,2.0,4.0,4.0,5.0,4.0,6.0,6.0,3.0,3.0,2.0,4.0,2.0,2.0,0.0063528612731553755,-0.3348340570582378,1.0056153313730247,-1.0209493787323387,-1.0147391148882123,-0.7593666080486486,1.7390118214265635,1.680160260966307,1.2750492825208382,1.3279090312373663,-1.3626101931274013,0.337709430253374,1.3830233596432395,-1.3279986364834233,-1.3624726172350679
0,1,0,0.35,0.85,0.15,-0.5651774981527087,0.12695992506821294,0.08098058395310478,-0.18472237845340536,1.0,0.3098695326360591,0.6607489703466023,1.3733169784171957,0.8727995874492154,0.6028146330254023,0.9778204398879251,0.2232229332408434,0.19323328462245842,-0.5931909239801126,0.37210090006791996,-0.9197974139453079,-0.3355821656989822,-0.433107269240958,2.2837816228353716,1.212089804370881,5.0,4.0,5.0,5.0,4.0,5.0,4.0,4.0,3.0,4.0,4.0,5.0,2.0,3.0,4.0,3.0,3.0,4.0,4.0,4.0,5.0,5.0,3.0,4.0,3.0,4.0,4.0,4.0,3.0,3.0,3.0,3.0,3.0,4.0,3.0,4.0,2.0,2.0,3.0,4.0,5.0,4.0,4.0,5.0,3.0,6.0,6.0,4.0,6.0,5.0,5.0,0.7686962140517896,0.3275888069827882,-0.25485041887910204,-0.6816930950414264,-0.5059784149050897,0.514872063034558,-0.5068868537790432,-0.3303774149796632,-1.0164589444120877,-0.33457488893461035,-1.699837773793115,0.337709430253374,-0.0005404546149450336,1.3104775058507352,1.3329909840955156
1,0,0,0.35,0.85,0.15,0.6128295228492529,-0.31917281531807545,-0.15879683794090133,-0.4092504390060337,1.0,0.9715275956498064,0.23797030375881467,1.7622271296012728,0.3870563246284694,-0.41266140799884343,0.40973668678497116,0.1731764071871289,0.8620159440378792,-0.8750437080843316,-0.6625085333774601,1.238882280280134,-0.15363007573533904,0.38221166927276695,0.5323149422207207,0.4419672433064528,4.0,5.0,5.0,3.0,5.0,4.0,4.0,4.0,4.0,3.0,3.0,3.0,3.0,3.0,3.0,4.0,3.0,4.0,4.0,5.0,4.0,4.0,3.0,4.0,3.0,2.0,4.0,5.0,5.0,3.0,3.0,3.0,2.0,1.0,4.0,3.0,4.0,5.0,5.0,3.0,4.0,3.0,6.0,5.0,5.0,4.0,4.0,4.0,3.0,4.0,4.0,0.26046731219936675,0.3275888069827882,-0.5069435689295274,-1.0209493787323387,-0.5059784149050897,0.2600243288179167,-1.005975448269178,0.6748914229933222,-1.2710709696268574,-1.3320652410377964,0.6607552908668837,-0.672262697607183,1.3830233596432395,-0.008760565316343828,-0.3516737667360989
1,0,0,0.35,0.85,0.15,0.28074462137853123,0.1706450016776399,-0.6422879343936507,-0.23711656698108893,1.0,0.1378870570688422,-0.6328587561907812,0.5420523461662379,0.13045606131401222,0.6534580900508619,-0.5657145902333892,0.1487968296497697,-1.2231144690904983,0.375125878287538,0.16904213043091232,2.5594598488516724,-0.7558266225749954,0.416316294809502,0.30780098474851114,-1.2973078292056603,4.0,5.0,3.0,3.0,4.0,4.0,3.0,3.0,2.0,4.0,4.0,3.0,4.0,5.0,5.0,5.0,5.0,4.0,3.0,4.0,4.0,5.0,2.0,4.0,2.0,3.0,3.0,3.0,3.0,3.0,4.0,4.0,4.0,4.0,3.0,4.0,7.0,7.0,5.0,4.0,4.0,4.0,5.0,5.0,5.0,5.0,4.0,5.0,3.0,3.0,4.0,-0.24776158965305603,-0.3348340570582378,-0.7590367189799527,-0.003180527659602121,0.7659233350527167,0.005176594601275346,-1.2555197455142455,-1.0005566402949864,-0.2526228687677792,-0.33457488893461035,2.3468931941954536,0.0010520542998551361,1.0371324060786937,0.6508584702671961,-0.6886067169024216
0,1,0,0.35,0.85,0.15,-0.048457594785929606,0.6201200425309825,-0.2418642854313037,1.0284538671055483,-1.0,0.279859668539669,1.0725624557190745,1.9483576275702035,-0.6948975749911191,-0.2420260349923497,-1.1913088289674414,0.048823817131731895,0.5584013850411188,-1.079334769090404,0.19024558346656073,-2.1236678489936085,-0.9586381423746559,0.18854284027085866,2.157848976044423,-0.3057451342433448,2.0,3.0,4.0,4.0,5.0,5.0,4.0,4.0,3.0,4.0,4.0,4.0,3.0,3.0,4.0,4.0,4.0,3.0,2.0,1.0,3.0,3.0,3.0,3.0,4.0,3.0,2.0,5.0,3.0,2.0,2.0,3.0,4.0,3.0,3.0,5.0,3.0,2.0,3.0,4.0,3.0,2.0,2.0,4.0,3.0,5.0,6.0,6.0,4.0,2.0,4.0,-0.7559904915054788,0.6588002390033019,-0.25485041887910204,-0.6816930950414264,-0.2515980649135284,-1.778757544915214,-0.7564311510241106,-0.6654670276373246,-1.2710709696268574,-0.33457488893461035,-1.3626101931274013,-1.0089200735607025,-1.0382133153085837,1.6402870236425056,-0.6886067169024216
1,1,0,0.35,0.85,0.15,-0.17119077092882265,-0.7781110818279846,1.614662661122819,0.6524684560845767,1.0,-1.0804769342327603,0.4567495768108746,0.44826344243322586,0.9680116367902497,1.3441376025538112,0.7884224733414227,0.09833258817151475,1.4852420922297125,1.3117476789394895,-0.615328462751298,0.2294408131432889,-0.11174142285780103,1.0571014687767524,2.308022560905254,-1.5789351590746405,2.0,3.0,2.0,2.0,4.0,4.0,4.0,2.0,2.0,2.0,2.0,6.0,5.0,3.0,5.0,4.0,5.0,6.0,6.0,4.0,4.0,3.0,2.0,4.0,5.0,3.0,6.0,4.0,6.0,6.0,4.0,5.0,3.0,3.0,2.0,2.0,4.0,4.0,3.0,3.0,3.0,4.0,3.0,4.0,5.0,6.0,7.0,6.0,2.0,2.0,1.0,-1.7724482952103244,-0.003622625037724597,-2.0195024692320795,0.6753320397222226,1.020303685044278,0.2600243288179167,-0.5068868537790432,1.3450706483086448,0.5112132068765295,-1.6645620250721915,-0.35092745113025897,-0.672262697607183,-0.0005404546149450336,2.2999060592260445,-2.3732714677340363
1,0,0,0.35,0.85,0.15,1.2305335590575504,-0.14676389490030228,-0.40825284092483655,-0.4936813843680042,-1.0,-0.45745133924993564,0.36798000928601116,1.9134598294773286,0.049629309699654844,-0.9770534424070259,0.12140204243138697,0.85561958167106,-0.7325980621319722,-0.6218980641114378,0.606840956024854,-0.6699672673888952,-0.5761960736374947,0.2242246832423541,1.3254792944676719,-0.2000275857561075,2.0,2.0,3.0,3.0,3.0,5.0,5.0,4.0,4.0,4.0,3.0,3.0,3.0,3.0,3.0,4.0,3.0,3.0,4.0,4.0,4.0,4.0,5.0,4.0,5.0,3.0,3.0,3.0,3.0,3.0,3.0,2.0,4.0,5.0,4.0,4.0,4.0,5.0,3.0,5.0,4.0,5.0,4.0,5.0,3.0,6.0,5.0,4.0,3.0,4.0,4.0,-1.518333844284113,0.3275888069827882,-0.25485041887910204,-1.0209493787323387,-0.760358764896651,0.005176594601275346,0.24174603795615907,-1.0005566402949864,-1.0164589444120877,0.3304186791341802,-0.013699870464544755,0.6743668062068938,-0.0005404546149450336,0.9806679880589657,-0.3516737667360989
0,0,1,0.35,0.85,0.15,0.9513874296538508,-0.7145533026998498,-0.46754247553231676,1.4930557362245223,1.0,-0.11535892809502894,1.0872588946151542,3.3948396449036427,3.483266099517251,0.5218566359478825,0.4435623327082637,1.8609057555551372,0.1884082665390776,1.4329107454639107,0.4001156441627268,1.3860885323985266,0.20156837607656508,0.9178777599547361,-0.66611566670405,0.0899080359315054,3.0,4.0,4.0,4.0,5.0,6.0,6.0,6.0,5.0,5.0,6.0,6.0,7.0,6.0,5.0,6.0,5.0,4.0,5.0,5.0,4.0,5.0,5.0,4.0,6.0,5.0,4.0,5.0,4.0,6.0,5.0,5.0,6.0,4.0,6.0,4.0,6.0,6.0,6.0,5.0,5.0,3.0,6.0,4.0,6.0,4.0,4.0,4.0,5.0,5.0,5.0,-0.24776158965305603,1.652434535064841,1.5098016314738754,2.371613458176783,1.020303685044278,0.7697197972511993,0.9903789296913613,0.33980181033565987,1.5296613077356076,0.6629154631685762,2.00966561352974,0.337709430253374,1.3830233596432395,-0.008760565316343828,0.9960580339291931
0,0,1,0.35,0.85,0.15,-0.8598938985974418,0.9642046621597385,-0.41784421527586,0.9150803517200911,1.0,1.1525425743825477,0.09092738426905264,2.193029308885028,3.0943874496913457,-0.5409245958089975,-0.7267606001352059,1.8197349585349567,1.4403966035734503,0.48167572298348194,0.8289041083528069,0.9705425884136731,1.638357723661945,0.7026405746354434,-0.8829241926016561,-0.0405090825778963,5.0,4.0,6.0,5.0,4.0,4.0,4.0,4.0,4.0,4.0,5.0,6.0,5.0,6.0,4.0,4.0,4.0,3.0,3.0,2.0,3.0,3.0,4.0,6.0,7.0,4.0,4.0,5.0,6.0,4.0,4.0,5.0,4.0,5.0,3.0,5.0,4.0,5.0,5.0,7.0,5.0,4.0,5.0,3.0,6.0,3.0,4.0,3.0,4.0,4.0,4.0,1.0228106649780009,-0.003622625037724597,0.24933588122174866,1.6931008907949592,-0.2515980649135284,-1.2690620764819314,1.2399232269364286,1.0099810356509835,0.25660118166175994,0.3304186791341802,0.6607552908668837,1.3476815581139316,0.6912414525141477,-0.6683796008998834,-0.014740816569775791
1,1,0,0.35,0.85,0.15,-0.003898770947877611,1.068955631230729,-2.119816512009158,0.41389683841580155,1.0,1.6182841303973587,0.5917034779394468,1.810221557377889,1.2646222021071964,0.9721948347450127,1.45846579911218,-0.06296640360021744,-1.9222003356687105,-0.8118087360863095,0.309813940529592,2.1460514123183194,-0.38299358929340677,-0.8868688519696646,-0.3491213358538922,-0.7463316449111554,5.0,4.0,4.0,7.0,5.0,4.0,3.0,4.0,4.0,5.0,4.0,4.0,5.0,3.0,6.0,7.0,6.0,5.0,6.0,5.0,6.0,5.0,3.0,3.0,2.0,3.0,1.0,3.0,2.0,3.0,3.0,4.0,3.0,5.0,3.0,4.0,6.0,6.0,5.0,4.0,4.0,4.0,4.0,2.0,3.0,5.0,3.0,3.0,2.0,3.0,3.0,1.0228106649780009,-0.003622625037724597,0.24933588122174866,-0.003180527659602121,2.0378250850105233,1.5342629999011235,-1.2555197455142455,-2.005825478267971,-0.7618469191973182,-0.002078104900214853,1.672438032864026,0.0010520542998551361,-1.0382133153085837,-0.3385700831081138,-1.3624726172350679
0,0,0,0.35,0.85,0.15,0.2769448633874565,-0.8259733614731855,0.03386313534187107,-1.6382947351498773,1.0,0.14427779418736453,-0.9444498812650526,1.7358343608437066,0.9104325069885653,1.0962995616279647,0.8249826185132701,-1.0173540763399753,0.6772367094871932,0.1892650369634865,-0.8700893637860968,0.42824763888666306,0.5678897727985653,-1.4130487318182738,0.13174666252848666,1.9796052062351774,3.0,4.0,4.0,4.0,3.0,3.0,3.0,4.0,3.0,2.0,3.0,4.0,3.0,5.0,5.0,5.0,4.0,5.0,5.0,6.0,5.0,4.0,3.0,2.0,2.0,2.0,5.0,5.0,5.0,3.0,4.0,5.0,4.0,4.0,3.0,2.0,5.0,4.0,5.0,4.0,4.0,4.0,3.0,3.0,3.0,3.0,4.0,4.0,6.0,6.0,5.0,-0.24776158965305603,-0.9972569210992638,-1.011129869030378,-0.003180527659602121,0.7659233350527167,1.0245675314678406,-1.7546083400043804,1.0099810356509835,0.001989156446990387,-0.9995684570034009,0.6607552908668837,0.0010520542998551361,-1.0382133153085837,-0.3385700831081138,1.6699239342618393
1,0,1,0.35,0.85,0.15,-0.046602270433306274,-1.3525714479274031,0.8695548849117681,-0.5758102243146211,-1.0,1.495184224967159,-0.6497193151310192,1.6814613186287166,0.826760174732032,-0.40961657043542826,-0.9195064005027818,1.2175333627992355,-0.38121252267838335,0.445001761475871,-0.6636883936705428,-0.6148516207420993,-1.0568709510362724,0.688938736324491,-1.259084841510231,0.48371130591520434,5.0,5.0,5.0,5.0,3.0,2.0,4.0,4.0,4.0,4.0,3.0,3.0,4.0,5.0,3.0,4.0,5.0,4.0,3.0,3.0,2.0,4.0,5.0,4.0,4.0,5.0,3.0,3.0,4.0,4.0,4.0,5.0,4.0,4.0,2.0,3.0,4.0,4.0,4.0,2.0,5.0,4.0,4.0,5.0,3.0,4.0,3.0,3.0,6.0,3.0,4.0,1.0228106649780009,-0.9972569210992638,-0.25485041887910204,-0.003180527659602121,0.002782285078032882,-1.01421434226529,0.4912903352012265,-0.6654670276373246,0.25660118166175994,-0.9995684570034009,-0.013699870464544755,-0.3356053216536642,-0.0005404546149450336,-0.6683796008998834,0.32219213359654686
0,0,0,0.35,0.85,0.15,1.2895340906650432,-1.2574619172118093,2.210367756201399,1.225037845739055,1.0,0.5153387254161732,0.059348467718352754,1.966200658277863,1.9513124898721217,-0.38982758465880085,-0.41866759124095443,1.8007452927679073,0.7009903419289429,1.6459219494226063,0.8783752189151405,0.06327840268277019,2.13031660791512,-0.25593359051725534,-0.2015702539724172,2.0269099201841834,5.0,6.0,4.0,4.0,3.0,4.0,4.0,4.0,5.0,4.0,5.0,5.0,4.0,5.0,3.0,3.0,4.0,5.0,4.0,4.0,5.0,4.0,5.0,6.0,6.0,6.0,5.0,5.0,4.0,5.0,5.0,4.0,5.0,4.0,4.0,5.0,5.0,6.0,4.0,5.0,6.0,6.0,4.0,4.0,4.0,6.0,4.0,5.0,5.0,5.0,7.0,0.7686962140517896,-0.3348340570582378,0.501429031272174,0.6753320397222226,-0.2515980649135284,0.2600243288179167,1.7390118214265635,0.6748914229933222,0.7658252320912989,0.3304186791341802,0.9979828715325975,1.6843389340674513,-0.0005404546149450336,0.9806679880589657,1.6699239342618393
0,1,0,0.35,0.85,0.15,2.128655904707705,0.1865973474394165,0.37939215307947977,0.511008551270609,-1.0,0.10932402529085139,0.8665383417592943,1.9464857262890807,-0.6229894592300977,1.945254000070249,1.1238358753657325,0.8844151096842294,1.809550926917682,-0.1852261647466118,-0.3220934788557562,0.7605356506913563,0.2906994709735869,-0.30256986689979587,-0.5988142288218884,-0.37312285816851487,4.0,4.0,4.0,4.0,5.0,5.0,5.0,4.0,4.0,5.0,6.0,2.0,3.0,3.0,7.0,6.0,5.0,6.0,4.0,5.0,5.0,5.0,4.0,4.0,4.0,4.0,5.0,5.0,5.0,4.0,3.0,3.0,4.0,4.0,4.0,4.0,7.0,5.0,5.0,4.0,3.0,3.0,5.0,3.0,3.0,3.0,3.0,4.0,3.0,3.0,3.0,0.0063528612731553755,0.9900116710238146,0.7535221813225994,-1.360205662423251,2.0378250850105233,0.7697197972511993,-0.0077982592889083565,1.0099810356509835,-0.5072348939825487,-0.002078104900214853,1.672438032864026,-0.672262697607183,-0.3464314081794914,-0.6683796008998834,-1.0255396670687447
1,1,0,0.35,0.85,0.15,0.009294648475433398,0.2640288185670922,0.7460082522881465,0.2788424097710938,-1.0,0.8451376210463701,0.497931001493519,1.1253567067507662,-0.8026673478925928,-1.1691875023604166,-1.021981281003815,0.8364456205630949,0.3199838051662457,0.10210318820933839,0.5182162061415843,-0.22920256397249422,-0.4143798802494241,-0.9227144509538282,0.028592294419695515,2.06118393808764,5.0,5.0,5.0,5.0,6.0,4.0,3.0,3.0,4.0,3.0,3.0,2.0,2.0,4.0,3.0,3.0,4.0,3.0,3.0,2.0,3.0,4.0,4.0,3.0,4.0,5.0,4.0,5.0,4.0,3.0,2.0,3.0,4.0,4.0,4.0,4.0,4.0,4.0,3.0,3.0,3.0,4.0,3.0,4.0,2.0,4.0,3.0,3.0,6.0,5.0,5.0,1.0228106649780009,0.3275888069827882,-0.7590367189799527,-1.360205662423251,-0.760358764896651,-1.01421434226529,-0.0077982592889083565,0.33980181033565987,-1.0164589444120877,-0.002078104900214853,-0.35092745113025897,-0.672262697607183,-1.0382133153085837,-0.6683796008998834,1.3329909840955156
0,0,1,0.35,0.85,0.15,-1.3514844181383405,-0.04542659601877052,-0.88811938063079,-0.3452684221269272,-1.0,1.3955299530052854,-0.07269364403305442,3.1605620378878374,2.3267654787623755,-1.4729586524474434,0.06185803281389679,0.933763607567148,-0.192744851513375,-0.057733993740391454,0.8206771460333737,-0.55713934040338,-1.5909318821530636,-0.14314381951640312,1.4137686683824626,0.45309975545727843,6.0,5.0,5.0,5.0,3.0,3.0,4.0,5.0,5.0,6.0,6.0,6.0,6.0,4.0,2.0,2.0,2.0,3.0,5.0,5.0,3.0,5.0,4.0,4.0,4.0,5.0,3.0,3.0,4.0,2.0,2.0,6.0,3.0,4.0,4.0,6.0,3.0,4.0,3.0,3.0,4.0,2.0,4.0,5.0,3.0,6.0,5.0,6.0,4.0,4.0,4.0,1.2769251159042123,-0.6660454890787506,1.5098016314738754,1.3538446071040464,-1.7778801648628961,0.514872063034558,0.24174603795615907,-0.6654670276373246,-0.7618469191973182,0.6629154631685762,-0.6881550317959728,-1.0089200735607025,-0.0005404546149450336,1.6402870236425056,-0.014740816569775791
1,0,0,0.35,0.85,0.15,-1.4389849483098855,-0.8866403172277385,-0.06450233921893782,0.5238313309766425,1.0,2.348034094273622,1.2123104101362716,2.1679713729559684,1.7166338427894425,-0.907349785878622,0.08748088603358894,0.9188211601446521,0.45987350111757336,0.6936891916360739,-0.06602309513267401,-0.08700591314016767,0.5561587738780135,-0.31042941446737843,-0.11023171261208659,0.6613480882879237,7.0,6.0,7.0,6.0,4.0,5.0,5.0,4.0,5.0,4.0,6.0,5.0,5.0,5.0,3.0,3.0,4.0,4.0,3.0,3.0,5.0,5.0,3.0,5.0,5.0,4.0,5.0,3.0,5.0,3.0,4.0,4.0,6.0,3.0,4.0,5.0,5.0,4.0,6.0,5.0,5.0,5.0,3.0,4.0,2.0,4.0,4.0,4.0,4.0,4.0,4.0,2.5474973705352695,0.6588002390033019,0.7535221813225994,1.0145883234131345,-0.5059784149050897,0.005176594601275346,0.24174603795615907,0.33980181033565987,0.25660118166175994,-0.002078104900214853,0.9979828715325975,1.0110241821604127,-1.0382133153085837,-0.008760565316343828,-0.014740816569775791
1,0,0,0.35,0.85,0.15,0.12890229311604467,-0.31751752548837087,3.149560218972109,0.6477705164448372,-1.0,-1.3564104239745887,0.6448776248710809,1.428094346134397,2.7546493041815023,0.5519751184429198,0.40206996661335764,-0.0009578849256733912,0.22364957484537099,-1.545957728699884,-0.8348876031108747,-0.2605542156691977,-0.5413484288997821,-0.7270712560118091,0.22206133034739778,0.13729979222654198,3.0,3.0,2.0,2.0,5.0,3.0,4.0,3.0,4.0,4.0,4.0,6.0,5.0,5.0,4.0,3.0,4.0,5.0,4.0,4.0,4.0,5.0,3.0,5.0,4.0,3.0,4.0,2.0,5.0,2.0,3.0,3.0,2.0,3.0,2.0,3.0,4.0,4.0,4.0,5.0,3.0,3.0,3.0,3.0,4.0,4.0,5.0,4.0,4.0,5.0,6.0,-1.518333844284113,-0.003622625037724597,-0.25485041887910204,1.3538446071040464,0.002782285078032882,0.2600243288179167,-0.25734255653397575,-0.3303774149796632,-1.5256829948416268,-1.3320652410377964,-0.013699870464544755,-0.3356053216536642,-0.6923223617440373,0.3210489524754257,0.9960580339291931
0,0,1,0.35,0.85,0.15,0.09827718420788958,-0.2396460688003126,-0.7188658517183169,-1.1812960957701226,1.0,-0.7630382269398317,0.6719629415402633,1.8869364871510448,1.8245953581186167,0.1568583016507585,0.7160699468402952,1.1220239444009579,-1.1869792299876922,-0.35830503582148826,-0.4059331496809694,-0.98886477317459,-0.5507655873546934,-0.48719231625863685,-0.18222147365209262,0.7780036288920282,2.0,3.0,1.0,5.0,4.0,4.0,5.0,4.0,5.0,3.0,4.0,4.0,3.0,5.0,5.0,4.0,4.0,5.0,4.0,5.0,4.0,5.0,4.0,4.0,3.0,5.0,1.0,2.0,3.0,4.0,3.0,4.0,3.0,3.0,4.0,3.0,4.0,4.0,3.0,2.0,4.0,3.0,3.0,4.0,3.0,3.0,4.0,3.0,5.0,5.0,4.0,-1.2642193933579016,0.3275888069827882,-0.0027572688286767065,-0.003180527659602121,0.5115429850611555,0.514872063034558,-0.0077982592889083565,-2.005825478267971,-0.5072348939825487,-0.6670716729690054,-0.35092745113025897,-1.0089200735607025,-0.6923223617440373,-0.6683796008998834,0.6591250837628704
0,1,0,0.35,0.85,0.15,-0.15464948064384693,0.6497044420235241,-0.42384997993927565,0.8724144259725881,1.0,-0.45146903467867805,0.6838485119539901,0.5177305975387078,1.2452661306119643,-0.39629601957768296,-0.8638112168209084,1.6567562993308065,2.8370443703317623,-0.13313922182714544,0.34670815908955843,-1.1854235094583683,-0.13310616614880455,-0.7026663559238879,-1.3162534418139802,0.7082480920043188,3.0,3.0,3.0,2.0,3.0,5.0,4.0,3.0,3.0,2.0,2.0,5.0,5.0,4.0,4.0,3.0,4.0,4.0,3.0,3.0,3.0,4.0,5.0,6.0,4.0,5.0,7.0,6.0,7.0,3.0,3.0,2.0,4.0,4.0,4.0,6.0,2.0,4.0,4.0,4.0,3.0,3.0,4.0,3.0,4.0,3.0,3.0,4.0,5.0,4.0,6.0,-1.2642193933579016,-0.003622625037724597,-1.515316169131229,0.6753320397222226,-0.2515980649135284,-0.7593666080486486,0.9903789296913613,2.685429098939292,-1.0164589444120877,0.6629154631685762,-0.6881550317959728,-0.672262697607183,-0.3464314081794914,-0.6683796008998834,0.9960580339291931
0,1,0,0.35,0.85,0.15,-0.22364180142260792,-0.5905251612521262,-0.8307051365993683,-0.4790897852190611,1.0,0.5231569014534436,0.00033221104183422945,2.089469417158687,1.274486835027378,0.3930231121903808,0.9276840824425059,1.0273272365418804,0.23655784064163285,0.9982832242658775,0.4145457826474895,1.1525234646143825,-0.40165427362875916,0.38642940366971057,-2.134670934644869,1.5060230405746964,4.0,3.0,3.0,4.0,3.0,4.0,4.0,5.0,5.0,5.0,5.0,4.0,3.0,3.0,4.0,5.0,5.0,3.0,4.0,6.0,5.0,4.0,4.0,5.0,4.0,4.0,4.0,4.0,3.0,4.0,5.0,5.0,4.0,3.0,5.0,4.0,5.0,5.0,6.0,4.0,3.0,4.0,4.0,4.0,4.0,2.0,2.0,2.0,5.0,5.0,4.0,-0.5018760405792674,-0.3348340570582378,1.0056153313730247,-0.6816930950414264,0.25716263506959414,0.7697197972511993,0.24174603795615907,-0.3303774149796632,0.5112132068765295,-0.002078104900214853,1.3352104521983112,-0.3356053216536642,-0.0005404546149450336,-1.9876176720669627,0.6591250837628704
0,0,0,0.35,0.85,0.15,-0.08040118133900523,0.04506132857418438,-0.7586700846377732,0.7160799738590208,1.0,-1.7531650680389932,0.1545117723345569,1.1700861940401226,-0.0507404707085537,1.1461078078757445,-0.6319343252586553,0.42734202448114683,-0.3501646263010898,-1.1284428783531468,0.8984012778328235,0.40861040337956195,-0.1374238145404354,-0.11288862870446531,0.9340286835672318,0.48200966265491263,2.0,2.0,1.0,1.0,3.0,5.0,4.0,3.0,3.0,4.0,5.0,2.0,4.0,3.0,5.0,4.0,4.0,5.0,2.0,2.0,3.0,4.0,3.0,4.0,3.0,2.0,3.0,4.0,4.0,3.0,2.0,3.0,3.0,5.0,4.0,4.0,4.0,4.0,3.0,3.0,4.0,4.0,4.0,4.0,3.0,4.0,4.0,5.0,5.0,5.0,3.0,-2.5347916479889587,-0.003622625037724597,-0.25485041887910204,-1.0209493787323387,0.5115429850611555,-1.2690620764819314,-1.005975448269178,-0.3303774149796632,-1.2710709696268574,0.3304186791341802,-0.35092745113025897,-0.3356053216536642,-0.3464314081794914,0.3210489524754257,0.32219213359654686
1,0,1,0.35,0.85,0.85,0.8846258627516291,-1.700764538419218,-0.6556418692611664,0.5850912433816416,-1.0,-0.3900564762764476,-1.5256625865271598,2.5834266574656835,0.037013786283371486,-2.2335654994741483,-0.8726289928212071,0.8930296126358341,0.3696159662787756,0.8528113986604787,0.5690804993870799,-1.1100194723381285,0.818886913025185,-0.18045015037597684,0.8246055878693602,-1.422772060954601,3.0,2.0,2.0,4.0,2.0,3.0,1.0,5.0,5.0,5.0,4.0,3.0,3.0,2.0,2.0,3.0,3.0,2.0,3.0,4.0,2.0,2.0,4.0,4.0,5.0,5.0,4.0,5.0,3.0,4.0,5.0,4.0,5.0,4.0,5.0,4.0,3.0,4.0,4.0,6.0,5.0,5.0,4.0,2.0,4.0,5.0,5.0,4.0,3.0,3.0,3.0,-1.2642193933579016,-1.990891217160803,0.7535221813225994,-1.360205662423251,-1.5234998148713348,-1.2690620764819314,0.4912903352012265,0.004712197677998546,0.5112132068765295,0.3304186791341802,-0.35092745113025897,1.3476815581139316,-0.6923223617440373,0.6508584702671961,-1.0255396670687447
1,0,0,0.35,0.85,0.85,1.6731012896081139,0.8365615011266171,-0.5212716469474078,0.03673880565609747,-1.0,0.47910708108840055,-0.3458701543433443,1.6522919010716446,0.3264873912723828,-0.10861233399893289,-0.19099996468471298,0.13010021348976725,-0.9097388225931892,0.43862131740697735,1.0771619428934915,0.24147928134843727,0.08915853914725741,-0.03283138899539839,0.13304977938552245,0.9244325267168619,4.0,5.0,5.0,5.0,3.0,4.0,3.0,3.0,4.0,5.0,4.0,4.0,4.0,5.0,4.0,4.0,5.0,5.0,4.0,3.0,5.0,5.0,4.0,4.0,3.0,3.0,3.0,2.0,3.0,4.0,4.0,4.0,3.0,5.0,4.0,4.0,3.0,4.0,3.0,4.0,5.0,5.0,4.0,5.0,4.0,5.0,4.0,4.0,4.0,4.0,5.0,0.7686962140517896,-0.6660454890787506,-0.0027572688286767065,0.3360757560313098,0.5115429850611555,0.2600243288179167,-0.5068868537790432,-1.335646252952648,-0.2526228687677792,0.3304186791341802,-0.6881550317959728,0.6743668062068938,0.3453504989496009,0.3210489524754257,0.32219213359654686
1,1,0,0.35,0.85,0.85,-0.9519215565064756,-1.223234337357824,0.09747912980051361,0.3890626321502125,1.0,-0.29206797953312047,0.3139789518838519,1.9770883014391492,0.9850275609125624,-0.6997614970281174,0.3504074804787157,1.282793390558789,0.8546448411037009,1.8880876050780424,1.5093028874051637,-0.6589659844708441,0.8920067095949695,-0.7421035765937147,-1.439189558171261,-0.1913753400201589,4.0,4.0,4.0,2.0,4.0,4.0,4.0,5.0,4.0,5.0,5.0,3.0,5.0,6.0,3.0,4.0,3.0,3.0,3.0,3.0,6.0,5.0,5.0,4.0,4.0,5.0,4.0,6.0,3.0,6.0,5.0,5.0,5.0,6.0,4.0,5.0,3.0,5.0,4.0,6.0,5.0,5.0,4.0,3.0,4.0,3.0,3.0,2.0,4.0,3.0,3.0,-0.5018760405792674,-0.003622625037724597,0.7535221813225994,0.6753320397222226,-0.760358764896651,0.2600243288179167,0.4912903352012265,0.33980181033565987,1.2750492825208382,0.9954122472029713,-0.013699870464544755,1.3476815581139316,-0.3464314081794914,-1.3279986364834233,-0.6886067169024216
0,1,0,0.35,0.85,0.85,1.262193755493852,1.2664347796462372,1.47219698526326,-0.49011184409527514,1.0,-0.20976521579625612,0.4880288850548313,1.333002443309034,0.7167705485910533,0.5754986435751586,0.3131192473075489,0.7201395447000308,-0.7426628105002281,1.2635556379697714,1.3127276512356256,0.3282591884275789,-0.3105587451725371,-2.5926096917484958,0.003602773767682338,-0.3395445546924704,3.0,3.0,3.0,3.0,3.0,3.0,5.0,3.0,3.0,3.0,4.0,4.0,3.0,5.0,5.0,4.0,4.0,3.0,4.0,5.0,4.0,4.0,4.0,3.0,5.0,4.0,2.0,4.0,3.0,6.0,4.0,7.0,5.0,6.0,5.0,5.0,5.0,4.0,7.0,4.0,5.0,5.0,3.0,2.0,1.0,5.0,5.0,3.0,4.0,5.0,3.0,-1.0101049424316901,-0.3348340570582378,-0.7590367189799527,-0.003180527659602121,0.002782285078032882,0.2600243288179167,-0.0077982592889083565,-1.0005566402949864,1.5296613077356076,1.3279090312373663,1.3352104521983112,0.6743668062068938,-2.0758861760022222,0.3210489524754257,-0.014740816569775791
1,1,0,0.35,0.85,0.85,0.8491567246138905,-0.5933055121013773,-0.593805518732254,0.4740721975226016,-1.0,1.8561629365374526,0.7086590392102832,3.084079390461544,0.06294204796491765,1.3285872015600106,1.3363441684321635,0.13534383701651903,0.05208723502036797,-1.0357923024907398,0.5170962274582528,-0.6865275222275654,-0.35091158362090685,0.3567976169279454,1.6710376665014088,-0.7970685531586938,6.0,5.0,5.0,5.0,4.0,5.0,3.0,6.0,5.0,6.0,4.0,3.0,3.0,4.0,5.0,4.0,4.0,6.0,6.0,6.0,5.0,5.0,4.0,3.0,4.0,4.0,4.0,2.0,5.0,3.0,2.0,1.0,2.0,5.0,5.0,4.0,4.0,3.0,5.0,4.0,4.0,4.0,4.0,4.0,4.0,6.0,6.0,6.0,4.0,4.0,3.0,1.2769251159042123,-0.003622625037724597,1.25770848142345,-0.6816930950414264,0.7659233350527167,1.5342629999011235,-0.25734255653397575,-0.3303774149796632,-2.034907045271166,0.6629154631685762,-0.013699870464544755,0.0010520542998551361,-0.0005404546149450336,1.9700965414342753,-0.3516737667360989
0,1,1,0.35,0.85,0.85,-1.3025766232691607,-1.6292323987070818,0.8896377575201462,0.22832342448322643,-1.0,-0.1946160628640607,0.41660966199707306,-0.1058275626388212,0.02919880388384849,-1.8716835387500719,-2.8243170069278305,1.5906381200666675,2.30797879194625,0.504180433137975,0.4066910898127522,-1.1182245667040926,-0.10689921517372414,0.835473872227019,-0.6475960884229213,-1.8330826120744093,3.0,3.0,4.0,3.0,4.0,3.0,3.0,1.0,2.0,3.0,3.0,3.0,3.0,3.0,2.0,2.0,3.0,3.0,1.0,1.0,1.0,2.0,4.0,4.0,4.0,5.0,6.0,5.0,6.0,3.0,4.0,4.0,5.0,5.0,4.0,4.0,4.0,3.0,4.0,3.0,4.0,4.0,5.0,4.0,4.0,3.0,4.0,3.0,2.0,2.0,2.0,-0.7559904915054788,-0.6660454890787506,-1.7674093191816542,-1.0209493787323387,-1.5234998148713348,-2.798148481781779,0.24174603795615907,1.680160260966307,0.001989156446990387,0.3304186791341802,-0.35092745113025897,-0.3356053216536642,0.3453504989496009,-0.6683796008998834,-2.0363385175677133
0,0,1,0.35,0.85,0.85,0.7306491178200819,-0.5893617315741964,0.36859294816259325,-0.7273703195469475,1.0,-0.1515340676638126,-1.0452904125106108,0.44133613759897783,-0.1046768630404884,0.4131035073346743,-1.1761879259596641,-0.5592238691440801,0.2188820723565135,-0.8706733481925124,-0.2556663759643549,-1.0376560544107434,-1.2263855904325824,-0.36642241927869534,1.43010272970115,0.6406459708898421,4.0,5.0,4.0,3.0,2.0,2.0,4.0,3.0,3.0,2.0,2.0,3.0,2.0,3.0,5.0,4.0,4.0,3.0,4.0,4.0,4.0,4.0,3.0,2.0,2.0,2.0,4.0,5.0,4.0,3.0,4.0,3.0,4.0,3.0,4.0,3.0,3.0,4.0,3.0,4.0,2.0,3.0,4.0,4.0,3.0,5.0,7.0,5.0,4.0,5.0,3.0,0.0063528612731553755,-1.328468353119777,-1.515316169131229,-1.360205662423251,0.002782285078032882,0.005176594601275346,-1.7546083400043804,0.33980181033565987,-0.5072348939825487,-0.6670716729690054,-0.6881550317959728,-1.0089200735607025,-0.3464314081794914,1.6402870236425056,-0.014740816569775791
0,0,0,0.35,0.85,0.85,1.5621180950136417,0.058927477483571085,0.8425673522533768,-0.3326324115306907,1.0,-0.49278814677224986,0.07658862958327671,1.047617663418458,1.452705614744906,2.493018898914285,2.7984230064298248,-0.7145531275412906,-0.12881127089132538,-0.7858998112148614,-0.8040663390058959,0.07130852009876709,-2.20801342142685,-0.7965058261466924,2.3156969581462894,0.18088508959813948,3.0,3.0,4.0,3.0,3.0,3.0,2.0,3.0,3.0,3.0,3.0,5.0,4.0,4.0,7.0,6.0,6.0,6.0,6.0,6.0,6.0,6.0,3.0,3.0,3.0,1.0,2.0,5.0,4.0,3.0,2.0,3.0,4.0,2.0,1.0,2.0,4.0,5.0,5.0,2.0,4.0,1.0,4.0,3.0,2.0,6.0,6.0,5.0,3.0,4.0,4.0,-0.7559904915054788,-1.328468353119777,-1.011129869030378,0.3360757560313098,2.292205435002084,2.043958468334406,-1.505064042759313,-0.3303774149796632,-1.0164589444120877,-2.329555593140982,0.6607552908668837,-1.6822348254677406,-1.0382133153085837,1.6402870236425056,-0.3516737667360989
1,0,0,0.35,0.85,0.85,-1.414873416834528,-1.7091134885856716,0.11304503275607068,-0.6558586495356631,-1.0,1.8378799995897377,0.2623422168801348,2.6076389338471357,0.352699974461923,0.22357303293104835,0.22121607614002872,0.49860291914067645,-0.15661777858064102,1.9808639274289175,-0.1646037616166687,0.13290987505715568,-0.36287471132864146,0.8986017263559068,-0.4068712853760855,2.6972745938478915,6.0,5.0,7.0,6.0,3.0,3.0,4.0,4.0,5.0,5.0,5.0,4.0,3.0,3.0,5.0,3.0,3.0,4.0,3.0,4.0,4.0,3.0,4.0,4.0,4.0,4.0,4.0,5.0,4.0,5.0,6.0,4.0,6.0,4.0,3.0,3.0,3.0,4.0,5.0,4.0,4.0,3.0,4.0,5.0,4.0,4.0,4.0,3.0,7.0,6.0,7.0,2.0392684686828466,-0.6660454890787506,0.7535221813225994,-0.6816930950414264,-0.2515980649135284,-0.5045188738320073,-0.0077982592889083565,0.33980181033565987,1.2750492825208382,-0.6670716729690054,-0.013699870464544755,-0.3356053216536642,0.3453504989496009,-0.3385700831081138,2.680722784760808
0,0,1,0.35,0.85,0.85,0.016677625749486093,0.3408491082751656,0.11173459331987112,0.9232025952962545,1.0,0.5440558380004404,1.363660579526861,1.12953709058231,1.2841396097473146,0.5522480957132636,1.798266664386177,0.027720482596019835,-1.1926845474146168,1.3366635777155755,2.0068920444397755,1.8471583467094215,0.3606254521452195,-1.1183379801988602,-1.6145014800787818,0.7604946336948597,4.0,3.0,3.0,3.0,4.0,4.0,4.0,3.0,4.0,3.0,4.0,4.0,5.0,5.0,5.0,4.0,4.0,5.0,7.0,7.0,4.0,6.0,3.0,2.0,3.0,3.0,2.0,3.0,2.0,5.0,6.0,5.0,5.0,5.0,6.0,7.0,6.0,6.0,7.0,4.0,4.0,5.0,2.0,3.0,4.0,3.0,3.0,2.0,5.0,5.0,4.0,-0.7559904915054788,-0.003622625037724597,-0.5069435689295274,0.6753320397222226,0.5115429850611555,2.043958468334406,-1.2555197455142455,-1.6707358656103095,1.2750492825208382,1.9929025993061573,2.3468931941954536,0.337709430253374,-1.0382133153085837,-1.3279986364834233,0.6591250837628704
0,0,1,0.35,0.85,0.85,-1.232977889861277,-2.07516973389006,0.6064260655366502,0.9223947176575541,1.0,-0.3449750438860717,-0.08148933243780226,1.7834734930453362,1.1020667546912546,-0.11531807571631847,0.6236574177958728,1.4684681869408827,0.662652408838456,0.5409259568563056,0.6018464071690462,-0.4461333630713731,-1.1235586705558918,-0.39992550512506486,2.2390532106922723,-1.6097269481211365,3.0,2.0,4.0,3.0,4.0,3.0,3.0,4.0,4.0,4.0,4.0,6.0,4.0,5.0,4.0,5.0,3.0,3.0,4.0,5.0,5.0,4.0,5.0,4.0,5.0,5.0,4.0,3.0,5.0,3.0,3.0,4.0,4.0,4.0,5.0,3.0,3.0,4.0,3.0,3.0,2.0,2.0,3.0,3.0,4.0,7.0,7.0,6.0,2.0,2.0,3.0,-1.0101049424316901,-0.6660454890787506,-0.0027572688286767065,1.0145883234131345,-0.2515980649135284,0.514872063034558,0.7408346324462939,0.004712197677998546,-0.5072348939825487,-0.002078104900214853,-0.6881550317959728,-1.6822348254677406,-0.6923223617440373,2.629715577017815,-1.6994055674013904
1,0,1,0.35,0.85,0.85,1.4110086750616093,0.043458325107635254,1.1923956565991374,-0.6425226305654392,-1.0,0.8005619149475827,-0.7413447511215641,2.3095006277482244,-0.5035735862270012,0.8227428615906046,0.05880860851346897,1.0882837797091667,0.9494260707226341,2.410537094818618,0.1272646657144127,-2.064680243785427,1.7092275067519065,-0.7408393014773218,-0.3748457666587789,0.05044005590045121,4.0,4.0,5.0,5.0,2.0,2.0,4.0,4.0,5.0,4.0,3.0,2.0,2.0,1.0,5.0,5.0,5.0,3.0,5.0,4.0,4.0,3.0,4.0,5.0,4.0,4.0,5.0,5.0,5.0,5.0,6.0,7.0,5.0,3.0,4.0,3.0,2.0,2.0,3.0,6.0,7.0,6.0,4.0,5.0,4.0,4.0,3.0,3.0,3.0,4.0,4.0,0.5145817631255781,-1.328468353119777,-0.0027572688286767065,-2.377974513495987,0.5115429850611555,0.005176594601275346,0.24174603795615907,1.0099810356509835,1.784273332950377,-0.6670716729690054,-1.699837773793115,2.357653685974489,0.3453504989496009,-0.6683796008998834,-0.3516737667360989
1,0,0,0.35,0.85,0.85,-0.5108214499701738,0.5752092249641959,0.05586909600551116,0.5552656504550093,1.0,1.7849506127524783,-0.5898743229390173,2.0204995539423605,0.14690378979753027,-0.27009082561663195,-0.6687968888133173,0.7875290723842961,1.5465149404279441,0.9365688005809544,0.04055941318694986,0.024503269215330803,-0.9263927756997927,0.6667789550083629,0.35905744394686095,0.08162910151810965,7.0,6.0,6.0,5.0,3.0,3.0,3.0,4.0,4.0,3.0,5.0,5.0,4.0,3.0,4.0,3.0,3.0,4.0,3.0,3.0,3.0,4.0,4.0,3.0,3.0,4.0,6.0,4.0,5.0,5.0,5.0,5.0,5.0,4.0,2.0,4.0,5.0,4.0,3.0,4.0,3.0,3.0,4.0,4.0,5.0,3.0,4.0,4.0,4.0,5.0,3.0,2.0392684686828466,-0.9972569210992638,-0.0027572688286767065,-0.003180527659602121,-0.5059784149050897,-0.7593666080486486,-0.5068868537790432,1.0099810356509835,1.0204372573060685,-0.6670716729690054,-0.013699870464544755,-0.672262697607183,0.3453504989496009,-0.3385700831081138,-0.014740816569775791
0,0,0,0.35,0.85,0.85,0.91995046910916,2.053246369362079,0.16737258964836485,0.3636000188521833,-1.0,-1.0088926529217896,-0.41515819677457466,1.9156852759649308,-0.2739248127152647,2.4940004871299193,0.32453259947602187,0.14356927110359802,0.19762982699657441,-0.2872379375101029,1.042554247034511,0.7500292633230632,-0.656348401231376,-0.027249117070777318,0.4745264532719517,-0.25291251422235494,2.0,2.0,3.0,3.0,4.0,4.0,3.0,3.0,4.0,5.0,4.0,3.0,3.0,2.0,7.0,7.0,6.0,7.0,5.0,5.0,5.0,5.0,3.0,4.0,3.0,4.0,3.0,5.0,4.0,4.0,3.0,4.0,5.0,5.0,6.0,5.0,5.0,5.0,6.0,3.0,2.0,4.0,6.0,3.0,4.0,3.0,5.0,4.0,3.0,5.0,3.0,-1.518333844284113,-0.3348340570582378,-0.0027572688286767065,-1.360205662423251,2.800966134985207,1.0245675314678406,-0.5068868537790432,0.004712197677998546,0.001989156446990387,1.3279090312373663,1.3352104521983112,-1.0089200735607025,0.3453504989496009,-0.008760565316343828,-0.3516737667360989
1,1,1,0.35,0.85,0.85,-0.3809039414366556,0.4660046900762707,1.6864491360717389,-0.14597245691155356,-1.0,2.0522904334776695,0.5425247381794012,2.9537640020570803,0.8287352010229545,0.1447942075016686,-0.847118912464117,1.2530040824556248,2.1432685610504314,1.769775876651078,0.7829798611733988,-1.2167224413766067,0.14546322224441025,-1.1347437690492201,-0.01676036050653501,2.34451671720401,5.0,6.0,5.0,4.0,2.0,5.0,4.0,5.0,5.0,6.0,4.0,4.0,4.0,4.0,5.0,4.0,5.0,4.0,3.0,3.0,3.0,3.0,4.0,3.0,3.0,5.0,6.0,7.0,6.0,5.0,4.0,5.0,5.0,4.0,4.0,5.0,2.0,4.0,3.0,4.0,4.0,5.0,4.0,3.0,4.0,4.0,3.0,5.0,6.0,6.0,7.0,1.0228106649780009,-0.3348340570582378,1.0056153313730247,-0.003180527659602121,0.5115429850611555,-1.01421434226529,-0.25734255653397575,2.3503394862816296,0.7658252320912989,0.3304186791341802,-1.025382612461687,0.337709430253374,-0.3464314081794914,-0.008760565316343828,2.3437898345944848
0,1,1,0.35,0.85,0.85,-1.851404945732306,-1.5407459060833784,0.4144845880394047,0.3507084200114951,1.0,1.1795506720888569,0.52242979333481,1.6101649652648493,1.5359402970197553,-1.445120388903807,-0.9662439600211912,0.591866166822561,-0.40854355085267635,1.6598692508423292,-0.19601528351221048,-0.2908292376490236,0.03721423660566378,1.2913554520094916,0.8747049886592544,-0.7457978361363895,4.0,4.0,4.0,5.0,4.0,5.0,5.0,4.0,5.0,5.0,4.0,4.0,5.0,4.0,2.0,3.0,3.0,2.0,4.0,4.0,3.0,3.0,3.0,3.0,4.0,4.0,3.0,2.0,2.0,6.0,5.0,5.0,5.0,3.0,3.0,4.0,3.0,4.0,3.0,4.0,3.0,5.0,7.0,5.0,5.0,5.0,5.0,4.0,3.0,4.0,4.0,0.26046731219936675,0.6588002390033019,0.501429031272174,0.3360757560313098,-1.5234998148713348,-0.5045188738320073,-0.5068868537790432,-1.6707358656103095,1.2750492825208382,-0.6670716729690054,-0.6881550317959728,0.0010520542998551361,1.7289143132077864,0.6508584702671961,-0.3516737667360989
1,1,0,0.35,0.85,0.85,0.5562512721719649,-1.3833115732950756,-1.2937127932721162,0.21117884214352256,-1.0,-0.16650550089142402,-0.3082409665258635,0.10717647354985016,-0.22871276409422261,0.8306431172772867,-0.02062510556037038,0.021515302475066306,0.5725627831489095,-0.4153986629044416,-1.5708502946404386,-1.532025026791855,-1.372987992541919,-0.03625559212204449,-0.7699863768050856,0.19007734258702563,4.0,4.0,3.0,2.0,2.0,2.0,2.0,2.0,2.0,1.0,1.0,4.0,2.0,3.0,4.0,6.0,5.0,4.0,2.0,2.0,4.0,5.0,2.0,2.0,3.0,3.0,4.0,4.0,4.0,4.0,2.0,3.0,3.0,2.0,1.0,1.0,3.0,1.0,3.0,3.0,3.0,2.0,2.0,3.0,4.0,4.0,4.0,3.0,4.0,3.0,3.0,-0.7559904915054788,-1.990891217160803,-2.52368876933293,-1.0209493787323387,0.7659233350527167,-0.7593666080486486,-1.505064042759313,0.004712197677998546,-1.0164589444120877,-2.662052377175378,-1.699837773793115,-1.3455774495142216,-1.0382133153085837,-0.3385700831081138,-0.6886067169024216
0,0,1,0.35,0.85,0.85,1.3605372946226924,1.746364549829814,-0.8399153753336843,0.5452432959025335,-1.0,-0.13994760739332185,0.2985319670258511,2.52678454438623,-0.3525567038368429,0.16701870378692218,0.6767242489375824,-0.20395448403752897,-1.755980889293682,-0.06457679813867939,0.004921885381082056,1.1615164433434884,-1.6020214151036436,0.3267221856143276,0.6962760443991134,1.680333065450646,4.0,4.0,1.0,3.0,4.0,4.0,4.0,6.0,4.0,5.0,4.0,2.0,3.0,4.0,4.0,4.0,4.0,5.0,4.0,3.0,5.0,3.0,3.0,2.0,2.0,3.0,2.0,1.0,1.0,3.0,2.0,4.0,3.0,4.0,3.0,2.0,5.0,5.0,5.0,2.0,3.0,3.0,4.0,6.0,4.0,5.0,5.0,4.0,5.0,6.0,4.0,-1.0101049424316901,-0.003622625037724597,0.7535221813225994,-1.0209493787323387,0.25716263506959414,-0.249671139615366,-1.505064042759313,-2.676004703583295,-1.0164589444120877,-0.9995684570034009,0.9979828715325975,-1.3455774495142216,0.6912414525141477,0.6508584702671961,0.9960580339291931
1,0,1,0.35,0.85,0.85,-0.027584332487742468,0.701805294240918,0.00671501533802574,-0.1716206054279464,1.0,2.7046374071743458,0.20663079362754425,3.885625520441738,2.37563893021296,-0.8294143788964283,-0.878812236224735,1.4165572462722344,-1.0107222755790393,1.2265575857947038,1.581353341184814,-1.1734598818527882,-0.4662395217088282,0.47106471395628036,0.3123803124812102,-0.668357233925188,7.0,7.0,5.0,6.0,3.0,4.0,4.0,6.0,6.0,6.0,6.0,5.0,5.0,5.0,3.0,5.0,3.0,3.0,4.0,3.0,3.0,2.0,5.0,4.0,5.0,4.0,3.0,1.0,3.0,5.0,5.0,5.0,5.0,5.0,5.0,6.0,3.0,3.0,4.0,3.0,3.0,3.0,6.0,5.0,5.0,5.0,4.0,2.0,3.0,4.0,2.0,2.293382919609058,-0.3348340570582378,2.013987931574726,1.0145883234131345,-0.5059784149050897,-1.01421434226529,0.4912903352012265,-1.6707358656103095,1.0204372573060685,1.3279090312373663,-0.6881550317959728,-1.0089200735607025,1.3830233596432395,-0.3385700831081138,-1.0255396670687447
1,1,0,0.35,0.85,0.85,-0.9724648250495748,-0.7168305826714415,-0.07265023043881637,-0.5398221682977067,-1.0,1.5668525673673148,0.8126804889310728,3.513287354174315,0.27188991581890787,0.4351544098834822,-0.539169190487323,0.7496256670789923,-0.40664485136906775,0.9145990043735881,1.5596158254996135,-0.6525028173362182,-0.6467210351113291,-0.7986146254429315,0.8050805240273066,-0.817567871801357,5.0,5.0,5.0,5.0,4.0,5.0,5.0,6.0,7.0,6.0,4.0,3.0,4.0,5.0,4.0,5.0,5.0,5.0,4.0,4.0,3.0,3.0,4.0,4.0,5.0,3.0,4.0,2.0,4.0,4.0,3.0,4.0,4.0,7.0,5.0,6.0,5.0,4.0,1.0,4.0,5.0,3.0,2.0,3.0,5.0,4.0,6.0,3.0,2.0,2.0,4.0,1.0228106649780009,0.6588002390033019,1.7618947815243007,-0.003180527659602121,0.7659233350527167,-0.5045188738320073,-0.0077982592889083565,-0.6654670276373246,-0.2526228687677792,1.9929025993061573,-0.6881550317959728,0.0010520542998551361,-0.6923223617440373,0.3210489524754257,-1.3624726172350679
1,0,0,0.35,0.85,0.85,0.40447229996580436,-1.761550509908216,-2.172021734317025,0.10369808934613578,-1.0,0.3361141647954249,0.7524881383273285,0.8438310130868343,1.1531376325726952,0.5872270705716585,-0.8139531785560502,0.2530467016275597,-0.47173009948184086,0.8993850533593969,1.8397476270129367,0.10442047088180834,-0.21516733025190224,-1.447150779326959,0.24498875835443257,-1.206505378995872,4.0,5.0,4.0,4.0,4.0,4.0,4.0,3.0,3.0,4.0,4.0,4.0,5.0,3.0,5.0,5.0,4.0,3.0,5.0,4.0,3.0,4.0,4.0,4.0,3.0,4.0,4.0,4.0,4.0,4.0,5.0,5.0,4.0,6.0,4.0,6.0,4.0,4.0,4.0,4.0,3.0,4.0,1.0,3.0,2.0,4.0,4.0,5.0,2.0,3.0,4.0,0.26046731219936675,-0.003622625037724597,-0.5069435689295274,-0.003180527659602121,0.25716263506959414,0.005176594601275346,-0.25734255653397575,0.004712197677998546,0.5112132068765295,1.3279090312373663,-0.013699870464544755,-0.3356053216536642,-2.0758861760022222,0.3210489524754257,-1.0255396670687447
1,1,0,0.35,0.85,0.85,-0.9371723308546097,0.43957758330215474,-1.8161834381766624,0.2889827478047805,-1.0,2.259539111344156,-0.5459462605540719,2.8661461756050053,0.5781190665376752,-1.1894889007938518,-0.6619680750637216,0.5283145579689108,-0.3575447566825324,0.520216060722594,0.8496946137723953,-0.08724841581588111,1.1364341350921026,0.014009412473357838,0.8301313788994833,1.09465623244663,6.0,6.0,6.0,5.0,2.0,3.0,2.0,4.0,4.0,5.0,5.0,3.0,3.0,3.0,2.0,3.0,3.0,3.0,2.0,3.0,1.0,3.0,4.0,3.0,4.0,5.0,3.0,3.0,4.0,5.0,4.0,4.0,4.0,5.0,4.0,4.0,4.0,3.0,4.0,5.0,6.0,5.0,3.0,3.0,4.0,5.0,4.0,4.0,4.0,4.0,4.0,1.7851540177566352,-1.6596797851402898,0.501429031272174,-1.0209493787323387,-1.2691194648797735,-1.778757544915214,-0.0077982592889083565,-0.6654670276373246,0.25660118166175994,0.3304186791341802,-0.35092745113025897,1.3476815581139316,-0.6923223617440373,0.3210489524754257,-0.014740816569775791
0,1,0,0.35,0.85,0.85,-2.515799804903922,0.6022603031057663,0.6395056786166434,-1.9796996404371234,1.0,1.4982809883655457,0.04736663307451394,2.4384914313552972,2.0481638391522528,-0.6386231776332556,-0.41097114111716093,3.3426789606232727,0.4023109043412495,2.6670706682686642,2.2950031030330518,-1.2284847718920813,2.709267568183604,-0.09687270690792804,-1.647231547103241,0.012693297925144897,5.0,6.0,5.0,6.0,4.0,4.0,4.0,5.0,5.0,5.0,6.0,5.0,5.0,4.0,3.0,3.0,4.0,4.0,4.0,4.0,3.0,5.0,7.0,7.0,6.0,5.0,5.0,3.0,5.0,5.0,6.0,7.0,4.0,7.0,6.0,7.0,4.0,4.0,3.0,7.0,6.0,7.0,5.0,3.0,5.0,2.0,1.0,3.0,4.0,4.0,4.0,1.5310395668304237,-0.003622625037724597,1.25770848142345,0.6753320397222226,-0.5059784149050897,0.005176594601275346,2.2381004159166986,0.33980181033565987,1.5296613077356076,2.657896167374948,-0.35092745113025897,2.694311061928009,0.3453504989496009,-1.9876176720669627,-0.014740816569775791
1,0,1,0.35,0.85,0.85,0.02504188082050372,-1.7221928272321365,1.5220298021923502,0.07537683330631796,1.0,-0.5582671394039807,0.5872476657188286,2.3179910995280206,1.6091645782158488,-0.19363673926456965,0.2951766859336506,0.8253759886208566,-0.07761799303878641,-0.14854382932678034,-0.14742779118773913,0.501533530722187,0.17143197880490185,-0.3287013550907444,-0.8797497163414165,-0.866421148681312,4.0,3.0,2.0,4.0,5.0,5.0,5.0,5.0,6.0,4.0,5.0,5.0,6.0,6.0,4.0,4.0,4.0,4.0,3.0,3.0,6.0,5.0,5.0,4.0,5.0,4.0,3.0,5.0,2.0,4.0,5.0,4.0,5.0,4.0,2.0,3.0,6.0,4.0,6.0,3.0,5.0,3.0,5.0,4.0,5.0,3.0,2.0,4.0,5.0,3.0,3.0,-0.7559904915054788,0.9900116710238146,1.0056153313730247,1.6931008907949592,0.002782285078032882,0.2600243288179167,0.4912903352012265,-0.6654670276373246,0.5112132068765295,-0.9995684570034009,1.3352104521983112,-0.3356053216536642,0.6912414525141477,-0.9981891186916533,-0.3516737667360989
0,1,1,0.35,0.85,0.85,1.791925186189536,-0.9758174974021414,0.7000917387591035,1.3365372363971468,-1.0,0.9428534697359259,2.106633728598662,1.5317069600000077,-0.30414864449774776,0.8173827122365822,0.47062691868174833,0.9496615095590389,0.41635798217990383,-0.9279231914107273,0.9301844285651462,-0.6044793978642694,0.8059874502763656,-0.5537948218920014,-1.2567154590892735,1.0605748761523817,4.0,4.0,4.0,4.0,6.0,5.0,5.0,3.0,3.0,4.0,2.0,2.0,3.0,3.0,5.0,4.0,4.0,4.0,5.0,5.0,3.0,5.0,4.0,3.0,2.0,4.0,4.0,3.0,2.0,2.0,4.0,2.0,3.0,3.0,6.0,5.0,4.0,5.0,3.0,4.0,4.0,6.0,2.0,4.0,4.0,3.0,3.0,3.0,5.0,4.0,6.0,0.0063528612731553755,1.3212231030443273,-1.011129869030378,-1.360205662423251,0.25716263506959414,0.514872063034558,-0.7564311510241106,-1.0005566402949864,-1.2710709696268574,0.6629154631685762,-0.013699870464544755,0.6743668062068938,-0.6923223617440373,-0.9981891186916533,0.9960580339291931
0,1,1,0.35,0.85,0.85,0.3093710925556835,-0.11149666864342431,-0.5051932777362979,1.3753410698274324,-1.0,1.9764785688656261,0.45249149878191763,3.116928349042576,-0.41203931842275665,-0.11299725892047319,-2.2523994834090004,0.9327386539936653,1.0434652364308894,1.0238118911746448,0.8676135941917791,-1.002749847204321,-0.14985256607461536,-1.626853707325918,1.0440511531863415,0.1340811254704195,6.0,5.0,6.0,5.0,4.0,3.0,4.0,5.0,4.0,5.0,6.0,3.0,3.0,2.0,5.0,4.0,4.0,3.0,2.0,1.0,2.0,2.0,2.0,4.0,3.0,5.0,5.0,4.0,4.0,4.0,4.0,4.0,5.0,5.0,4.0,4.0,3.0,4.0,5.0,6.0,4.0,4.0,2.0,4.0,3.0,5.0,4.0,5.0,4.0,4.0,5.0,1.5310395668304237,-0.3348340570582378,1.0056153313730247,-1.360205662423251,0.002782285078032882,-2.2884530133484966,-0.5068868537790432,0.33980181033565987,0.25660118166175994,0.3304186791341802,-0.013699870464544755,0.6743668062068938,-1.0382133153085837,0.6508584702671961,0.32219213359654686
0,1,0,0.35,0.85,0.85,0.17958891011510406,-0.5835046288951857,-1.1558789452551372,-0.029066216541960864,1.0,0.3893033320209984,0.1420056251455573,0.4549715315101517,0.154264843162294,0.284729064136964,-0.4708676806254657,-0.037829443288748654,-0.6452347839525328,-0.4533920136611339,0.2079978838391667,-0.41248307845590754,-1.3503036122967407,0.2542881010089143,1.7616691282894739,0.02973640806042363,4.0,3.0,4.0,3.0,4.0,4.0,5.0,3.0,3.0,3.0,3.0,3.0,3.0,4.0,4.0,4.0,3.0,5.0,3.0,3.0,3.0,4.0,3.0,4.0,3.0,4.0,4.0,2.0,3.0,3.0,3.0,3.0,2.0,4.0,3.0,4.0,4.0,3.0,4.0,2.0,3.0,3.0,5.0,4.0,4.0,5.0,4.0,6.0,5.0,3.0,6.0,-0.5018760405792674,0.3275888069827882,-1.011129869030378,-0.6816930950414264,0.002782285078032882,-0.7593666080486486,-0.5068868537790432,-1.0005566402949864,-1.2710709696268574,-0.33457488893461035,-0.35092745113025897,-1.3455774495142216,0.3453504989496009,0.9806679880589657,0.6591250837628704
0,1,0,0.35,0.85,0.85,-0.05610489098545063,-0.11870076833509513,0.21365805329410997,1.359666655391383,-1.0,-0.37169035823665464,0.3418931675524006,0.8797768757258563,-0.07756322418306898,1.0150961939759946,-0.9257048876542989,0.18143407404556133,-0.4129595005959561,1.3306644534266723,0.859177808483645,-0.5462015292233374,0.8315905851869988,-1.2415385904754568,0.17791853533400812,0.9371429328024651,2.0,2.0,3.0,3.0,4.0,5.0,4.0,3.0,3.0,3.0,3.0,4.0,3.0,3.0,5.0,4.0,6.0,4.0,3.0,4.0,3.0,3.0,4.0,3.0,5.0,4.0,2.0,4.0,4.0,6.0,5.0,5.0,4.0,5.0,5.0,4.0,3.0,3.0,5.0,4.0,5.0,4.0,3.0,4.0,4.0,4.0,4.0,5.0,5.0,6.0,5.0,-1.518333844284113,0.3275888069827882,-1.011129869030378,-0.6816930950414264,0.7659233350527167,-0.7593666080486486,-0.0077982592889083565,-0.6654670276373246,1.0204372573060685,0.6629154631685762,-0.35092745113025897,0.337709430253374,-0.3464314081794914,0.3210489524754257,1.3329909840955156
0,1,0,0.35,0.85,0.85,3.0579908124295287,0.2656952413805454,0.005123131907556073,1.2122146249143406,-1.0,-0.6487875870287445,1.8595960156522622,1.3803456432727195,0.4688428507039315,1.41047857684902,0.6713283996691172,-0.4329165088176693,-0.4609794862173533,0.4417435393122259,0.34724461729305645,-0.7084015827306638,-0.7372193749238839,-0.9881776982408106,-0.8168155778347257,0.4547675859733882,4.0,3.0,2.0,3.0,5.0,6.0,4.0,3.0,4.0,4.0,4.0,4.0,5.0,5.0,6.0,6.0,5.0,5.0,5.0,5.0,5.0,4.0,3.0,2.0,4.0,2.0,2.0,2.0,3.0,4.0,4.0,4.0,4.0,5.0,4.0,3.0,3.0,3.0,4.0,5.0,2.0,3.0,4.0,3.0,3.0,4.0,3.0,3.0,5.0,6.0,6.0,-1.0101049424316901,0.9900116710238146,-0.25485041887910204,0.6753320397222226,1.5290643850274006,0.7697197972511993,-1.2555197455142455,-1.6707358656103095,0.001989156446990387,-0.002078104900214853,-0.6881550317959728,-0.672262697607183,-0.6923223617440373,-0.6683796008998834,1.6699239342618393
1,1,1,0.35,0.85,0.85,0.38177705739662854,-0.646125363156916,1.1268876503220946,-0.25492699206881325,-1.0,-0.0026876157341058082,-0.1770914845512115,1.1495014718787946,0.26631541560641614,-0.5115279368382992,-0.534310320001652,0.3327817940959273,-0.3079119493631629,1.8443349605024917,0.6286213179023419,0.3065503347915872,0.11126290049717924,-0.9808662441584918,-1.0968113872077447,1.0755002547769315,4.0,4.0,5.0,4.0,3.0,3.0,4.0,3.0,4.0,4.0,3.0,4.0,4.0,3.0,4.0,4.0,5.0,4.0,5.0,4.0,3.0,3.0,3.0,5.0,4.0,4.0,3.0,2.0,4.0,5.0,4.0,5.0,5.0,4.0,4.0,6.0,4.0,5.0,5.0,4.0,4.0,5.0,2.0,3.0,2.0,3.0,4.0,3.0,4.0,6.0,6.0,0.26046731219936675,-0.6660454890787506,-0.5069435689295274,-0.34243681135051446,0.25716263506959414,-0.249671139615366,-0.0077982592889083565,-1.0005566402949864,0.7658252320912989,0.6629154631685762,0.6607552908668837,0.337709430253374,-1.729995222437676,-0.6683796008998834,1.3329909840955156
0,1,1,0.35,0.85,0.85,-0.22085943263754026,-1.6471807505912803,-1.6588972293427116,0.08971397712660524,1.0,0.03905986547757559,1.0195292667444966,1.4466578510289965,2.165757926785255,-0.7500731201468983,-2.0059339962572937,2.020365935814015,0.9748620623701671,2.3902439389005994,0.9558254132639387,-0.24130641582032053,0.46842413397756444,1.107871553497955,-0.571230559563356,2.6650654008239507,3.0,3.0,4.0,4.0,4.0,4.0,6.0,4.0,2.0,4.0,3.0,6.0,5.0,5.0,3.0,4.0,4.0,2.0,1.0,1.0,2.0,2.0,5.0,4.0,5.0,6.0,4.0,5.0,4.0,6.0,7.0,6.0,5.0,5.0,4.0,5.0,4.0,4.0,5.0,4.0,5.0,5.0,6.0,4.0,4.0,4.0,4.0,5.0,7.0,6.0,5.0,-0.5018760405792674,0.6588002390033019,-0.7590367189799527,1.3538446071040464,-0.760358764896651,-2.543300747565138,0.9903789296913613,0.33980181033565987,2.0388853581651465,0.6629154631685762,0.32352771020116905,0.6743668062068938,0.6912414525141477,0.3210489524754257,2.006856884428162
1,0,0,0.35,0.85,0.85,1.1319342350396304,0.15691452222874286,-1.1526725183533109,-0.2737861423986187,1.0,0.9806320353400543,0.4025564346104815,1.3604803220637902,1.4334616977734338,0.22484283585385004,-0.8426501414159235,0.9039690120843752,1.7337382798856273,-0.07560433556782697,-1.0835965452155314,0.7952445964422294,-0.30810090245350497,-0.9825277796207558,0.5859434602344158,1.2675548708348874,5.0,4.0,3.0,4.0,4.0,3.0,3.0,4.0,4.0,3.0,3.0,6.0,4.0,4.0,3.0,3.0,3.0,3.0,3.0,4.0,3.0,2.0,5.0,4.0,4.0,5.0,5.0,5.0,5.0,4.0,3.0,4.0,5.0,3.0,3.0,4.0,6.0,5.0,5.0,4.0,4.0,3.0,2.0,2.0,3.0,4.0,4.0,5.0,5.0,6.0,5.0,0.0063528612731553755,-0.6660454890787506,-0.5069435689295274,0.6753320397222226,-1.0147391148882123,-1.01421434226529,0.4912903352012265,1.0099810356509835,0.001989156446990387,-0.6670716729690054,1.3352104521983112,-0.3356053216536642,-1.729995222437676,0.3210489524754257,1.3329909840955156
0,1,1,0.35,0.85,0.85,-0.18340946009545978,0.14109968810037535,0.5418603989253379,0.04255841247762535,1.0,0.7255154522539887,1.1727136567026666,0.7977512046337825,2.386352010478385,-0.16832751112634597,-0.09444633175415248,1.0479451188640818,1.105244220810539,1.140104785945512,0.16706195253241107,-0.43604821888743067,0.9497713542140562,0.4617445035593425,-1.6703421168284402,0.6617085992110652,5.0,5.0,4.0,6.0,5.0,6.0,5.0,2.0,3.0,3.0,3.0,6.0,5.0,5.0,5.0,4.0,4.0,4.0,5.0,5.0,5.0,4.0,4.0,5.0,4.0,4.0,5.0,6.0,4.0,5.0,5.0,4.0,4.0,5.0,4.0,4.0,4.0,5.0,6.0,5.0,5.0,4.0,5.0,5.0,2.0,2.0,2.0,3.0,4.0,4.0,4.0,1.0228106649780009,1.3212231030443273,-1.2632230190808036,1.3538446071040464,0.25716263506959414,0.7697197972511993,0.24174603795615907,1.0099810356509835,0.5112132068765295,0.3304186791341802,0.9979828715325975,0.6743668062068938,-0.0005404546149450336,-1.6578081542751928,-0.014740816569775791
0,0,1,0.35,0.85,0.85,-0.7357939223366705,1.7401293254417978,1.1995291090434608,0.5531153329195577,1.0,0.5485800677785602,-0.6076827254180437,1.3447349570732823,0.09950244316510082,-0.3321254755943726,-0.18789621512732693,-0.06100644492923979,-0.20626795535594247,0.8529561649965882,-0.12449029197805754,0.5312948892666141,-0.49580685123250173,-0.9554334980214401,-0.015096914141813023,1.3436788555397554,4.0,4.0,5.0,4.0,2.0,3.0,3.0,4.0,4.0,3.0,3.0,3.0,3.0,2.0,3.0,3.0,3.0,4.0,3.0,3.0,4.0,3.0,2.0,3.0,4.0,3.0,3.0,4.0,3.0,4.0,4.0,4.0,4.0,2.0,4.0,1.0,4.0,5.0,5.0,3.0,3.0,5.0,2.0,4.0,3.0,3.0,4.0,3.0,4.0,6.0,4.0,0.26046731219936675,-1.328468353119777,-0.5069435689295274,-1.360205662423251,-0.760358764896651,-0.7593666080486486,-1.005975448269178,-0.6654670276373246,0.001989156446990387,-1.6645620250721915,0.6607552908668837,-0.3356053216536642,-1.0382133153085837,-0.6683796008998834,0.6591250837628704
1,1,1,0.35,0.85,0.85,-1.6809214115001585,-0.35166704810447164,-1.2558601996573056,-1.6794416804604395,-1.0,1.1760590053969089,1.0810372490850182,1.2656484277374591,-0.286394015090886,-1.1607963253835032,-1.5481638142468341,1.0373245038194168,-0.4944087152642125,1.6370897387892254,0.8343209386309076,-2.1129526369034095,0.04758800307409247,0.5808056921640259,-0.5377201193972032,0.3226605910171867,5.0,5.0,5.0,5.0,5.0,4.0,4.0,3.0,3.0,3.0,4.0,3.0,4.0,3.0,3.0,3.0,4.0,3.0,3.0,3.0,2.0,2.0,3.0,5.0,4.0,3.0,4.0,4.0,4.0,5.0,5.0,6.0,3.0,4.0,4.0,5.0,2.0,3.0,3.0,4.0,4.0,4.0,5.0,3.0,6.0,3.0,3.0,3.0,4.0,5.0,4.0,1.0228106649780009,0.3275888069827882,-0.7590367189799527,-0.6816930950414264,-0.760358764896651,-1.5239098106985727,-0.25734255653397575,0.004712197677998546,0.7658252320912989,0.3304186791341802,-1.3626101931274013,0.0010520542998551361,0.6912414525141477,-0.9981891186916533,0.32219213359654686
1,1,1,0.35,0.85,0.85,-0.4309612763445057,1.0850570022816972,-1.326281486982582,-0.10499511474761508,-1.0,1.9639609047344875,0.394291024435965,3.5072078475857635,0.43204204227286735,-1.0727556630412558,-0.8159986085090092,0.9449192828516548,0.438682941978588,1.5685974939784835,-0.4007073313662516,-0.635621859829452,-0.5961148209677437,0.9292527749119286,-0.1496103225911089,0.6283485925795772,6.0,5.0,6.0,4.0,3.0,4.0,4.0,5.0,5.0,5.0,6.0,4.0,3.0,5.0,3.0,2.0,3.0,3.0,3.0,3.0,4.0,4.0,4.0,3.0,4.0,3.0,4.0,4.0,2.0,5.0,5.0,6.0,6.0,3.0,3.0,3.0,3.0,4.0,4.0,3.0,3.0,3.0,5.0,5.0,4.0,3.0,5.0,5.0,5.0,4.0,5.0,1.2769251159042123,-0.3348340570582378,1.25770848142345,-0.003180527659602121,-1.2691194648797735,-0.5045188738320073,-0.5068868537790432,-0.6654670276373246,1.5296613077356076,-0.9995684570034009,-0.35092745113025897,-1.0089200735607025,0.6912414525141477,0.3210489524754257,0.6591250837628704
0,0,1,0.35,0.85,0.85,0.9451143483677473,-1.0818867858047336,0.30303278285339375,1.0755783030153574,-1.0,-0.5813234724959419,0.7858620423284352,0.8312963032391736,0.27014199394036853,-0.7814823849682737,-0.279117176483982,1.065533715217037,-1.0259977005382144,0.3602871213488749,1.212253523676344,-0.5392483073692064,0.08062027188495502,0.03062480413711874,-1.8763949387371561,1.2495752316611948,3.0,2.0,3.0,2.0,4.0,5.0,4.0,3.0,3.0,4.0,4.0,4.0,3.0,3.0,4.0,4.0,3.0,3.0,5.0,4.0,4.0,3.0,5.0,5.0,4.0,4.0,2.0,2.0,1.0,3.0,3.0,4.0,3.0,5.0,5.0,4.0,3.0,4.0,4.0,4.0,5.0,4.0,4.0,2.0,3.0,2.0,2.0,2.0,4.0,6.0,5.0,-1.518333844284113,0.3275888069827882,-0.5069435689295274,-0.6816930950414264,-0.5059784149050897,0.005176594601275346,0.4912903352012265,-2.3409150909256327,-0.7618469191973182,0.6629154631685762,-0.35092745113025897,0.337709430253374,-1.0382133153085837,-1.9876176720669627,0.9960580339291931
1,0,0,0.35,0.85,0.85,2.485383708204418,-1.2217028740411853,-0.9727430409098805,0.7870322562773111,-1.0,-1.0628867602615637,1.3591150261609746,1.6734403044776902,0.17928308992724504,1.1996381776391323,0.670639514143109,-0.3090211069009048,0.01669960006089427,-0.1418446589921806,-0.17581061580081425,-0.1916723621391333,-1.0635128839756314,1.796763784158775,0.9596564857906352,1.7485964832601333,2.0,2.0,2.0,4.0,4.0,5.0,6.0,4.0,4.0,5.0,6.0,3.0,4.0,3.0,4.0,5.0,6.0,4.0,5.0,6.0,5.0,4.0,2.0,2.0,3.0,3.0,4.0,4.0,3.0,3.0,4.0,3.0,3.0,4.0,3.0,3.0,4.0,4.0,5.0,2.0,3.0,4.0,5.0,5.0,4.0,4.0,5.0,4.0,5.0,7.0,5.0,-1.518333844284113,0.9900116710238146,0.7535221813225994,-0.6816930950414264,0.7659233350527167,1.0245675314678406,-1.505064042759313,-0.3303774149796632,-0.7618469191973182,-0.6670716729690054,0.32352771020116905,-1.0089200735607025,0.6912414525141477,0.3210489524754257,1.6699239342618393
0,0,1,0.35,0.85,0.85,-0.3677319441741398,0.8121525814456465,-0.5186878278969256,0.7108749232390914,1.0,0.5000185845270025,0.5357734903271423,2.034015525080642,1.750383637800647,-1.8456567256191545,-0.320723165088567,1.904037210433103,1.4519682486288226,1.054151797444616,0.7239087446224386,-1.8533306068927238,2.761547109904853,-1.5918523594916376,0.24279703278729237,-1.176315488498798,4.0,3.0,5.0,3.0,4.0,6.0,5.0,4.0,5.0,4.0,3.0,6.0,5.0,4.0,2.0,3.0,4.0,4.0,5.0,5.0,4.0,5.0,4.0,6.0,4.0,5.0,4.0,7.0,6.0,4.0,4.0,5.0,5.0,4.0,5.0,4.0,2.0,2.0,2.0,7.0,5.0,6.0,2.0,3.0,3.0,4.0,5.0,4.0,2.0,3.0,3.0,-0.24776158965305603,0.9900116710238146,-0.0027572688286767065,1.0145883234131345,-0.760358764896651,0.7697197972511993,0.7408346324462939,1.680160260966307,0.5112132068765295,0.3304186791341802,-2.037065354458829,2.02099631002097,-1.38410426887313,0.3210489524754257,-1.3624726172350679
1,0,1,0.35,0.85,0.85,-1.811420789195634,-0.039944894405962855,0.9524714698593384,0.1201866395954872,-1.0,1.3137637727061697,0.3497977772326993,1.5403880771500003,0.7866619572982256,-1.7739256074891394,0.08312120089357544,0.4614655641242544,-1.1853699633609764,-0.05450479054186874,0.855281535301038,0.2292547209864016,-1.0695903504548463,0.7699405705439427,0.5742118759331702,0.6178692852157321,4.0,5.0,4.0,4.0,4.0,4.0,3.0,3.0,4.0,2.0,3.0,3.0,3.0,4.0,2.0,3.0,2.0,2.0,3.0,4.0,3.0,3.0,3.0,3.0,4.0,3.0,3.0,3.0,2.0,2.0,1.0,3.0,3.0,4.0,5.0,5.0,4.0,4.0,6.0,3.0,3.0,2.0,5.0,5.0,4.0,5.0,5.0,4.0,4.0,5.0,5.0,0.26046731219936675,-0.3348340570582378,-1.011129869030378,-0.6816930950414264,-1.7778801648628961,-0.7593666080486486,-0.7564311510241106,-1.335646252952648,-1.7802950200563963,0.6629154631685762,0.6607552908668837,-1.3455774495142216,0.6912414525141477,0.6508584702671961,0.6591250837628704
0,1,1,0.35,0.85,0.85,-0.8515540920715172,0.7247204736575972,0.4142473598211768,-0.3937014514025519,1.0,-0.6530227143995154,0.5237400738783748,1.4817447858183292,2.1671623352414904,0.7160791085000299,0.915984630519116,0.17888268241033378,-1.3850849979681648,-0.6832875517945484,-0.45528081629081074,1.1206874173549464,-2.525944261790538,-1.4932793058148055,0.05634010071095888,-2.255643533569876,2.0,3.0,2.0,4.0,5.0,4.0,4.0,4.0,3.0,3.0,4.0,5.0,7.0,6.0,4.0,3.0,5.0,4.0,4.0,4.0,5.0,4.0,3.0,4.0,4.0,3.0,3.0,2.0,2.0,3.0,3.0,4.0,3.0,4.0,3.0,3.0,4.0,4.0,5.0,1.0,1.0,2.0,4.0,2.0,2.0,4.0,5.0,5.0,3.0,3.0,3.0,-1.2642193933579016,0.3275888069827882,-0.5069435689295274,2.0323571744858713,0.002782285078032882,0.2600243288179167,-0.5068868537790432,-1.6707358656103095,-0.7618469191973182,-0.6670716729690054,0.32352771020116905,-2.692206953328298,-1.38410426887313,0.6508584702671961,-1.0255396670687447
1,0,0,0.35,0.85,0.85,-0.3484333249512292,-0.488890904399958,-1.974714318012939,-0.4600157661770914,-1.0,-0.779397941680422,-0.43058222694904963,1.8778543361358597,0.8748483176184358,0.2081676648626204,0.4795935005314463,-0.40041214445180295,-1.3393238848226978,0.16976128549988587,-0.05260202193716185,0.6779317162515486,-0.05253792450357209,-0.17094899841923128,0.8737761696665387,-0.992135310903453,3.0,2.0,2.0,4.0,4.0,4.0,3.0,5.0,5.0,4.0,5.0,4.0,3.0,5.0,4.0,3.0,4.0,3.0,5.0,5.0,5.0,4.0,3.0,3.0,3.0,3.0,2.0,2.0,2.0,3.0,3.0,3.0,4.0,4.0,3.0,3.0,6.0,4.0,4.0,4.0,4.0,3.0,4.0,4.0,4.0,5.0,5.0,4.0,2.0,3.0,2.0,-1.2642193933579016,-0.3348340570582378,0.7535221813225994,-0.003180527659602121,-0.5059784149050897,0.7697197972511993,-1.005975448269178,-2.005825478267971,-0.7618469191973182,-0.6670716729690054,0.6607552908668837,-0.3356053216536642,-0.0005404546149450336,0.6508584702671961,-1.6994055674013904
1,1,1,0.35,0.85,0.85,-0.6951065992214391,0.01974459158176772,1.0874748584452583,-0.10072203980104652,1.0,1.9126972517867324,0.8393924758634229,2.2538630165367293,1.4607096308104874,-1.5156746435089063,-0.6346854739182877,1.4298180153227502,-0.08400852858671892,1.5913903633186222,0.7899760365572722,0.14879678815431907,-0.20448985493264243,0.9335661826341649,0.3453551594076884,1.097986978368488,6.0,4.0,5.0,5.0,5.0,4.0,6.0,4.0,4.0,6.0,5.0,5.0,5.0,5.0,3.0,2.0,3.0,2.0,3.0,5.0,3.0,4.0,6.0,5.0,5.0,4.0,4.0,5.0,4.0,5.0,4.0,6.0,5.0,4.0,4.0,5.0,4.0,3.0,6.0,4.0,5.0,5.0,5.0,6.0,5.0,5.0,4.0,5.0,5.0,6.0,4.0,1.0228106649780009,0.9900116710238146,0.7535221813225994,1.0145883234131345,-1.5234998148713348,-0.249671139615366,0.9903789296913613,0.33980181033565987,1.0204372573060685,0.3304186791341802,0.32352771020116905,0.6743668062068938,1.3830233596432395,0.6508584702671961,0.9960580339291931
0,1,1,0.35,0.85,0.85,-0.625045186353641,-0.03447844174364415,0.6993233847926948,-0.022165613085380308,-1.0,-1.0347152235029418,1.4389002673376572,0.5840419666500809,-0.18198049537787386,0.3690379391315977,-0.18016002741712914,0.14854609117897,-0.5485817166178754,-0.2074944087877999,-0.4310334140691606,-1.182484217132488,-0.7085509418885467,1.2018264004614758,0.6169656852568188,0.5339058947502524,3.0,3.0,2.0,2.0,5.0,5.0,5.0,3.0,2.0,4.0,3.0,3.0,2.0,2.0,5.0,3.0,4.0,4.0,4.0,5.0,4.0,4.0,3.0,3.0,4.0,4.0,3.0,3.0,3.0,4.0,3.0,4.0,3.0,3.0,4.0,3.0,2.0,5.0,2.0,5.0,5.0,4.0,7.0,5.0,5.0,6.0,4.0,4.0,5.0,3.0,5.0,-1.518333844284113,0.9900116710238146,-1.011129869030378,-1.699461946114163,0.002782285078032882,0.2600243288179167,-0.5068868537790432,-1.0005566402949864,-0.5072348939825487,-0.6670716729690054,-1.025382612461687,0.6743668062068938,1.7289143132077864,0.6508584702671961,0.32219213359654686
0,1,0,0.35,0.85,0.85,0.24681300677745657,0.6417999934695148,-1.3085139666441987,0.8676937886128331,1.0,0.4248244055601993,0.5770796700875134,1.7545967525394828,1.5838605192931914,0.9256331526686066,0.2905695574186188,0.616798713792976,0.22716813131222333,0.7089142826947917,0.935074582112396,0.5043630809284647,0.090895816453482,0.41791974514065333,-0.8429428038212681,0.05919429540127838,3.0,3.0,3.0,5.0,4.0,3.0,5.0,4.0,4.0,4.0,4.0,5.0,5.0,3.0,5.0,4.0,4.0,5.0,4.0,5.0,5.0,5.0,3.0,4.0,5.0,3.0,5.0,3.0,3.0,4.0,4.0,5.0,5.0,4.0,5.0,4.0,5.0,5.0,5.0,5.0,3.0,3.0,5.0,5.0,4.0,4.0,2.0,4.0,5.0,5.0,5.0,-0.5018760405792674,-0.003622625037724597,-0.0027572688286767065,0.3360757560313098,0.5115429850611555,0.7697197972511993,-0.25734255653397575,-0.3303774149796632,0.5112132068765295,0.3304186791341802,0.9979828715325975,-0.3356053216536642,0.6912414525141477,-0.6683796008998834,0.9960580339291931
1,0,0,0.35,0.85,0.85,0.2258670191895996,-1.276186541599685,0.44023212321834376,0.6885972421800687,1.0,-0.3164578905095792,-1.2185038465490434,1.1796299459826878,0.7204091082051913,-1.2343878156497192,-0.37875981286612326,0.9263766581355344,0.5668886189338341,1.113160728552743,1.8826234987579884,0.48015454678288105,1.512646016958471,0.7469445021973471,-0.5538535642595152,-1.387996062351475,3.0,3.0,2.0,2.0,1.0,2.0,3.0,4.0,2.0,3.0,4.0,4.0,4.0,4.0,2.0,1.0,2.0,2.0,4.0,4.0,2.0,4.0,3.0,2.0,3.0,4.0,5.0,4.0,3.0,4.0,5.0,4.0,6.0,6.0,4.0,5.0,5.0,5.0,5.0,6.0,6.0,6.0,7.0,6.0,4.0,4.0,2.0,3.0,2.0,2.0,2.0,-1.518333844284113,-1.990891217160803,-0.7590367189799527,-0.003180527659602121,-2.2866408648460186,-0.5045188738320073,-1.005975448269178,0.004712197677998546,0.7658252320912989,0.9954122472029713,0.9979828715325975,2.02099631002097,1.7289143132077864,-0.9981891186916533,-2.0363385175677133
1,1,1,0.35,0.85,0.85,0.7093311770282389,0.06968773553392864,-1.0644002294674448,0.18295895984407332,1.0,2.018058580899963,1.9291169414152833,3.4994064333042787,1.8864629047292079,0.5886664302127316,-0.43777154484136827,2.134569573651386,2.460557220269049,-0.1721593587008856,0.647186878805455,-0.7531611354314377,1.4787814994217403,0.5197913538632555,0.16611123877122713,-0.4517115818106502,5.0,6.0,6.0,6.0,6.0,5.0,6.0,6.0,6.0,6.0,5.0,5.0,5.0,4.0,5.0,5.0,5.0,5.0,4.0,3.0,4.0,4.0,6.0,5.0,5.0,6.0,7.0,6.0,7.0,3.0,3.0,3.0,4.0,4.0,4.0,6.0,3.0,4.0,4.0,4.0,6.0,4.0,4.0,4.0,4.0,4.0,5.0,3.0,5.0,4.0,3.0,1.7851540177566352,1.652434535064841,1.7618947815243007,0.6753320397222226,1.020303685044278,-0.249671139615366,1.489467524181496,2.685429098939292,-0.7618469191973182,0.6629154631685762,-0.35092745113025897,0.6743668062068938,-0.0005404546149450336,-0.008760565316343828,-0.014740816569775791
0,0,0,0.35,0.85,0.85,1.3673807647153953,0.17867770787720144,0.07484855594323361,-0.8863943246112942,1.0,0.25393146297809943,0.38080285678412434,1.5713406216643613,1.5896704766927554,1.3251359900964275,1.9902314139960144,0.5818566091367309,0.8060684518776081,-0.49312507568948366,-0.31583119826907247,2.027341248201025,-0.18510438759815223,-0.5393828969751433,0.33722403885136976,0.15480926737273057,3.0,4.0,4.0,5.0,4.0,5.0,4.0,3.0,4.0,4.0,5.0,5.0,6.0,5.0,5.0,5.0,6.0,6.0,7.0,7.0,7.0,5.0,4.0,3.0,3.0,3.0,5.0,6.0,4.0,5.0,4.0,3.0,5.0,4.0,2.0,3.0,7.0,7.0,6.0,4.0,4.0,6.0,3.0,3.0,3.0,5.0,4.0,3.0,5.0,5.0,5.0,0.0063528612731553755,0.3275888069827882,-0.0027572688286767065,1.3538446071040464,1.5290643850274006,2.553653936767689,-0.7564311510241106,1.0099810356509835,0.25660118166175994,-0.9995684570034009,2.684120774861168,0.6743668062068938,-1.0382133153085837,-0.008760565316343828,0.9960580339291931
0,0,0,0.35,0.85,0.85,0.16724626403272988,-1.3206309106294543,0.4606922660167752,1.1810826014013582,1.0,1.3208245998481642,0.2803781979510849,2.546959555196855,1.9181929538422202,0.5296487550471265,1.4416958979653502,0.6173264026972825,-0.14395221200345668,0.32957992033384265,-0.37626365119830296,-1.5597996787682162,0.42488587713058623,1.3125088601929074,0.466009008217608,0.046871985301297575,4.0,5.0,4.0,5.0,4.0,4.0,2.0,6.0,5.0,6.0,4.0,5.0,5.0,5.0,4.0,4.0,5.0,3.0,6.0,6.0,6.0,6.0,5.0,4.0,3.0,5.0,3.0,3.0,3.0,4.0,2.0,3.0,4.0,1.0,4.0,5.0,3.0,3.0,2.0,4.0,5.0,5.0,5.0,6.0,7.0,4.0,4.0,6.0,5.0,4.0,4.0,0.5145817631255781,-0.6660454890787506,1.25770848142345,1.0145883234131345,0.002782285078032882,2.043958468334406,0.24174603795615907,-1.0005566402949864,-0.7618469191973182,-0.6670716729690054,-1.3626101931274013,0.6743668062068938,2.0748052667723322,0.6508584702671961,0.32219213359654686
1,1,0,0.35,0.85,0.85,2.193094332254914,-1.1044118582271665,-1.115973650929637,1.018541091699242,1.0,1.3708414785401644,1.3304270264475297,1.8640211416017216,0.9816058779586383,1.721531199381221,0.9647699512913874,0.9810696368810128,0.1241828559092919,0.18100125705435416,0.532247709350904,-0.927155619793474,1.3646074437874653,0.6743665074689918,-0.2233054345313601,-0.36773411232353814,7.0,5.0,5.0,5.0,6.0,5.0,4.0,5.0,4.0,4.0,4.0,4.0,5.0,3.0,7.0,7.0,6.0,6.0,5.0,4.0,4.0,6.0,4.0,4.0,5.0,5.0,4.0,4.0,3.0,5.0,3.0,3.0,2.0,5.0,4.0,5.0,4.0,4.0,3.0,5.0,5.0,4.0,4.0,7.0,4.0,3.0,4.0,4.0,4.0,5.0,5.0,1.5310395668304237,0.9900116710238146,0.24933588122174866,-0.003180527659602121,2.5465857849936455,0.7697197972511993,0.4912903352012265,-0.3303774149796632,-0.7618469191973182,0.6629154631685762,-0.35092745113025897,0.6743668062068938,1.0371324060786937,-0.3385700831081138,0.6591250837628704
1,0,1,0.35,0.85,0.85,-0.7936878939896351,1.6561044982807485,0.33451699165901977,0.2577714018613085,1.0,0.016007656744616128,-0.7249352666410736,2.635324713290969,3.4756436809542084,-2.4070568752237014,-2.2593857340301917,2.9100333599863433,1.9021659718761632,3.921939543970251,-0.17583911473373814,-0.36912236842273294,1.756946703268793,1.8927846720415276,-1.1124051851235977,0.596926330711288,4.0,3.0,4.0,4.0,3.0,4.0,2.0,5.0,6.0,6.0,6.0,7.0,7.0,5.0,2.0,3.0,2.0,2.0,1.0,2.0,2.0,3.0,7.0,7.0,6.0,7.0,5.0,7.0,6.0,7.0,7.0,7.0,7.0,4.0,3.0,3.0,4.0,4.0,3.0,5.0,4.0,6.0,5.0,6.0,6.0,2.0,4.0,2.0,5.0,4.0,3.0,-0.24776158965305603,-0.9972569210992638,1.7618947815243007,2.371613458176783,-1.7778801648628961,-2.0336052791318555,2.737189010406833,2.0152498736239686,3.0573334590242247,-0.6670716729690054,-0.35092745113025897,1.0110241821604127,1.7289143132077864,-1.3279986364834233,-0.014740816569775791
1,0,1,0.35,0.85,0.85,0.7083765055106233,-0.3457039597397869,0.9494304179222623,-2.268596708022369,1.0,0.3234181913951928,0.8447886663335855,0.2131941928118246,0.8312838736079557,-0.7174752855004692,0.5175155487835514,0.0908266912984792,-1.5592236536513246,0.19702602849043374,-0.467927340617203,1.803791653274877,0.3160021023647152,-2.056265722247406,-1.0269069502118209,1.7457768883949751,4.0,5.0,2.0,3.0,6.0,4.0,5.0,1.0,2.0,2.0,2.0,5.0,5.0,2.0,4.0,4.0,2.0,3.0,5.0,5.0,5.0,5.0,3.0,4.0,3.0,3.0,3.0,1.0,3.0,4.0,3.0,4.0,5.0,3.0,2.0,2.0,6.0,7.0,5.0,5.0,4.0,4.0,2.0,1.0,3.0,3.0,3.0,2.0,5.0,6.0,6.0,-0.5018760405792674,0.9900116710238146,-2.271595619282505,-0.003180527659602121,-0.760358764896651,1.0245675314678406,-0.7564311510241106,-1.6707358656103095,0.001989156446990387,-1.6645620250721915,2.00966561352974,0.337709430253374,-2.0758861760022222,-1.3279986364834233,1.6699239342618393
1,0,0,0.35,0.85,0.85,0.8725354119344395,-0.06408982843748087,-0.20754492598104343,-1.1569796370765564,-1.0,-0.011939838009024872,-1.1811244403755394,0.4687389241526755,0.6538316359303182,-0.12429745943732584,-0.9764037775676496,0.4549651282721128,0.1720050710291039,1.7379985668402784,-0.5209623654047961,-0.7613584705565033,-1.492836727860934,-0.2871252533654902,1.5899299230035433,-0.8783600687605825,4.0,3.0,4.0,4.0,2.0,2.0,2.0,2.0,2.0,4.0,3.0,3.0,4.0,5.0,3.0,4.0,5.0,5.0,3.0,3.0,3.0,3.0,4.0,3.0,4.0,4.0,4.0,4.0,3.0,5.0,4.0,4.0,6.0,4.0,3.0,2.0,4.0,4.0,3.0,2.0,3.0,2.0,5.0,4.0,4.0,6.0,7.0,6.0,3.0,3.0,2.0,-0.24776158965305603,-1.990891217160803,-1.2632230190808036,-0.003180527659602121,0.25716263506959414,-1.01421434226529,-0.25734255653397575,-0.3303774149796632,0.7658252320912989,-0.9995684570034009,-0.35092745113025897,-1.6822348254677406,0.3453504989496009,2.2999060592260445,-1.3624726172350679
0,0,1,0.35,0.85,0.85,0.25025973216640335,-0.21960408802458417,0.19871019124115258,0.05941125473061081,-1.0,-0.08238280006121762,-0.5355062205242963,1.4154985418634127,-1.458244393932698,-0.679328890724533,-0.39341136739899685,-0.42997312244282965,-0.5294117326985646,-1.1083594417543032,0.9407601944305002,-0.38723260933965997,-0.6763039729880502,-0.6105919749742852,1.150775949997466,-1.5045576823621702,4.0,3.0,3.0,3.0,3.0,3.0,3.0,3.0,4.0,4.0,4.0,2.0,3.0,3.0,2.0,4.0,4.0,4.0,4.0,4.0,3.0,4.0,2.0,2.0,2.0,2.0,2.0,3.0,3.0,3.0,5.0,2.0,3.0,4.0,4.0,5.0,4.0,4.0,4.0,3.0,2.0,4.0,4.0,3.0,5.0,3.0,6.0,6.0,3.0,4.0,2.0,-0.7559904915054788,-0.9972569210992638,-0.25485041887910204,-1.360205662423251,-0.5059784149050897,-0.249671139615366,-2.004152637249448,-1.335646252952648,-0.7618469191973182,0.3304186791341802,-0.013699870464544755,-1.0089200735607025,-0.0005404546149450336,0.9806679880589657,-1.0255396670687447
0,0,1,0.35,0.85,0.85,-0.1912947332974942,0.15585623418532155,1.9145381366692618,-1.0130022987435021,1.0,1.4026613839661914,-0.29115115287346904,2.066564660110798,0.38351128488449704,0.1817636741569515,-0.06333771447496953,2.058644285342964,-0.22183621224143635,1.7775490701250427,0.49287531043121663,1.1455382053157377,-0.23917417939585417,-1.178214914748635,0.5887396671172107,1.4082230710324495,4.0,6.0,5.0,4.0,3.0,3.0,3.0,3.0,4.0,4.0,5.0,5.0,3.0,4.0,5.0,5.0,4.0,4.0,4.0,4.0,5.0,5.0,5.0,5.0,6.0,6.0,4.0,3.0,5.0,5.0,6.0,4.0,6.0,5.0,4.0,4.0,4.0,6.0,6.0,3.0,3.0,4.0,3.0,3.0,4.0,6.0,3.0,4.0,6.0,6.0,5.0,0.7686962140517896,-0.9972569210992638,-0.0027572688286767065,-0.003180527659602121,0.5115429850611555,0.514872063034558,1.489467524181496,0.004712197677998546,1.2750492825208382,0.3304186791341802,1.3352104521983112,-0.672262697607183,-0.6923223617440373,0.3210489524754257,1.6699239342618393
1,1,1,0.35,0.85,0.85,0.44764350304413597,0.6223097791154208,0.05662192555609654,3.169784483839288,1.0,1.5149322751268244,1.777506554284365,3.1866374033478166,3.356605760642049,1.167918157454777,1.4929798018922664,1.6799777655010781,1.6136055947891557,1.036606910646086,0.322430625664775,-0.08924081256930139,0.716425289544095,0.6429110348039488,0.1659134944097308,-0.9656838943984885,6.0,7.0,4.0,4.0,5.0,5.0,6.0,6.0,6.0,5.0,5.0,7.0,7.0,4.0,5.0,5.0,7.0,6.0,5.0,6.0,5.0,6.0,5.0,5.0,5.0,5.0,5.0,5.0,5.0,5.0,5.0,5.0,4.0,4.0,3.0,4.0,5.0,3.0,4.0,5.0,4.0,5.0,4.0,4.0,4.0,3.0,5.0,5.0,3.0,3.0,3.0,1.2769251159042123,1.3212231030443273,1.5098016314738754,2.0323571744858713,1.7834447350189617,1.5342629999011235,0.9903789296913613,1.0099810356509835,0.7658252320912989,-0.33457488893461035,-0.013699870464544755,0.6743668062068938,-0.0005404546149450336,0.3210489524754257,-1.0255396670687447
1,1,1,0.35,0.85,0.85,0.645457946712235,-0.6512002296514235,1.3171378505634697,-1.5036977744107793,1.0,0.46193198439150973,0.3495223354150034,1.6642600225002788,0.7745761994067578,-0.13168205798483823,-0.309026927464347,1.852939154204544,-0.1236980678626492,-0.18409228606496297,0.42406916084443663,0.5968772317177612,1.162493986997577,0.3339418081016615,-0.326976944228877,-0.14138531419004977,5.0,4.0,3.0,3.0,5.0,4.0,4.0,3.0,4.0,3.0,3.0,3.0,3.0,3.0,3.0,5.0,5.0,4.0,3.0,4.0,3.0,3.0,5.0,5.0,5.0,5.0,3.0,3.0,4.0,3.0,3.0,3.0,2.0,4.0,3.0,3.0,4.0,4.0,5.0,6.0,5.0,4.0,4.0,4.0,3.0,4.0,4.0,4.0,4.0,4.0,3.0,-0.24776158965305603,0.3275888069827882,-0.7590367189799527,-1.0209493787323387,0.25716263506959414,-0.7593666080486486,0.9903789296913613,-0.6654670276373246,-1.2710709696268574,-0.6670716729690054,0.32352771020116905,1.0110241821604127,-0.3464314081794914,-0.008760565316343828,-0.3516737667360989
1,1,1,0.35,0.85,0.85,0.6778467559175612,0.7433351792984091,1.1943634889884485,0.46100178339215425,-1.0,-0.22525460468767555,-0.11430246171648917,1.2921743132947334,0.5778882630091277,-0.2415132826128651,0.021938849824860662,0.4609889672923829,-0.7365701809222495,1.0177983009874385,0.12528002109990738,0.2740955397088592,0.12063216039264843,-0.7393472528048102,-0.33079140837045795,1.2898942430807496,3.0,3.0,4.0,4.0,4.0,4.0,2.0,4.0,3.0,4.0,3.0,3.0,3.0,4.0,5.0,4.0,3.0,4.0,4.0,3.0,4.0,1.0,3.0,5.0,4.0,4.0,3.0,2.0,4.0,4.0,4.0,5.0,5.0,4.0,3.0,5.0,5.0,5.0,5.0,4.0,4.0,5.0,3.0,4.0,3.0,3.0,4.0,4.0,5.0,4.0,6.0,-0.5018760405792674,-0.6660454890787506,-0.5069435689295274,-0.6816930950414264,0.002782285078032882,-1.01421434226529,-0.0077982592889083565,-1.0005566402949864,0.5112132068765295,-0.002078104900214853,0.9979828715325975,0.337709430253374,-0.6923223617440373,-0.3385700831081138,0.9960580339291931
0,0,0,0.35,0.85,0.85,-0.5486294527591293,-1.4650944559702344,0.4642472247940801,1.1221259150864278,-1.0,0.3584726094683654,-0.0940441882096944,1.6846344803031603,-0.8354209222614055,0.17604973967189894,0.4926568643458339,-0.4639668908493646,-0.16866537116642322,1.690409536475484,0.27912032803827835,0.7408569737922429,-0.7640930973167815,0.45521587837043165,0.5706514871570671,0.12181520346404856,3.0,4.0,5.0,4.0,4.0,4.0,4.0,4.0,3.0,3.0,3.0,3.0,3.0,3.0,4.0,5.0,5.0,4.0,5.0,5.0,4.0,3.0,3.0,4.0,2.0,3.0,3.0,3.0,4.0,6.0,6.0,4.0,6.0,4.0,3.0,3.0,5.0,5.0,4.0,2.0,2.0,3.0,3.0,4.0,5.0,5.0,6.0,4.0,3.0,4.0,5.0,0.0063528612731553755,-0.003622625037724597,-0.7590367189799527,-1.0209493787323387,0.5115429850611555,0.2600243288179167,-1.005975448269178,-0.6654670276373246,1.5296613077356076,-0.6670716729690054,0.6607552908668837,-1.6822348254677406,-0.0005404546149450336,0.9806679880589657,-0.014740816569775791
1,0,0,0.35,0.85,0.85,-1.2616052897922043,-0.43322812725494897,0.6933030835184635,-1.6635185809617452,-1.0,1.7153136343234634,-1.5563601481786191,2.04882786063642,-1.7841478220131564,-0.4245249836859866,-0.7589513921124259,0.14857467585394002,-0.3888475276893979,0.8744698948051831,-0.09709961672623495,-0.5631753812211074,1.0326585472139094,0.7961388135366404,0.11765956918278894,-0.2914949000133282,5.0,4.0,6.0,5.0,1.0,3.0,1.0,4.0,4.0,4.0,3.0,1.0,3.0,1.0,3.0,4.0,4.0,3.0,4.0,3.0,4.0,4.0,3.0,2.0,4.0,5.0,1.0,3.0,3.0,3.0,4.0,3.0,7.0,4.0,3.0,2.0,4.0,3.0,4.0,4.0,6.0,5.0,5.0,5.0,6.0,4.0,4.0,4.0,4.0,3.0,4.0,1.0228106649780009,-2.322102649181316,-0.25485041887910204,-2.377974513495987,-0.5059784149050897,-0.249671139615366,-0.5068868537790432,-1.6707358656103095,0.25660118166175994,-0.9995684570034009,-0.35092745113025897,1.0110241821604127,1.3830233596432395,-0.008760565316343828,-0.3516737667360989
1,0,1,0.35,0.85,0.85,1.698962811476874,1.7176913015154205,-0.5406588659792104,-0.8417925137817909,1.0,1.0168906654529328,1.231142095220692,2.3168458288898335,1.932073918981434,-0.2272291256126039,-1.2958779888353016,1.832038158332308,1.4329940585085814,0.7398335866707496,0.028654010094203652,-0.861847655553853,-0.25737815459763114,-0.10481600784143791,0.6678868027124845,-0.10015437892983949,4.0,5.0,5.0,3.0,4.0,5.0,5.0,4.0,5.0,5.0,5.0,6.0,6.0,4.0,3.0,4.0,3.0,5.0,3.0,3.0,3.0,3.0,5.0,5.0,6.0,6.0,5.0,6.0,4.0,5.0,5.0,5.0,5.0,3.0,3.0,4.0,3.0,3.0,4.0,3.0,3.0,3.0,4.0,3.0,4.0,5.0,5.0,4.0,5.0,4.0,4.0,0.26046731219936675,0.6588002390033019,0.7535221813225994,1.3538446071040464,-0.2515980649135284,-1.01421434226529,1.489467524181496,1.0099810356509835,1.0204372573060685,-0.6670716729690054,-0.6881550317959728,-1.0089200735607025,-0.3464314081794914,0.6508584702671961,0.32219213359654686
1,1,0,0.35,0.85,0.85,-0.285640780479378,-0.4048323163471491,-0.8675128741376953,0.5565292514261286,-1.0,-0.2877231107452598,0.06075163954908902,0.8900926835668075,-0.6362908701878526,-0.2994067987986819,-0.10659360114647617,0.00924884955779623,0.018109013016336117,1.4057390157765273,-1.2544150700865024,-0.10275997400832365,0.09764985801136383,-0.5157410008181806,0.003561960283668675,2.0458390149919623,2.0,2.0,3.0,3.0,4.0,4.0,4.0,3.0,4.0,3.0,3.0,3.0,4.0,2.0,4.0,3.0,3.0,3.0,5.0,4.0,4.0,4.0,3.0,3.0,4.0,4.0,4.0,4.0,3.0,6.0,5.0,5.0,5.0,3.0,2.0,3.0,4.0,4.0,4.0,4.0,5.0,3.0,3.0,4.0,3.0,5.0,4.0,5.0,7.0,5.0,6.0,-1.518333844284113,-0.003622625037724597,-0.7590367189799527,-1.0209493787323387,-0.760358764896651,0.2600243288179167,-0.5068868537790432,-0.3303774149796632,1.2750492825208382,-1.3320652410377964,-0.013699870464544755,0.0010520542998551361,-0.6923223617440373,0.6508584702671961,2.006856884428162
0,1,0,0.35,0.85,0.85,-1.066212890186303,0.20444053379103036,-0.9643678865625939,0.6034300273761949,1.0,2.0280735863439374,-1.5813764287010383,2.3979508145892217,-0.6963408589982962,-0.6332498609676398,-1.037036304563037,0.36579054702814706,-0.5653818329097154,0.7590137217141593,1.8936323534532158,0.6871060155816877,-1.1527129902541455,1.4486863452284273,-1.3069606905300428,0.5278707343946909,7.0,3.0,5.0,7.0,2.0,1.0,4.0,5.0,4.0,5.0,4.0,2.0,2.0,3.0,3.0,3.0,3.0,3.0,2.0,3.0,3.0,4.0,4.0,4.0,5.0,4.0,3.0,4.0,4.0,4.0,4.0,4.0,5.0,6.0,5.0,5.0,4.0,4.0,5.0,4.0,3.0,5.0,5.0,4.0,7.0,2.0,4.0,3.0,4.0,4.0,5.0,1.5310395668304237,-1.6596797851402898,0.501429031272174,-1.699461946114163,-1.0147391148882123,-1.01421434226529,0.24174603795615907,-0.3303774149796632,0.25660118166175994,1.3279090312373663,0.32352771020116905,0.0010520542998551361,1.3830233596432395,-0.9981891186916533,0.32219213359654686
0,0,1,0.35,0.85,0.85,-0.126649274694291,-0.7612173957924228,-0.44758741580781064,-0.17495751324417994,-1.0,-0.8148071152515448,0.23887372196843248,2.4327244668923904,0.597740693006009,-0.5580037760270384,-0.42526747145254795,0.876085036300759,0.4419741140629234,1.2087246414346517,1.2280218127766325,0.6490281334706458,3.4111544383208035,0.5520804833919489,-1.1092451109807464,0.49063063843233184,2.0,3.0,3.0,2.0,3.0,4.0,5.0,4.0,5.0,3.0,5.0,3.0,5.0,3.0,4.0,4.0,3.0,6.0,4.0,5.0,4.0,4.0,4.0,4.0,5.0,4.0,3.0,5.0,4.0,4.0,5.0,5.0,6.0,5.0,4.0,5.0,5.0,4.0,4.0,7.0,7.0,7.0,6.0,5.0,4.0,4.0,4.0,4.0,5.0,4.0,5.0,-1.518333844284113,-0.003622625037724597,0.24933588122174866,-0.34243681135051446,0.25716263506959414,0.2600243288179167,0.24174603795615907,0.004712197677998546,1.0204372573060685,0.6629154631685762,0.32352771020116905,3.0309684378815276,1.0371324060786937,-0.008760565316343828,0.6591250837628704
1,1,1,0.35,0.85,0.85,-1.6059752307652964,0.1728608976840503,-0.23690716520073316,0.898494845990348,1.0,1.8703237749589854,0.8869146969561088,2.4265827629151557,3.1328964379256807,-2.1114381530188373,-1.4639924599456278,1.9680626707928708,0.9409923556535771,0.6982960010285012,2.6266821081100398,-1.5906113364908876,-0.09403210882094748,0.9833718051200208,0.8846647661907471,0.9774626946999129,5.0,6.0,5.0,4.0,4.0,4.0,4.0,5.0,5.0,3.0,5.0,5.0,6.0,5.0,2.0,1.0,2.0,2.0,2.0,1.0,3.0,2.0,6.0,5.0,6.0,4.0,5.0,4.0,5.0,3.0,4.0,5.0,6.0,7.0,6.0,5.0,3.0,3.0,3.0,3.0,4.0,4.0,5.0,6.0,4.0,5.0,5.0,6.0,6.0,5.0,5.0,1.0228106649780009,-0.003622625037724597,0.501429031272174,1.3538446071040464,-2.2866408648460186,-2.0336052791318555,1.2399232269364286,0.6748914229933222,0.5112132068765295,1.9929025993061573,-1.025382612461687,-0.3356053216536642,1.0371324060786937,1.3104775058507352,1.3329909840955156
0,1,0,0.35,0.85,0.85,-1.2970707756416826,0.0724137743107739,0.6199769785914877,-0.8139064033787707,-1.0,1.3360299716122908,0.47097243799699845,1.9875912123428066,0.19051711984984712,-0.8837310153914711,-0.03528941883835396,0.10778086571219259,0.8629355410874875,0.06441932830763641,-0.8798264148835861,-0.7083316493834568,0.7848392391253531,-0.4456148027496247,-0.7050148981434436,1.0875172647323088,4.0,5.0,3.0,5.0,4.0,4.0,3.0,4.0,3.0,4.0,3.0,3.0,4.0,2.0,3.0,5.0,4.0,4.0,3.0,4.0,4.0,5.0,4.0,4.0,4.0,3.0,4.0,4.0,4.0,4.0,3.0,5.0,4.0,2.0,2.0,3.0,3.0,3.0,3.0,4.0,4.0,4.0,4.0,3.0,4.0,3.0,4.0,3.0,4.0,5.0,4.0,0.26046731219936675,-0.3348340570582378,-0.5069435689295274,-1.0209493787323387,0.002782285078032882,0.005176594601275346,-0.25734255653397575,0.004712197677998546,0.001989156446990387,-1.6645620250721915,-1.025382612461687,0.0010520542998551361,-0.3464314081794914,-0.6683796008998834,0.32219213359654686
0,1,1,0.35,0.85,0.85,1.0675366168747737,0.6659339320740589,1.204161171780936,0.15926446740912117,-1.0,-1.8532881975175282,0.9168308785097229,0.3444633307145998,-0.6182164363387033,-1.3478589073964495,-0.25428184551541333,0.75807901503042,0.2278127274280808,0.72294605630771,0.7123418060560158,0.26778018484269506,-1.223117585437242,0.03370871797779937,-1.6403088482274388,-1.1502006770707418,1.0,2.0,3.0,2.0,4.0,4.0,5.0,2.0,3.0,3.0,2.0,3.0,3.0,3.0,2.0,2.0,2.0,3.0,5.0,5.0,5.0,5.0,5.0,4.0,4.0,4.0,3.0,4.0,4.0,5.0,3.0,4.0,5.0,4.0,4.0,4.0,5.0,5.0,4.0,2.0,4.0,2.0,5.0,5.0,4.0,3.0,3.0,2.0,2.0,3.0,3.0,-2.026562746136536,0.3275888069827882,-1.515316169131229,-1.0209493787323387,-1.7778801648628961,1.0245675314678406,0.24174603795615907,-0.3303774149796632,0.25660118166175994,-0.002078104900214853,0.6607552908668837,-1.3455774495142216,0.6912414525141477,-1.3279986364834233,-1.3624726172350679
0,0,0,0.35,0.85,0.85,1.5865392705131172,-0.8588901559097405,-0.8123141364813292,0.4431187914075559,1.0,0.6202912667580434,0.10002633396516167,0.6785129061056752,0.775611389343715,1.8316256445746582,1.6957596017699825,-0.3928372579865457,0.35692348515630606,0.4827778578961157,-0.26258805872184476,1.1255269923331341,0.88525888673489,0.41467257452656336,0.07996644713009482,-0.9849103080854069,4.0,3.0,4.0,4.0,2.0,4.0,3.0,3.0,2.0,3.0,4.0,4.0,3.0,5.0,7.0,6.0,6.0,5.0,6.0,6.0,7.0,5.0,3.0,3.0,2.0,2.0,5.0,4.0,3.0,4.0,5.0,5.0,3.0,3.0,2.0,4.0,6.0,5.0,5.0,4.0,5.0,5.0,5.0,4.0,4.0,4.0,3.0,4.0,3.0,2.0,5.0,-0.24776158965305603,-0.9972569210992638,-1.011129869030378,-0.003180527659602121,2.0378250850105233,2.043958468334406,-1.505064042759313,0.004712197677998546,0.25660118166175994,-0.9995684570034009,1.3352104521983112,0.6743668062068938,0.3453504989496009,-0.3385700831081138,-0.6886067169024216
1,0,1,0.35,0.85,0.85,-0.010386405613047083,-1.8061022773287065,-0.25794891998821157,-0.21083182591086116,-1.0,0.3907010759615591,1.1866609206452645,0.8179403571480708,-0.05273412772014571,-1.094464305123869,0.38780271508812325,0.7505166040905646,0.10320671843202278,2.4298445461188023,-0.5655985185890965,0.5640478350407674,0.5201931662731692,-2.903950852801471,0.09714710090123412,0.0691023310782262,3.0,4.0,4.0,3.0,7.0,5.0,5.0,3.0,2.0,3.0,3.0,4.0,3.0,3.0,4.0,3.0,3.0,3.0,5.0,4.0,4.0,4.0,5.0,3.0,3.0,4.0,3.0,4.0,4.0,6.0,7.0,6.0,6.0,3.0,4.0,4.0,5.0,4.0,4.0,4.0,5.0,5.0,1.0,1.0,3.0,5.0,4.0,6.0,4.0,5.0,3.0,-0.5018760405792674,1.652434535064841,-1.2632230190808036,-0.6816930950414264,-0.760358764896651,0.2600243288179167,-0.25734255653397575,-0.3303774149796632,2.293497383379916,-0.33457488893461035,0.32352771020116905,0.6743668062068938,-2.4217771295667685,0.9806679880589657,-0.014740816569775791
0,0,1,0.35,0.85,0.85,-0.5473998440989,-0.7296383183697097,-0.34974816693471183,1.1019338963622833,1.0,-0.13407785647287968,-0.3686194024800177,1.7857949429143276,2.0702098886841975,0.4809183243291163,0.6896236343903257,0.8422213759931323,0.6459985639813121,1.06925439227305,-0.1466109648180663,1.0802397598856603,1.331423429612622,-0.7737180488168922,-0.22683146497202383,0.1818387540752972,4.0,4.0,2.0,4.0,2.0,4.0,3.0,4.0,3.0,3.0,3.0,6.0,5.0,6.0,5.0,4.0,4.0,4.0,4.0,6.0,3.0,5.0,5.0,3.0,4.0,4.0,5.0,6.0,5.0,4.0,3.0,6.0,3.0,4.0,2.0,3.0,5.0,4.0,2.0,5.0,5.0,6.0,3.0,3.0,3.0,2.0,4.0,4.0,3.0,4.0,4.0,-0.5018760405792674,-0.9972569210992638,-0.7590367189799527,1.6931008907949592,0.25716263506959414,0.514872063034558,-0.0077982592889083565,1.3450706483086448,0.001989156446990387,-0.9995684570034009,-0.35092745113025897,1.3476815581139316,-1.0382133153085837,-0.6683796008998834,-0.3516737667360989
1,0,0,0.35,0.85,0.85,2.0919316779764245,-1.0173755726901272,-0.023537207012708724,2.4117422518335756,1.0,0.35861709172644646,-1.3070724677897152,2.888070413474038,2.402193361047489,1.2698003542051879,1.3625798391634234,0.1344898926873288,1.8424543406825982,-1.2584431425472098,0.2829359597941048,0.7349414229959546,-0.09229637383716499,-0.7798913433047525,-0.05222266197204717,1.0688535693783872,5.0,4.0,4.0,6.0,2.0,2.0,2.0,5.0,6.0,7.0,6.0,5.0,6.0,5.0,5.0,5.0,5.0,5.0,5.0,6.0,6.0,6.0,5.0,3.0,4.0,4.0,7.0,6.0,6.0,2.0,3.0,2.0,3.0,4.0,3.0,3.0,4.0,5.0,6.0,5.0,4.0,4.0,3.0,3.0,3.0,5.0,3.0,3.0,6.0,6.0,6.0,0.7686962140517896,-1.990891217160803,2.013987931574726,1.3538446071040464,1.020303685044278,1.7891107341177648,-0.0077982592889083565,2.3503394862816296,-1.5256829948416268,-0.6670716729690054,0.9979828715325975,0.337709430253374,-1.0382133153085837,-0.3385700831081138,2.006856884428162
1,0,0,0.35,0.85,0.85,-1.6367524325951774,-0.5779764669824407,-0.7272815649107156,1.308291329468383,-1.0,-0.13820770551003903,0.5107014212794232,1.1454084487878795,-1.266576825961977,0.08754788762498888,0.028359156181976763,-0.11599167856292855,-0.05871119870740979,-0.029355248742726325,-1.8090472678827083,0.8972589166881335,0.05958625074828572,0.1723365209873654,-0.9018329342338762,-0.6712535310387897,3.0,2.0,4.0,4.0,4.0,5.0,5.0,3.0,4.0,2.0,3.0,2.0,3.0,4.0,4.0,3.0,5.0,4.0,5.0,5.0,4.0,4.0,3.0,4.0,3.0,4.0,3.0,5.0,5.0,5.0,4.0,3.0,3.0,2.0,2.0,1.0,6.0,4.0,5.0,4.0,3.0,4.0,3.0,4.0,4.0,4.0,3.0,4.0,4.0,3.0,5.0,-0.7559904915054788,0.6588002390033019,-1.011129869030378,-1.0209493787323387,0.002782285078032882,0.514872063034558,-0.5068868537790432,0.33980181033565987,-0.2526228687677792,-2.329555593140982,0.9979828715325975,-0.3356053216536642,-0.3464314081794914,-0.3385700831081138,-0.014740816569775791
0,1,0,0.35,0.85,0.85,0.2566603834757037,-0.11318130055637039,0.8641635093716953,-0.6814195056390389,-1.0,1.5316704723153705,0.01542879332310726,2.3047447992579406,0.4760220037320729,-1.5855785738358161,-0.6948332369705571,0.7568858762812782,1.8730357575740402,1.6921545259538273,0.22220293262414365,-0.8267921584491,-2.7635255120212827,0.08072238955581153,-1.3308381466310781,-0.0809032158892778,5.0,6.0,5.0,4.0,5.0,3.0,3.0,5.0,4.0,4.0,4.0,3.0,3.0,5.0,2.0,1.0,2.0,2.0,4.0,5.0,3.0,4.0,3.0,3.0,4.0,3.0,6.0,5.0,5.0,6.0,5.0,6.0,6.0,3.0,5.0,3.0,4.0,3.0,3.0,2.0,2.0,2.0,3.0,4.0,3.0,3.0,2.0,2.0,4.0,4.0,3.0,1.0228106649780009,-0.3348340570582378,0.24933588122174866,-0.34243681135051446,-2.2866408648460186,0.005176594601275346,-0.7564311510241106,1.3450706483086448,1.784273332950377,-0.33457488893461035,-0.6881550317959728,-2.01889220142126,-0.6923223617440373,-1.6578081542751928,-0.3516737667360989
1,1,0,0.35,0.85,0.85,-0.22814967993514987,-1.2599198156302356,-0.3596333309388286,0.5699586183546799,-1.0,0.525396175901661,1.501085163346463,1.2797791596094032,-0.21691477416649996,0.5762121421532687,0.3866763596775462,-0.3774046037907207,-0.1272231969776538,0.18403734511998532,-0.23278160678201865,-0.6333249951823251,-0.9289398523206986,-0.4041905433946662,-1.3414725585615574,-0.5644403437155304,4.0,6.0,3.0,5.0,4.0,5.0,4.0,4.0,3.0,4.0,4.0,3.0,3.0,3.0,5.0,3.0,5.0,5.0,5.0,4.0,5.0,5.0,3.0,1.0,4.0,3.0,3.0,4.0,4.0,4.0,5.0,2.0,5.0,3.0,4.0,4.0,3.0,3.0,5.0,2.0,4.0,3.0,4.0,3.0,4.0,2.0,2.0,2.0,4.0,3.0,2.0,0.5145817631255781,0.3275888069827882,-0.25485041887910204,-1.0209493787323387,0.5115429850611555,0.7697197972511993,-1.2555197455142455,-0.3303774149796632,0.001989156446990387,-0.33457488893461035,-0.35092745113025897,-1.0089200735607025,-0.3464314081794914,-1.9876176720669627,-1.0255396670687447
0,1,1,0.35,0.85,0.85,-1.4569883114735915,-0.2252343408971398,0.2182147082959791,0.7670733673324178,1.0,0.9045298422359203,1.1543773841751461,1.81773028260639,0.5186740120413382,-0.028335801280362227,-0.5663614707442982,2.000541688168725,0.9974728565089749,0.9695058639433592,1.7014487226371755,-1.405184218848532,0.4842778897107241,0.6682094960651037,-1.1721638562696857,1.5759837764837537,5.0,3.0,6.0,3.0,5.0,5.0,6.0,3.0,4.0,4.0,4.0,3.0,2.0,3.0,4.0,3.0,3.0,4.0,3.0,3.0,4.0,4.0,5.0,6.0,4.0,5.0,4.0,5.0,4.0,3.0,4.0,3.0,3.0,6.0,6.0,4.0,4.0,3.0,3.0,5.0,3.0,4.0,4.0,6.0,5.0,3.0,3.0,3.0,6.0,4.0,5.0,0.26046731219936675,1.3212231030443273,-0.25485041887910204,-1.360205662423251,-0.5059784149050897,-0.5045188738320073,0.9903789296913613,0.33980181033565987,-0.7618469191973182,1.3279090312373663,-0.6881550317959728,0.0010520542998551361,1.0371324060786937,-0.9981891186916533,0.9960580339291931
0,0,0,0.35,0.85,0.85,-0.7542534240085954,-0.9387241979927246,1.1759885775741359,-0.851354489511503,1.0,1.043473162502548,-1.0324829072864847,0.9497541597601914,0.49599074939287996,-1.5702183161503747,-1.6626274803796632,0.4931231889300393,1.425248602854497,0.512265800547869,-0.6855683579867716,0.9130166674014649,0.718362905534478,-0.5060164351587628,-0.24428501704264666,-1.077637714465498,4.0,5.0,5.0,4.0,3.0,2.0,3.0,4.0,3.0,3.0,4.0,3.0,3.0,5.0,2.0,3.0,3.0,3.0,2.0,3.0,2.0,3.0,3.0,4.0,4.0,3.0,6.0,5.0,4.0,4.0,3.0,5.0,4.0,1.0,3.0,2.0,5.0,5.0,4.0,5.0,4.0,5.0,4.0,3.0,2.0,3.0,4.0,4.0,3.0,3.0,3.0,0.5145817631255781,-1.328468353119777,-0.5069435689295274,-0.34243681135051446,-1.2691194648797735,-1.5239098106985727,-0.5068868537790432,1.0099810356509835,0.001989156446990387,-1.997058809106587,0.6607552908668837,0.6743668062068938,-1.0382133153085837,-0.3385700831081138,-1.0255396670687447
0,0,0,0.35,0.85,0.85,0.37551615386189013,-0.4493573156773329,1.3285259713035535,1.44476123899299,1.0,-0.2306461195805119,1.030737647076666,1.175834488419785,1.1549057315788893,0.7304998080085604,1.2058503185292082,0.4007844720252246,0.6659376728555062,0.13291100032526496,0.08510848233572338,-0.5604943758094934,1.534231074839743,-0.08546981907036533,0.8166534505825986,0.06140838080692334,3.0,3.0,5.0,4.0,6.0,4.0,4.0,3.0,4.0,3.0,4.0,5.0,3.0,6.0,6.0,5.0,5.0,4.0,5.0,5.0,5.0,5.0,3.0,3.0,4.0,4.0,4.0,4.0,4.0,3.0,3.0,4.0,3.0,3.0,5.0,4.0,4.0,4.0,3.0,6.0,5.0,5.0,3.0,4.0,4.0,5.0,6.0,5.0,4.0,5.0,4.0,-0.24776158965305603,0.6588002390033019,-0.5069435689295274,0.6753320397222226,1.020303685044278,1.0245675314678406,-0.5068868537790432,0.004712197677998546,-0.7618469191973182,-0.002078104900214853,-0.35092745113025897,1.3476815581139316,-0.3464314081794914,1.3104775058507352,0.32219213359654686
1,0,0,0.35,0.85,0.85,-0.50367777745519,0.9595310160815088,-1.1609388991975165,-0.31604723121267586,-1.0,-0.05121389271245369,-0.19354341232378694,1.3025907832607446,-0.607817293109562,-1.286288424463313,-1.0996378118999934,0.7137840575438816,0.3991807819040298,1.814639598541648,0.5237307466710313,-0.6021995786109762,-1.3392116904217002,-1.3292307508465422,1.526869711097673,-0.3942812251381646,4.0,2.0,4.0,4.0,5.0,4.0,3.0,4.0,3.0,3.0,4.0,3.0,3.0,2.0,3.0,3.0,1.0,3.0,3.0,3.0,3.0,3.0,4.0,3.0,4.0,2.0,4.0,4.0,3.0,7.0,6.0,5.0,5.0,3.0,6.0,5.0,5.0,3.0,5.0,3.0,2.0,2.0,2.0,3.0,3.0,6.0,6.0,4.0,3.0,4.0,3.0,-0.5018760405792674,-0.003622625037724597,-0.5069435689295274,-1.360205662423251,-1.5234998148713348,-1.01421434226529,-0.7564311510241106,-0.3303774149796632,1.784273332950377,0.6629154631685762,0.32352771020116905,-1.6822348254677406,-1.38410426887313,1.3104775058507352,-0.6886067169024216
0,1,1,0.35,0.85,0.85,0.02306159287690992,0.8120905162407597,-0.5879349935529751,-1.0426044861134638,1.0,0.6841964667543725,0.8829670345832593,2.5297505053054157,2.6405691372875815,0.9980475556873991,2.314473668497124,1.0564977279760124,1.5768450143649426,0.7397685553971148,0.18168351321695558,0.40583769000541325,0.8518462721627812,1.0819298226026597,0.3054821048004296,-0.8883592041895904,5.0,6.0,5.0,5.0,5.0,5.0,3.0,5.0,6.0,4.0,5.0,5.0,6.0,6.0,4.0,5.0,6.0,6.0,6.0,5.0,5.0,7.0,5.0,4.0,5.0,4.0,5.0,5.0,4.0,4.0,4.0,5.0,5.0,4.0,4.0,4.0,3.0,5.0,5.0,5.0,5.0,5.0,6.0,6.0,5.0,4.0,6.0,2.0,3.0,4.0,3.0,1.2769251159042123,0.3275888069827882,1.0056153313730247,1.6931008907949592,1.2746840350358393,1.7891107341177648,0.4912903352012265,0.6748914229933222,0.5112132068765295,-0.002078104900214853,0.32352771020116905,1.0110241821604127,1.7289143132077864,-0.008760565316343828,-0.6886067169024216
0,0,0,0.35,0.85,0.85,-1.5612207447610078,-0.8709850828040206,0.2572521274644301,-0.24251467778370586,1.0,-0.5558740200536211,-1.3279834795290675,0.2509634055593123,1.1627535338700192,-0.1366576972610407,-1.3147239846906957,1.1002037475615434,2.123452823948974,-0.19995651133049352,-0.10872280718689795,-1.9485813861278325,1.4976862174987418,1.4557781149247324,-2.259124784340883,-0.9943550274629279,3.0,3.0,3.0,3.0,3.0,2.0,1.0,3.0,2.0,2.0,3.0,5.0,4.0,5.0,3.0,3.0,3.0,4.0,3.0,3.0,4.0,3.0,4.0,5.0,6.0,5.0,5.0,6.0,5.0,4.0,2.0,3.0,3.0,4.0,4.0,4.0,2.0,3.0,3.0,5.0,5.0,5.0,6.0,5.0,6.0,3.0,3.0,2.0,5.0,2.0,3.0,-1.0101049424316901,-1.990891217160803,-1.515316169131229,0.6753320397222226,-0.760358764896651,-0.7593666080486486,0.9903789296913613,1.3450706483086448,-1.0164589444120877,-0.002078104900214853,-1.3626101931274013,1.0110241821604127,1.7289143132077864,-1.3279986364834233,-0.6886067169024216
1,0,1,0.35,0.85,0.85,0.12621404535535952,0.07947658963428153,0.09543640556984816,1.2815811721534007,-1.0,-0.17996555097583367,0.3287771930348372,2.8260972834354225,0.8569420741422537,-0.3696031031020128,-0.44895835866608835,1.059975208951371,-0.4327974623902966,0.6507698630548606,-0.48077115221661526,0.10481660715584928,0.7308754078865303,0.9814398660092611,-0.26412838774220043,-1.347475262367786,3.0,3.0,4.0,3.0,3.0,4.0,4.0,4.0,5.0,5.0,5.0,4.0,5.0,5.0,4.0,4.0,2.0,4.0,2.0,3.0,5.0,5.0,5.0,5.0,6.0,5.0,5.0,3.0,4.0,3.0,4.0,3.0,3.0,4.0,4.0,4.0,4.0,4.0,3.0,6.0,5.0,5.0,5.0,5.0,5.0,4.0,4.0,4.0,3.0,3.0,3.0,-0.7559904915054788,-0.3348340570582378,0.7535221813225994,0.6753320397222226,-0.5059784149050897,-0.249671139615366,1.2399232269364286,0.004712197677998546,-0.7618469191973182,-0.002078104900214853,-0.35092745113025897,1.3476815581139316,1.0371324060786937,-0.008760565316343828,-1.0255396670687447
0,1,0,0.35,0.85,0.85,-0.7266601977956945,-0.847243768525281,0.30380136168573846,-0.5439859555793717,1.0,0.9436681249426699,-0.12676617143103225,2.6275000414567145,3.031241296763158,0.515347549652409,-1.322240340874274,2.5779472316930225,0.9194815370876415,2.8907009025710177,1.3065685181542934,-0.0835651882008569,1.1237864094200873,1.422420296705668,0.7819164772454387,0.05878228549878145,4.0,4.0,5.0,4.0,4.0,4.0,3.0,6.0,4.0,5.0,5.0,6.0,4.0,7.0,4.0,5.0,5.0,3.0,2.0,3.0,3.0,2.0,6.0,6.0,6.0,6.0,4.0,5.0,7.0,5.0,6.0,6.0,7.0,4.0,5.0,5.0,4.0,4.0,5.0,5.0,5.0,4.0,5.0,5.0,5.0,4.0,5.0,5.0,4.0,4.0,4.0,0.26046731219936675,-0.3348340570582378,1.0056153313730247,1.6931008907949592,0.25716263506959414,-1.5239098106985727,1.988556118671631,1.3450706483086448,2.0388853581651465,0.6629154631685762,0.32352771020116905,0.6743668062068938,1.0371324060786937,0.6508584702671961,-0.014740816569775791
0,0,0,0.35,0.85,0.85,0.43890284750062025,0.02200575239217994,-0.27327619073311527,0.14808090193750542,1.0,-1.0573515454282398,-0.26102800753941446,-0.4694877653313494,0.41561607583953997,0.22086640454931394,-1.2029449898971811,0.3664567832069163,0.29544773783720407,1.4519691810103992,-0.2491280506193532,-0.9656382427136795,-0.45361383554363893,0.2706302608631963,0.15258246314743773,0.7580949918050527,2.0,3.0,3.0,2.0,4.0,4.0,4.0,1.0,2.0,3.0,2.0,5.0,3.0,3.0,5.0,3.0,4.0,5.0,2.0,2.0,3.0,4.0,3.0,3.0,5.0,5.0,4.0,5.0,4.0,4.0,4.0,4.0,5.0,4.0,3.0,5.0,4.0,3.0,4.0,4.0,3.0,5.0,5.0,3.0,4.0,4.0,2.0,4.0,5.0,5.0,3.0,-1.518333844284113,-0.003622625037724597,-2.0195024692320795,-0.34243681135051446,0.25716263506959414,-1.2690620764819314,-0.0077982592889083565,0.33980181033565987,0.25660118166175994,-0.002078104900214853,-0.35092745113025897,0.0010520542998551361,-0.0005404546149450336,-0.6683796008998834,0.32219213359654686
0,0,1,0.35,0.85,0.85,-0.024828120400615723,0.43350702743908504,-0.029981405863249884,0.6525370068144191,1.0,1.150011637335056,1.097074809008395,1.8610223108267934,1.5857501131832739,1.0999771460784997,-0.22047898899225638,1.0061082012362734,1.0085030342189345,2.0571362381929683,1.0088752031886585,-0.40211946838032797,-0.15521715259764146,1.108368865181518,0.21126359558906138,0.64140494378253,4.0,4.0,4.0,4.0,5.0,5.0,4.0,5.0,4.0,4.0,4.0,5.0,5.0,6.0,5.0,6.0,7.0,4.0,3.0,3.0,3.0,5.0,5.0,2.0,3.0,4.0,4.0,6.0,6.0,6.0,4.0,5.0,6.0,5.0,4.0,5.0,4.0,3.0,5.0,4.0,4.0,4.0,6.0,4.0,6.0,3.0,4.0,5.0,4.0,4.0,4.0,0.0063528612731553755,0.6588002390033019,0.24933588122174866,1.3538446071040464,1.5290643850274006,-0.5045188738320073,-0.5068868537790432,1.3450706483086448,1.2750492825208382,0.6629154631685762,-0.013699870464544755,0.0010520542998551361,1.3830233596432395,-0.008760565316343828,-0.014740816569775791
1,0,1,0.35,0.85,0.85,-1.410386709456346,1.1177564089297516,-0.3927259891637645,-0.4895470630151669,1.0,1.529033824658536,0.4943896461190693,2.431392140204731,0.7032061945118673,-0.620121437613062,-0.7583304522051806,1.928183779939809,0.98955065827674,1.6146136052286304,0.5102549279088908,-0.2621789289024161,-0.7809918560589347,0.45050098736445493,-1.0510760300713213,0.14397048508596477,5.0,4.0,5.0,4.0,5.0,5.0,4.0,5.0,5.0,4.0,4.0,4.0,5.0,3.0,4.0,4.0,4.0,3.0,4.0,4.0,4.0,4.0,6.0,5.0,6.0,5.0,4.0,6.0,5.0,6.0,6.0,4.0,5.0,4.0,6.0,6.0,4.0,5.0,4.0,3.0,4.0,4.0,3.0,3.0,5.0,3.0,4.0,3.0,4.0,4.0,5.0,0.5145817631255781,0.6588002390033019,0.501429031272174,-0.003180527659602121,-0.2515980649135284,0.005176594601275346,1.489467524181496,1.0099810356509835,1.2750492825208382,1.3279090312373663,0.32352771020116905,-0.3356053216536642,-0.3464314081794914,-0.6683796008998834,0.32219213359654686
0,0,1,0.35,0.85,0.85,-1.4856688108994145,1.3066875210028497,0.7772663956188814,1.461598598580435,-1.0,0.18543907194176637,-0.12429111757214606,1.9497420847356794,-0.24020598965486112,-1.4395721513508821,0.4642596531888843,-0.18300585459043534,-0.5620864520323553,-0.42029961547850064,-0.8181891578054534,-0.539367525160186,-0.7125586069542498,-0.7441944253344359,0.17589725363562353,-0.2467995443068935,4.0,4.0,4.0,4.0,4.0,3.0,4.0,4.0,4.0,6.0,5.0,1.0,3.0,3.0,2.0,2.0,3.0,3.0,4.0,4.0,5.0,4.0,3.0,2.0,2.0,3.0,3.0,2.0,2.0,4.0,3.0,3.0,3.0,2.0,2.0,2.0,3.0,3.0,3.0,4.0,3.0,5.0,2.0,3.0,4.0,4.0,5.0,4.0,3.0,4.0,4.0,0.0063528612731553755,-0.3348340570582378,0.7535221813225994,-1.699461946114163,-1.5234998148713348,0.2600243288179167,-1.505064042759313,-1.6707358656103095,-0.7618469191973182,-1.997058809106587,-1.025382612461687,0.0010520542998551361,-1.0382133153085837,0.3210489524754257,-0.3516737667360989
0,0,0,0.35,0.85,0.85,-0.2191416694072059,0.37704771618638994,0.3129819364561455,0.2893246363686735,-1.0,0.02539616109678931,0.9574369190245706,3.7125047089196057,0.8588228734402462,-0.9132789577715615,-0.883535160989468,1.3005111353681318,0.6998405631427916,2.3401022928020234,0.39072471588328794,-0.3102004046104414,0.8987112391048857,-0.5991884942496599,-1.5204595852084584,0.8881797571609465,3.0,4.0,5.0,3.0,5.0,4.0,3.0,6.0,6.0,5.0,5.0,4.0,4.0,5.0,3.0,4.0,3.0,3.0,3.0,4.0,5.0,2.0,5.0,5.0,5.0,5.0,5.0,5.0,4.0,5.0,5.0,7.0,5.0,4.0,5.0,4.0,4.0,4.0,3.0,4.0,6.0,5.0,2.0,3.0,4.0,1.0,3.0,2.0,4.0,4.0,5.0,-0.24776158965305603,-0.003622625037724597,1.5098016314738754,0.3360757560313098,-0.760358764896651,-0.5045188738320073,0.9903789296913613,0.6748914229933222,1.5296613077356076,0.3304186791341802,-0.35092745113025897,1.0110241821604127,-1.0382133153085837,-1.9876176720669627,0.32219213359654686
1,0,1,0.35,0.85,0.85,-0.6995721712586508,-0.21255981536850538,-1.187667931612292,1.3291578074045645,-1.0,0.17301654697494007,1.1640306372258284,1.8626997062084505,-1.8111230316901297,-0.20333907148787256,0.5960633451848603,0.3350833456953599,0.8860548898935682,-0.2954748616906603,0.4760499931135316,1.0172967483100002,-0.35413359867089456,-0.5983264028999489,1.1646245820249856,0.17093498517403147,3.0,4.0,5.0,3.0,5.0,5.0,4.0,5.0,5.0,5.0,5.0,2.0,2.0,3.0,3.0,3.0,3.0,3.0,5.0,5.0,5.0,4.0,4.0,4.0,4.0,3.0,3.0,4.0,5.0,3.0,4.0,4.0,3.0,4.0,5.0,5.0,7.0,5.0,4.0,4.0,3.0,4.0,5.0,4.0,3.0,7.0,6.0,5.0,3.0,4.0,6.0,-0.24776158965305603,0.6588002390033019,1.0056153313730247,-1.699461946114163,-1.0147391148882123,0.7697197972511993,-0.25734255653397575,0.004712197677998546,-0.5072348939825487,0.6629154631685762,1.3352104521983112,-0.3356053216536642,-0.0005404546149450336,1.9700965414342753,0.32219213359654686
0,0,1,0.35,0.85,0.85,0.24617813180670312,-1.6378634143430213,1.5163554439751428,0.034370574660346945,-1.0,0.11879158923705621,-0.25064370011376275,0.9226608045687236,-0.26986078120729484,-1.7589580005815266,-1.554949332709753,-0.32031504880236117,1.2633809202951711,0.10195472575666753,0.13770420065093641,-0.17280506138863105,0.23344583416590492,0.6904016852287067,-1.3717131823979405,-0.8509420141865605,3.0,4.0,5.0,3.0,3.0,3.0,4.0,3.0,3.0,4.0,4.0,3.0,4.0,2.0,2.0,3.0,2.0,2.0,2.0,3.0,2.0,2.0,2.0,2.0,2.0,2.0,5.0,6.0,5.0,3.0,3.0,3.0,4.0,4.0,5.0,5.0,4.0,4.0,4.0,5.0,3.0,4.0,4.0,4.0,4.0,3.0,3.0,3.0,4.0,3.0,3.0,-0.24776158965305603,-0.6660454890787506,-0.5069435689295274,-1.0209493787323387,-1.7778801648628961,-1.778757544915214,-2.004152637249448,1.3450706483086448,-0.7618469191973182,0.6629154631685762,-0.013699870464544755,0.0010520542998551361,-0.0005404546149450336,-0.9981891186916533,-0.6886067169024216
1,1,1,0.35,0.85,0.85,0.7712731993898301,0.521583436150386,0.148773026917087,-0.4566176655423816,-1.0,0.6667826135755237,-0.037465902905663206,1.2997369496307845,-0.3391465301573938,-0.8281458350624212,0.5734415425255095,-0.2721140666889368,-0.26822500027890545,0.5890990754733904,-0.6286530950139996,-0.22726079082650646,-1.5714015136965738,-1.7624840675601814,-0.37107774216911493,-0.3640524722525653,3.0,3.0,3.0,4.0,5.0,3.0,3.0,4.0,3.0,3.0,3.0,3.0,3.0,3.0,4.0,2.0,2.0,1.0,3.0,3.0,4.0,3.0,3.0,2.0,3.0,2.0,4.0,3.0,2.0,4.0,3.0,4.0,3.0,3.0,2.0,3.0,3.0,5.0,3.0,3.0,2.0,2.0,3.0,3.0,2.0,4.0,5.0,3.0,3.0,3.0,2.0,-0.7559904915054788,-0.3348340570582378,-0.7590367189799527,-1.0209493787323387,-1.7778801648628961,-0.7593666080486486,-1.505064042759313,-1.0005566402949864,-0.5072348939825487,-1.3320652410377964,-0.35092745113025897,-1.6822348254677406,-1.38410426887313,-0.008760565316343828,-1.3624726172350679
1,0,0,0.35,0.85,0.85,1.265177660658018,-1.408930089529436,0.6370501365279629,-1.1707888254812093,-1.0,-0.47269333239536815,0.5015125756638141,1.1635760494351253,0.682454422523381,0.49246232448652,1.787227184585702,0.0438279569084085,1.5678704951781641,-0.8076558354958834,-1.4628702851971318,-0.3936281260796384,-0.722915936222138,-0.36806023873964133,1.7683367678461765,-0.6201068301272643,3.0,3.0,3.0,4.0,5.0,5.0,4.0,3.0,3.0,2.0,2.0,3.0,3.0,4.0,3.0,4.0,3.0,3.0,6.0,5.0,6.0,5.0,3.0,2.0,2.0,4.0,5.0,5.0,4.0,2.0,1.0,3.0,2.0,1.0,1.0,3.0,2.0,3.0,3.0,3.0,3.0,3.0,4.0,2.0,2.0,5.0,6.0,5.0,3.0,2.0,5.0,-0.7559904915054788,0.6588002390033019,-1.515316169131229,-0.6816930950414264,-0.760358764896651,1.5342629999011235,-1.2555197455142455,0.6748914229933222,-2.034907045271166,-2.329555593140982,-1.3626101931274013,-1.0089200735607025,-1.38410426887313,1.3104775058507352,-0.6886067169024216
0,0,0,0.35,0.85,0.85,0.11011312161507104,0.1393062061039551,0.3185496678179063,0.16783971705492007,-1.0,-0.8219101668245468,-0.25813226610576057,0.5917660732343007,0.9606485342750993,0.8977918407123988,1.0480646422069904,0.44471001726560433,0.2856610096324461,-0.4416743123723993,0.6153336910618166,-1.0956758317707216,-0.9051802659204088,0.37704200916186104,-0.5553899572329194,-1.0449107774449657,2.0,4.0,2.0,4.0,3.0,2.0,2.0,3.0,3.0,2.0,2.0,5.0,3.0,4.0,5.0,6.0,5.0,5.0,5.0,4.0,3.0,4.0,2.0,3.0,4.0,3.0,4.0,3.0,4.0,2.0,2.0,3.0,3.0,4.0,3.0,4.0,3.0,3.0,3.0,4.0,3.0,3.0,4.0,5.0,4.0,3.0,3.0,3.0,3.0,3.0,2.0,-1.0101049424316901,-1.6596797851402898,-1.515316169131229,-0.003180527659602121,1.2746840350358393,0.005176594601275346,-1.005975448269178,-0.3303774149796632,-1.5256829948416268,-0.33457488893461035,-1.025382612461687,-0.672262697607183,0.3453504989496009,-0.9981891186916533,-1.3624726172350679
0,0,1,0.35,0.85,0.85,1.8619916944354187,-1.4498856850808828,-0.4123471171777458,-1.3724946764901889,1.0,0.26201819526195114,-1.879107172209653,1.150899260740058,0.8874661374013875,-0.11936485936818181,-0.465053388100618,0.1246822002704574,0.4215463816709544,0.5349700977864851,-1.2971244899628587,0.3477003086852557,0.44646151585340105,-0.34862252971343854,0.490788002312199,-0.4596470419664923,3.0,5.0,3.0,5.0,2.0,1.0,3.0,4.0,4.0,2.0,3.0,4.0,5.0,4.0,5.0,5.0,3.0,3.0,4.0,4.0,3.0,3.0,4.0,3.0,3.0,3.0,4.0,3.0,5.0,3.0,4.0,2.0,4.0,2.0,2.0,3.0,4.0,4.0,5.0,4.0,4.0,5.0,4.0,5.0,5.0,5.0,4.0,6.0,4.0,3.0,3.0,0.0063528612731553755,-1.990891217160803,-0.7590367189799527,0.3360757560313098,0.002782285078032882,-0.5045188738320073,-0.7564311510241106,0.004712197677998546,-0.7618469191973182,-1.6645620250721915,0.32352771020116905,0.337709430253374,0.6912414525141477,0.9806679880589657,-0.6886067169024216
0,1,1,0.35,0.85,0.85,0.9479956294522379,-0.23777310618815073,0.9654792992181905,-0.5969170241293553,-1.0,0.8909361480930078,-0.24104007392344817,1.3327183019178381,-0.2953098531045736,0.21922796232183284,0.7926081376137092,0.35668527952378426,-1.5092322499691164,0.3822840766014317,0.4067482202907901,-0.14403324817375493,-1.4447911507986821,0.6191556535908158,0.5274787178606642,2.048057461023366,5.0,5.0,5.0,5.0,2.0,2.0,4.0,3.0,3.0,3.0,4.0,3.0,3.0,4.0,5.0,3.0,5.0,4.0,6.0,4.0,6.0,4.0,4.0,3.0,3.0,5.0,3.0,2.0,3.0,3.0,4.0,4.0,4.0,5.0,5.0,5.0,3.0,3.0,4.0,2.0,3.0,3.0,3.0,4.0,4.0,4.0,5.0,4.0,5.0,6.0,6.0,1.0228106649780009,-1.328468353119777,-0.7590367189799527,-0.6816930950414264,0.25716263506959414,1.0245675314678406,-0.25734255653397575,-1.335646252952648,-0.2526228687677792,0.9954122472029713,-0.6881550317959728,-1.3455774495142216,-0.3464314081794914,0.3210489524754257,1.6699239342618393
0,0,1,0.35,0.85,0.85,1.5745865286497673,-0.13224094111269805,-0.06929614783636875,1.161686733487912,1.0,0.08989678136061019,0.13605232909274345,2.323615608351761,0.6080002810205711,0.689678243955762,0.7139878186712728,1.6175980331140472,0.4572874874966285,0.16020071751331022,0.23431038619278372,-0.42979091725120183,0.14698587105995753,1.0812081982347843,-1.3769882580808988,-0.6061246563718576,3.0,4.0,3.0,4.0,3.0,3.0,3.0,5.0,5.0,5.0,5.0,3.0,4.0,3.0,5.0,6.0,5.0,4.0,4.0,4.0,4.0,4.0,5.0,5.0,4.0,5.0,3.0,4.0,4.0,4.0,4.0,3.0,4.0,5.0,3.0,4.0,4.0,4.0,3.0,4.0,4.0,4.0,4.0,4.0,5.0,2.0,2.0,1.0,2.0,3.0,3.0,-0.5018760405792674,-0.9972569210992638,1.0056153313730247,-0.6816930950414264,1.020303685044278,0.005176594601275346,0.7408346324462939,-0.3303774149796632,-0.2526228687677792,-0.002078104900214853,-0.35092745113025897,0.0010520542998551361,0.3453504989496009,-2.317427189858732,-1.3624726172350679
0,0,1,0.35,0.85,0.85,-2.536466539725964,-0.11941516459597523,0.2232912665467773,-0.3226684486993138,-1.0,1.8424837518456236,0.935595761707341,1.932783158864238,0.39175158189439113,-1.7931032477111237,-1.3514028132713736,2.891413059327042,0.4323725396370527,0.08886767746753677,1.4545995721849392,0.07818770771612815,0.1067616896048682,1.552248759442824,-0.8586354331356066,2.9202429693621115,6.0,5.0,5.0,4.0,4.0,4.0,4.0,4.0,3.0,4.0,3.0,3.0,2.0,3.0,1.0,1.0,2.0,2.0,3.0,2.0,2.0,3.0,7.0,5.0,5.0,6.0,4.0,3.0,4.0,4.0,5.0,3.0,3.0,5.0,5.0,5.0,4.0,2.0,4.0,5.0,4.0,3.0,6.0,7.0,5.0,2.0,4.0,3.0,7.0,7.0,5.0,1.0228106649780009,-0.003622625037724597,-0.5069435689295274,-1.360205662423251,-2.54102121483758,-1.5239098106985727,1.7390118214265635,-0.3303774149796632,-0.2526228687677792,0.9954122472029713,-0.6881550317959728,0.0010520542998551361,2.0748052667723322,-0.9981891186916533,2.3437898345944848
0,0,0,0.35,0.85,0.85,0.8160433114526239,-0.6695363125073253,-1.2156839554605852,0.33423166723198,1.0,1.1110893906965373,1.036193628151868,3.11623790250516,1.8028657679543412,0.870917506008242,0.7556602447954845,1.1257952274347125,0.6520422785438571,1.184212190464224,-0.013397837613716823,-0.41764381543697093,0.18296843965950071,-0.9791934268508583,-0.7665496432410248,0.19083145939078971,5.0,5.0,4.0,6.0,5.0,5.0,5.0,6.0,6.0,5.0,5.0,5.0,4.0,6.0,4.0,5.0,3.0,5.0,5.0,5.0,5.0,4.0,4.0,4.0,6.0,4.0,5.0,4.0,3.0,5.0,5.0,5.0,5.0,3.0,4.0,3.0,3.0,4.0,3.0,5.0,5.0,3.0,4.0,3.0,3.0,5.0,4.0,4.0,4.0,4.0,5.0,1.0228106649780009,0.9900116710238146,1.5098016314738754,1.0145883234131345,0.25716263506959414,0.7697197972511993,0.4912903352012265,0.004712197677998546,1.0204372573060685,-0.6670716729690054,-0.6881550317959728,0.337709430253374,-0.6923223617440373,0.3210489524754257,0.32219213359654686
1,1,1,0.35,0.85,0.85,-0.5926718616395826,-0.5333827925024988,0.3809293858925807,-1.5835903190065732,-1.0,2.078964008661409,0.13712416867524685,2.0519383664079665,0.07787811505713005,-1.7741013279623297,0.37696395297470386,0.5558246373013881,0.1710033960974654,1.8168825830326207,0.6874449623090841,-0.5475807952896691,-1.6309639280328794,0.40138879598187166,0.9040468941379994,0.32047692432898645,5.0,5.0,5.0,5.0,3.0,3.0,5.0,5.0,5.0,5.0,4.0,3.0,4.0,3.0,2.0,3.0,2.0,2.0,5.0,4.0,5.0,4.0,3.0,4.0,4.0,3.0,4.0,5.0,4.0,4.0,5.0,6.0,6.0,5.0,4.0,4.0,4.0,3.0,3.0,2.0,2.0,1.0,4.0,5.0,5.0,4.0,3.0,4.0,5.0,3.0,4.0,1.0228106649780009,-0.3348340570582378,0.7535221813225994,-0.6816930950414264,-1.7778801648628961,0.514872063034558,-0.5068868537790432,0.33980181033565987,1.2750492825208382,0.3304186791341802,-0.6881550317959728,-2.3555495773747794,0.6912414525141477,-0.3385700831081138,-0.014740816569775791
1,1,1,0.35,0.85,0.85,-1.0860912694679918,-1.1057010804695688,0.14201918732189167,1.1319927881911764,1.0,0.2534860584051395,0.7759165827239632,2.131505442470866,1.971937140817928,0.01489445150339419,0.86297139466064,0.96697862287492,-1.1002131736978855,0.9804973179320775,1.0636029365736417,1.51458172643368,0.9930141793223094,1.1952573420522203,-1.752636949181916,0.03505249276289739,5.0,3.0,5.0,4.0,5.0,4.0,4.0,4.0,5.0,6.0,6.0,5.0,5.0,3.0,5.0,4.0,4.0,3.0,5.0,4.0,6.0,4.0,5.0,4.0,3.0,6.0,1.0,2.0,3.0,5.0,5.0,6.0,4.0,5.0,5.0,5.0,7.0,5.0,5.0,4.0,5.0,5.0,6.0,6.0,6.0,3.0,2.0,3.0,4.0,5.0,5.0,0.26046731219936675,0.3275888069827882,1.25770848142345,0.3360757560313098,0.002782285078032882,0.7697197972511993,0.4912903352012265,-2.005825478267971,1.0204372573060685,0.9954122472029713,1.672438032864026,0.6743668062068938,2.0748052667723322,-1.3279986364834233,0.6591250837628704
0,0,1,0.35,0.85,0.85,0.8163714786081105,-1.088441134918045,0.5181717300172373,0.22919588159496745,-1.0,-0.6132952850274728,-0.9736623532339879,2.3739486173867403,-0.7672017596719216,-0.4612239716363885,0.9033077942715545,-1.3620586805019916,-1.6728227528576254,-1.052534482841052,-1.3776399181559986,1.4044290447272243,-1.424242125094375,-1.1237717894343127,0.3490194139717978,1.7786771574376985,2.0,4.0,3.0,4.0,2.0,2.0,2.0,5.0,4.0,4.0,5.0,3.0,3.0,3.0,3.0,4.0,3.0,4.0,5.0,6.0,5.0,4.0,1.0,2.0,2.0,2.0,1.0,2.0,2.0,4.0,2.0,2.0,3.0,2.0,3.0,2.0,6.0,5.0,6.0,3.0,3.0,2.0,3.0,2.0,3.0,4.0,5.0,3.0,5.0,6.0,6.0,-0.7559904915054788,-1.990891217160803,0.501429031272174,-1.0209493787323387,-0.5059784149050897,1.0245675314678406,-2.2536969344945152,-2.3409150909256327,-1.2710709696268574,-1.6645620250721915,1.672438032864026,-1.3455774495142216,-1.38410426887313,-0.008760565316343828,1.6699239342618393
0,0,1,0.35,0.85,0.85,0.15430799027078315,-0.3950523576176136,0.13012350155236438,-1.083067064617254,1.0,0.3978738557425915,0.7913208612543273,0.9959397304573187,-0.6075953605376699,0.08195147064603647,-0.037596897785587946,1.6231283575606152,-0.7477838407459043,1.2970833336913468,-0.06928011613690765,0.2783082930629211,0.9266537861005968,1.5015133667699072,-0.022228081520345666,0.5533005507207337,5.0,5.0,3.0,4.0,4.0,4.0,5.0,4.0,3.0,3.0,3.0,4.0,3.0,3.0,4.0,4.0,6.0,3.0,3.0,3.0,4.0,5.0,4.0,6.0,6.0,6.0,3.0,4.0,2.0,5.0,4.0,3.0,4.0,4.0,3.0,3.0,6.0,4.0,4.0,6.0,5.0,5.0,5.0,5.0,4.0,4.0,4.0,4.0,4.0,4.0,3.0,0.26046731219936675,0.3275888069827882,-0.7590367189799527,-0.6816930950414264,0.25716263506959414,-0.249671139615366,1.489467524181496,-1.0005566402949864,0.001989156446990387,-0.6670716729690054,0.6607552908668837,1.3476815581139316,0.6912414525141477,-0.008760565316343828,-0.3516737667360989
0,1,1,0.35,0.85,0.85,-0.8409440251231005,0.8206461409126089,0.6015814167567759,-2.0576127168810645,-1.0,0.47651416623666343,-0.27126950296619556,-0.12363940122021955,-1.3082520571661806,-0.7958923390495035,1.0492400470476437,-1.3930374857707086,0.3778725802125871,-0.5248634032832532,1.1870395114955452,0.670558886663875,-0.8247394337066194,-1.6442594006792988,1.6075768861962267,1.2056591429670738,5.0,5.0,5.0,4.0,3.0,4.0,3.0,2.0,2.0,3.0,4.0,3.0,3.0,3.0,2.0,3.0,3.0,3.0,5.0,4.0,5.0,5.0,2.0,2.0,2.0,2.0,4.0,4.0,3.0,4.0,4.0,3.0,2.0,5.0,6.0,5.0,4.0,5.0,6.0,3.0,4.0,4.0,3.0,2.0,4.0,5.0,6.0,5.0,5.0,6.0,4.0,0.7686962140517896,-0.6660454890787506,-1.2632230190808036,-1.0209493787323387,-1.2691194648797735,0.7697197972511993,-2.004152637249448,-0.3303774149796632,-0.7618469191973182,1.3279090312373663,0.9979828715325975,-0.3356053216536642,-1.0382133153085837,1.3104775058507352,0.9960580339291931
1,1,0,0.35,0.85,0.85,-0.09089693752832444,-0.11610254807631447,-1.1429757514870194,-1.4766337278518353,-1.0,1.226123526042915,0.09768289428780083,2.727197171856633,0.8635507271214733,0.7317469421413901,0.38808213632849115,-0.02868161834669747,-0.451945273890123,0.5363101738259408,-0.9187962426851115,0.0772216697559824,-2.0449626846752085,-1.229122319543525,2.5572465851210784,-0.1542608572560089,3.0,5.0,5.0,4.0,4.0,4.0,4.0,5.0,5.0,5.0,4.0,2.0,3.0,4.0,5.0,5.0,4.0,5.0,5.0,5.0,4.0,4.0,3.0,4.0,4.0,3.0,3.0,2.0,4.0,4.0,4.0,4.0,5.0,3.0,3.0,3.0,2.0,4.0,4.0,2.0,2.0,2.0,2.0,5.0,4.0,6.0,7.0,7.0,4.0,4.0,4.0,0.26046731219936675,-0.003622625037724597,0.7535221813225994,-1.0209493787323387,0.7659233350527167,0.514872063034558,-0.5068868537790432,-1.0005566402949864,0.25660118166175994,-0.9995684570034009,-0.6881550317959728,-2.01889220142126,-0.3464314081794914,2.629715577017815,-0.014740816569775791
0,1,1,0.35,0.85,0.85,-0.18965930549931864,0.9502537357517475,-0.6782893128428663,0.20909327527642108,-1.0,-0.5030880261842674,0.5156606679006996,1.9651369863315273,1.4044581273311314,0.9747685976914173,0.6497164656630425,-0.052805355602114745,0.5900155472846761,0.4693671049125332,-0.31555549213255984,0.15352517604440732,-0.4085691183813446,-1.0941821292526703,-0.6236292597806998,-0.5200388719859852,3.0,2.0,4.0,3.0,5.0,4.0,3.0,4.0,5.0,5.0,3.0,5.0,5.0,4.0,5.0,5.0,5.0,5.0,5.0,4.0,4.0,5.0,3.0,3.0,3.0,3.0,4.0,5.0,6.0,3.0,3.0,5.0,4.0,3.0,1.0,3.0,4.0,5.0,4.0,3.0,3.0,3.0,2.0,4.0,2.0,3.0,2.0,4.0,4.0,3.0,3.0,-1.0101049424316901,-0.003622625037724597,0.24933588122174866,0.6753320397222226,1.020303685044278,0.514872063034558,-1.005975448269178,1.0099810356509835,-0.2526228687677792,-1.6645620250721915,0.32352771020116905,-1.0089200735607025,-1.38410426887313,-0.9981891186916533,-0.6886067169024216
0,1,0,0.35,0.85,0.85,-0.25502849418528833,-0.9987057120725301,-0.07382986132682817,-0.5265431221083265,1.0,-0.3890773026368684,0.6804951818601748,1.5810991417547255,2.258186875292258,1.4243744094202377,-0.09718626588589496,0.8803348276585286,0.26440841553726924,0.8002890754987655,0.06886339997100605,-0.6933567568422687,-1.5767582098925035,-0.22049422622510936,2.243198749152009,1.155319383364329,3.0,3.0,3.0,2.0,3.0,3.0,3.0,4.0,3.0,4.0,4.0,5.0,6.0,4.0,6.0,5.0,5.0,5.0,3.0,3.0,4.0,3.0,4.0,4.0,3.0,3.0,5.0,4.0,5.0,5.0,5.0,5.0,3.0,2.0,4.0,5.0,4.0,4.0,3.0,2.0,2.0,2.0,4.0,2.0,3.0,5.0,6.0,5.0,6.0,5.0,7.0,-1.2642193933579016,-0.9972569210992638,-0.25485041887910204,1.0145883234131345,1.2746840350358393,-0.7593666080486486,-0.5068868537790432,0.6748914229933222,0.5112132068765295,-0.33457488893461035,-0.35092745113025897,-2.01889220142126,-1.0382133153085837,1.3104775058507352,2.006856884428162
0,1,0,0.35,0.85,0.85,0.08213564687186896,1.2466362746217157,-1.7808211373732545,0.5702172732257426,1.0,0.002059100882407572,1.6229903906536172,1.0522838349056558,0.7816037468090582,1.262589923559863,-0.6082074891875147,1.1292286639233629,-0.5063044885601345,1.7083011366939684,0.9307151565570434,-1.738347634970303,0.4448158518918827,-1.853909087231127,-0.6527513088355339,1.6270325786525974,3.0,4.0,4.0,3.0,6.0,5.0,6.0,4.0,3.0,4.0,3.0,4.0,4.0,4.0,5.0,4.0,5.0,7.0,3.0,4.0,2.0,3.0,5.0,4.0,6.0,5.0,3.0,3.0,4.0,5.0,7.0,6.0,5.0,5.0,5.0,6.0,3.0,3.0,2.0,4.0,5.0,4.0,1.0,3.0,2.0,3.0,3.0,3.0,5.0,6.0,6.0,-0.5018760405792674,1.652434535064841,-0.5069435689295274,-0.003180527659602121,1.2746840350358393,-1.01421434226529,0.9903789296913613,-0.6654670276373246,1.784273332950377,1.3279090312373663,-1.3626101931274013,0.337709430253374,-2.0758861760022222,-0.9981891186916533,1.6699239342618393
1,0,0,0.35,0.85,0.85,-1.3538355328109508,-0.6518652457687062,-0.5434622346304426,1.7451503998712636,1.0,0.8273901940386161,0.5943780531434666,1.5730280330229867,2.738929464373375,0.04228166898731492,-0.4369547295681263,1.6774833322153353,1.7700561860231634,1.3086080069899328,0.545190738349079,-2.222768016348773,1.0038555182684519,0.2341572467865778,-0.8406674555848355,1.0511326420928162,5.0,4.0,5.0,4.0,4.0,4.0,5.0,4.0,4.0,3.0,5.0,6.0,5.0,4.0,4.0,4.0,3.0,4.0,3.0,3.0,3.0,3.0,5.0,6.0,4.0,7.0,6.0,6.0,5.0,5.0,5.0,6.0,5.0,4.0,4.0,3.0,3.0,1.0,2.0,5.0,5.0,5.0,5.0,4.0,6.0,3.0,3.0,4.0,5.0,5.0,5.0,0.5145817631255781,0.3275888069827882,-0.0027572688286767065,1.0145883234131345,-0.2515980649135284,-1.01421434226529,1.489467524181496,1.680160260966307,1.2750492825208382,-0.33457488893461035,-2.037065354458829,1.0110241821604127,1.0371324060786937,-0.6683796008998834,0.9960580339291931
0,0,0,0.35,0.85,0.85,-0.8489712304969171,0.560763078400551,0.05676882739226704,-1.256699835339284,1.0,-0.10470285455064118,-1.4854767199409171,1.0484006840661193,0.8008763145109075,1.451601800818756,0.8938005319509267,-0.12740735542983928,-0.3708438583998157,0.3337170316712783,0.4954533132591967,1.7260880245953114,-0.9152617353170791,-0.9865504260118532,0.6174580277305002,0.4678805407902335,4.0,2.0,3.0,3.0,2.0,2.0,2.0,3.0,4.0,3.0,4.0,4.0,4.0,5.0,6.0,6.0,5.0,4.0,6.0,6.0,5.0,4.0,3.0,3.0,3.0,5.0,3.0,3.0,3.0,4.0,4.0,4.0,4.0,5.0,4.0,5.0,6.0,6.0,5.0,3.0,4.0,2.0,3.0,2.0,3.0,5.0,5.0,3.0,4.0,3.0,4.0,-1.0101049424316901,-1.990891217160803,-0.5069435689295274,0.3360757560313098,1.2746840350358393,1.279415265684482,-0.5068868537790432,-1.0005566402949864,0.001989156446990387,0.6629154631685762,1.672438032864026,-1.0089200735607025,-1.38410426887313,0.3210489524754257,-0.3516737667360989
1,0,0,0.35,0.85,0.85,-2.1007216640930317,-0.1204141913509354,0.4747562452578082,0.21758953727905458,-1.0,2.3950086514849445,0.9091826865008269,2.820882861197426,0.9252103421849146,-1.8932669861229998,-0.9629761069560793,0.9474611410623618,0.8316686625532466,0.4539136178968165,1.1417184541093426,-0.4472217271523033,-0.5117023541397523,1.384014364510393,-0.2340404328288544,0.3272132856866229,6.0,7.0,6.0,5.0,5.0,5.0,4.0,6.0,6.0,4.0,5.0,5.0,5.0,4.0,2.0,3.0,2.0,4.0,3.0,4.0,4.0,3.0,4.0,4.0,3.0,4.0,5.0,3.0,5.0,4.0,3.0,4.0,4.0,5.0,5.0,4.0,4.0,3.0,4.0,4.0,3.0,5.0,5.0,6.0,5.0,5.0,4.0,4.0,5.0,5.0,5.0,2.0392684686828466,0.6588002390033019,1.25770848142345,0.6753320397222226,-1.2691194648797735,-0.5045188738320073,-0.25734255653397575,0.33980181033565987,-0.2526228687677792,0.6629154631685762,-0.35092745113025897,0.0010520542998551361,1.3830233596432395,0.3210489524754257,0.9960580339291931
1,0,0,0.35,0.85,0.85,-0.36780390874105406,0.43965106046694247,-0.3565193024012981,1.3117720133365458,1.0,0.335626670287785,1.0638339747619163,2.149975370021511,1.842052819092286,-1.187481336870016,0.5389877512175048,2.2114639199414077,0.48530017152679616,-0.12264040969875711,0.5565135369938597,-1.7570029673093481,1.5776602548184426,0.7027023086550958,-1.4858219790028286,-0.06682051164574485,3.0,3.0,4.0,4.0,5.0,5.0,4.0,5.0,3.0,4.0,3.0,5.0,7.0,5.0,2.0,3.0,4.0,3.0,5.0,5.0,4.0,5.0,7.0,6.0,6.0,6.0,4.0,3.0,5.0,4.0,5.0,4.0,4.0,4.0,3.0,6.0,2.0,2.0,3.0,5.0,6.0,6.0,4.0,5.0,4.0,2.0,3.0,3.0,3.0,6.0,4.0,-0.5018760405792674,0.6588002390033019,-0.25485041887910204,1.6931008907949592,-1.0147391148882123,0.7697197972511993,2.2381004159166986,0.004712197677998546,0.25660118166175994,0.3304186791341802,-1.699837773793115,1.6843389340674513,0.3453504989496009,-1.3279986364834233,0.32219213359654686
1,0,1,0.35,0.85,0.85,0.423294096110858,-1.145680640733968,-0.29633956171003695,-0.4465131718448821,-1.0,1.264016457462091,-0.43432585938628665,1.5119591738042706,-0.00557246283289442,-1.539221584307584,-1.346475674275495,0.6076777691693775,0.09958030655167516,-0.11462529346930495,-0.15362952064406543,-0.3491150643744985,0.4355276431381841,-0.31022604637126044,-1.3891033603307565,-0.6508576378408365,4.0,5.0,4.0,5.0,2.0,3.0,3.0,4.0,4.0,3.0,4.0,2.0,2.0,3.0,2.0,2.0,3.0,3.0,2.0,2.0,2.0,2.0,3.0,3.0,2.0,1.0,5.0,3.0,2.0,3.0,2.0,3.0,3.0,5.0,3.0,4.0,3.0,4.0,4.0,4.0,5.0,6.0,4.0,4.0,4.0,3.0,4.0,4.0,2.0,4.0,3.0,0.5145817631255781,-1.328468353119777,-0.25485041887910204,-1.699461946114163,-1.5234998148713348,-2.0336052791318555,-1.7546083400043804,-0.6654670276373246,-1.2710709696268574,-0.002078104900214853,-0.35092745113025897,1.0110241821604127,-0.0005404546149450336,-0.3385700831081138,-1.0255396670687447
0,1,1,0.35,0.85,0.85,-1.4340953416002356,0.29681538516109096,-1.396590537560058,-1.2308740976957075,-1.0,-0.37939178439277177,-0.1553863948658396,1.8087225622677698,0.1967851728250918,-0.9517829940491215,1.2132688565581802,-0.37792715096055524,-0.047916133018143514,-0.7242742983362738,-0.4131781561003311,0.4460225331618214,0.1169259244927543,1.362848186365943,0.5545002512225472,-0.9220426052144925,2.0,4.0,2.0,2.0,4.0,3.0,3.0,4.0,4.0,3.0,4.0,3.0,3.0,3.0,4.0,3.0,1.0,3.0,3.0,4.0,6.0,5.0,3.0,3.0,3.0,4.0,3.0,5.0,3.0,3.0,3.0,3.0,4.0,2.0,4.0,2.0,5.0,5.0,5.0,5.0,4.0,3.0,5.0,5.0,5.0,2.0,6.0,4.0,4.0,3.0,3.0,-1.518333844284113,-0.6660454890787506,-0.25485041887910204,-1.0209493787323387,-1.2691194648797735,0.514872063034558,-0.7564311510241106,-0.3303774149796632,-0.7618469191973182,-1.3320652410377964,0.9979828715325975,0.0010520542998551361,1.0371324060786937,-0.008760565316343828,-0.6886067169024216
1,1,1,0.35,0.85,0.85,-0.7065055829889018,0.5085090029382651,0.7073824586419232,0.7129382144530737,-1.0,0.463399319896468,1.5555986181041583,2.0625820669091937,0.5023372790888708,-0.07781491564788467,0.39199716279535135,1.4275313092049682,0.551377977238856,-0.3615107854492693,1.365330678085852,0.5200380420913165,0.01724320323686196,-0.34008121366241617,-0.13806407761272477,-2.275223193778836,4.0,4.0,3.0,4.0,5.0,5.0,4.0,4.0,5.0,6.0,4.0,4.0,4.0,5.0,4.0,4.0,4.0,5.0,5.0,4.0,4.0,5.0,4.0,4.0,3.0,4.0,5.0,4.0,6.0,4.0,5.0,2.0,2.0,4.0,6.0,5.0,5.0,4.0,5.0,5.0,4.0,3.0,2.0,3.0,4.0,4.0,3.0,3.0,1.0,2.0,2.0,-0.24776158965305603,0.6588002390033019,0.7535221813225994,0.3360757560313098,0.25716263506959414,0.514872063034558,-0.25734255653397575,1.0099810356509835,-0.7618469191973182,0.9954122472029713,0.6607552908668837,0.0010520542998551361,-1.0382133153085837,-0.6683796008998834,-2.3732714677340363
0,1,0,0.35,0.85,0.85,1.1860293626460567,0.17774867188456217,-0.8188028662743457,0.9045840655446092,1.0,0.07392004450793388,2.337320199187655,1.679838231997763,1.6733837859066487,0.24902930972037307,1.0995501518225375,1.035453060164286,-0.6069741245772775,0.5837416449273959,-0.8889291092715306,0.7526342323018598,-0.08776827551310118,-0.3691027807896812,-1.7250378214556124,1.608749497747079,3.0,4.0,2.0,4.0,6.0,5.0,5.0,4.0,4.0,4.0,4.0,4.0,5.0,6.0,3.0,2.0,4.0,5.0,4.0,4.0,5.0,6.0,4.0,4.0,4.0,3.0,3.0,4.0,3.0,4.0,4.0,4.0,4.0,2.0,4.0,2.0,4.0,6.0,6.0,5.0,4.0,1.0,3.0,4.0,2.0,1.0,2.0,1.0,6.0,4.0,7.0,-0.7559904915054788,1.3212231030443273,-0.0027572688286767065,1.0145883234131345,-0.5059784149050897,0.7697197972511993,-0.25734255653397575,-0.6654670276373246,0.001989156446990387,-1.3320652410377964,1.3352104521983112,-0.672262697607183,-1.0382133153085837,-2.6472367076505026,1.6699239342618393
0,0,1,0.35,0.85,0.85,0.583248708408427,-1.703251554927292,-0.8441175681736784,-0.17922811572355915,-1.0,-0.5582332056216559,0.6689992235794819,0.15790817098566845,0.5416575616474275,-0.6917731308800982,-1.4942807972222356,-0.010622751582678225,0.4417316995776139,0.9544781142020381,0.6235883814767074,-1.5765139957376346,-0.9160938762975737,-1.6998480072018345,0.4318110351339819,1.1529018740771142,3.0,4.0,3.0,2.0,5.0,4.0,3.0,2.0,2.0,3.0,3.0,4.0,4.0,4.0,3.0,4.0,3.0,2.0,2.0,3.0,2.0,4.0,3.0,3.0,3.0,3.0,3.0,4.0,4.0,4.0,4.0,4.0,4.0,4.0,5.0,4.0,3.0,3.0,3.0,2.0,2.0,5.0,2.0,3.0,3.0,4.0,5.0,4.0,6.0,6.0,6.0,-1.0101049424316901,-0.003622625037724597,-1.515316169131229,-0.003180527659602121,-1.0147391148882123,-1.2690620764819314,-1.005975448269178,-0.3303774149796632,0.001989156446990387,0.3304186791341802,-1.025382612461687,-1.0089200735607025,-1.38410426887313,0.3210489524754257,2.006856884428162
1,1,1,0.35,0.85,0.85,0.6895453881813525,-0.44361810122735196,0.6170365834568494,0.06899554082996219,-1.0,0.5386142382358196,-0.7815173330698991,1.77053333389303,-0.17838457287208093,-1.3130674354640708,-1.601736379053641,1.4571768073387021,0.1386902524247705,1.1302339268849573,-0.24404504128050541,-2.5558213269563588,-0.14908226677400566,0.6637638847925664,-1.0689386683792348,-0.37632529058569464,3.0,3.0,4.0,4.0,4.0,4.0,3.0,5.0,4.0,4.0,4.0,4.0,3.0,4.0,3.0,3.0,2.0,3.0,4.0,3.0,3.0,3.0,6.0,5.0,5.0,5.0,4.0,3.0,4.0,5.0,5.0,6.0,5.0,4.0,4.0,3.0,2.0,2.0,1.0,3.0,4.0,5.0,5.0,6.0,6.0,3.0,3.0,4.0,4.0,5.0,4.0,-0.5018760405792674,-0.3348340570582378,0.24933588122174866,-0.34243681135051446,-1.2691194648797735,-0.7593666080486486,1.2399232269364286,-0.3303774149796632,1.2750492825208382,-0.33457488893461035,-2.374292935124543,0.0010520542998551361,1.7289143132077864,-0.6683796008998834,0.32219213359654686
1,1,1,0.35,0.85,0.85,0.19642358537680057,-0.9040449000546512,1.1568132507503397,1.1554651302898762,1.0,1.8877634676055837,-0.5513683433252496,2.142193043559292,1.714351307732757,-1.0461939287650481,-1.2148143746835518,1.5843325265971564,0.3659110331903538,1.2473246749259193,0.17900687812051214,-2.1511708531747495,-0.5700511039530933,1.779966193139551,-1.1552307060699425,-1.5288346361814642,4.0,5.0,6.0,5.0,3.0,3.0,3.0,3.0,4.0,4.0,3.0,4.0,3.0,4.0,2.0,3.0,4.0,4.0,3.0,3.0,3.0,2.0,5.0,5.0,4.0,5.0,4.0,3.0,2.0,4.0,4.0,5.0,5.0,4.0,3.0,2.0,2.0,4.0,3.0,4.0,4.0,3.0,5.0,4.0,7.0,2.0,4.0,2.0,2.0,2.0,2.0,1.0228106649780009,-0.9972569210992638,-0.5069435689295274,-0.34243681135051446,-0.760358764896651,-1.2690620764819314,0.7408346324462939,-1.0005566402949864,0.5112132068765295,-0.9995684570034009,-1.025382612461687,-0.3356053216536642,1.3830233596432395,-1.3279986364834233,-2.0363385175677133
1,1,0,0.35,0.85,0.85,-0.6247821220483899,-1.0836078172380461,0.7008063555250994,-2.027232984727577,-1.0,1.3719978538248991,0.5298454606448976,1.9058627514368875,-0.2871955798926256,-1.6255263691767716,-0.9341192666878695,0.7355474015196561,0.10183879858104365,0.3031729521534402,-0.21262507665447294,0.7612399466091447,-0.5150652764851619,-0.27444833305371763,-1.9969417896831907,0.6971488198773514,5.0,5.0,5.0,6.0,4.0,4.0,3.0,5.0,4.0,5.0,6.0,4.0,4.0,4.0,2.0,1.0,2.0,3.0,4.0,4.0,4.0,3.0,5.0,3.0,4.0,4.0,4.0,5.0,4.0,5.0,4.0,4.0,3.0,4.0,3.0,5.0,6.0,4.0,4.0,3.0,4.0,4.0,4.0,5.0,4.0,3.0,2.0,2.0,5.0,6.0,5.0,1.2769251159042123,-0.3348340570582378,1.0056153313730247,-0.003180527659602121,-2.0322605148544572,-0.249671139615366,-0.0077982592889083565,0.33980181033565987,0.001989156446990387,-0.002078104900214853,0.6607552908668837,-0.3356053216536642,0.3453504989496009,-1.6578081542751928,1.3329909840955156
0,1,1,0.35,0.85,0.85,-0.6818351295499591,-0.8925946542816008,-2.7339455691880628,-0.007560846276508256,1.0,0.20133366549979642,-0.028570226914074848,1.972412615329955,1.4630426363227385,0.3121711414104099,0.3670561741711904,1.0106180693416875,-0.6909082370729955,1.5969768330108411,1.6209454234645688,-0.5160731169512042,-0.9307538216996836,0.898703619341153,-0.19437612401980053,-1.434952176314261,4.0,3.0,3.0,4.0,2.0,3.0,2.0,3.0,5.0,3.0,3.0,4.0,4.0,5.0,4.0,4.0,4.0,5.0,4.0,4.0,3.0,4.0,4.0,4.0,5.0,2.0,4.0,3.0,2.0,5.0,5.0,6.0,5.0,6.0,4.0,6.0,3.0,2.0,3.0,4.0,2.0,4.0,6.0,5.0,5.0,4.0,4.0,3.0,1.0,3.0,3.0,-0.5018760405792674,-1.6596797851402898,-0.5069435689295274,0.3360757560313098,0.25716263506959414,-0.249671139615366,-0.25734255653397575,-1.0005566402949864,1.2750492825208382,1.3279090312373663,-1.3626101931274013,-0.672262697607183,1.3830233596432395,-0.3385700831081138,-1.6994055674013904
0,0,1,0.35,0.85,0.85,-1.4966760616657888,-0.9575921615422277,0.9520131377049041,-0.9191977434717642,-1.0,0.3253542421757576,-0.12282756783038833,1.279130797425099,0.5194506819515786,-0.9008526005977759,-1.0426038814108325,1.1808608233337512,-0.10843943931396882,1.8850794856636872,-0.7608903556916424,-2.4834772056220924,0.09168943610287164,-0.7317668045499817,0.3669882416661341,-2.234069744760781,5.0,5.0,4.0,3.0,4.0,3.0,3.0,4.0,4.0,3.0,3.0,4.0,4.0,3.0,3.0,3.0,5.0,2.0,3.0,3.0,2.0,3.0,5.0,3.0,4.0,4.0,4.0,2.0,3.0,5.0,5.0,5.0,5.0,2.0,2.0,2.0,1.0,1.0,1.0,5.0,5.0,3.0,4.0,3.0,4.0,5.0,4.0,4.0,2.0,2.0,2.0,0.26046731219936675,-0.6660454890787506,-0.5069435689295274,-0.34243681135051446,-0.760358764896651,-1.2690620764819314,-0.0077982592889083565,-1.0005566402949864,1.0204372573060685,-1.997058809106587,-3.0487480964559714,0.337709430253374,-0.3464314081794914,0.3210489524754257,-2.0363385175677133
1,0,0,0.35,0.85,0.85,-0.4602573963585227,1.5225126142103602,0.5718491104014441,-0.8703525150472378,1.0,0.6629386854755392,0.510214097877741,2.586469272304026,1.3174074738175612,-1.4270529798885647,-0.22668187542982943,1.7967976619582926,1.3926224830114864,1.0838564772365429,0.043244446529564495,-0.9232562941825277,0.621189695772103,1.438468731946009,-1.0217195612592693,-0.8565687741623478,4.0,4.0,6.0,5.0,4.0,4.0,4.0,5.0,4.0,4.0,4.0,4.0,5.0,3.0,2.0,3.0,3.0,3.0,5.0,4.0,3.0,4.0,5.0,6.0,5.0,4.0,6.0,5.0,4.0,5.0,4.0,5.0,6.0,4.0,5.0,5.0,3.0,5.0,3.0,3.0,6.0,4.0,4.0,5.0,6.0,3.0,2.0,2.0,3.0,4.0,3.0,0.7686962140517896,-0.003622625037724597,0.24933588122174866,-0.003180527659602121,-1.2691194648797735,0.005176594601275346,0.9903789296913613,1.0099810356509835,1.0204372573060685,0.6629154631685762,-0.35092745113025897,0.337709430253374,1.0371324060786937,-1.6578081542751928,-0.6886067169024216
0,1,0,0.35,0.85,0.85,-0.4948605354744982,0.67793448814966,0.9185999330015383,1.7032849132931966,1.0,-0.04861939425155731,3.078059093866181,1.2182700138661278,0.8241672295897376,1.5018115532936134,0.5767452753596786,1.7932682087909495,0.696272051991692,0.44986887052280866,1.0309931902325076,-0.6599666610102634,0.4616752247976782,-0.4039620901965605,-0.41191204124684994,-0.3821785794863023,4.0,5.0,4.0,3.0,7.0,6.0,7.0,3.0,3.0,3.0,3.0,5.0,5.0,5.0,6.0,6.0,7.0,4.0,5.0,6.0,6.0,6.0,5.0,6.0,6.0,6.0,5.0,5.0,5.0,5.0,4.0,2.0,4.0,5.0,5.0,5.0,3.0,3.0,4.0,5.0,4.0,5.0,5.0,4.0,4.0,3.0,4.0,4.0,4.0,3.0,5.0,0.0063528612731553755,2.6460688311263802,-1.011129869030378,1.0145883234131345,1.7834447350189617,1.7891107341177648,1.7390118214265635,1.0099810356509835,-0.2526228687677792,0.9954122472029713,-0.6881550317959728,0.6743668062068938,0.3453504989496009,-0.3385700831081138,-0.014740816569775791
1,0,1,0.35,0.85,0.85,-0.4818512356598228,-1.3044091557142432,-0.12299957662077535,-0.18941270700455268,-1.0,1.1730746698715597,0.21538268353333972,1.9354380941481968,-0.160622193113638,-0.4087807605767948,0.23506125810856027,0.9600870979495775,-0.22128743183402355,0.6825551225057165,1.260847456783534,0.29236864993437817,0.17766444492118494,-0.10788633667638513,-0.01938696580792923,-0.5528562224623111,5.0,5.0,4.0,4.0,4.0,3.0,4.0,4.0,4.0,4.0,5.0,1.0,3.0,3.0,4.0,3.0,3.0,3.0,4.0,4.0,4.0,5.0,4.0,4.0,4.0,4.0,4.0,4.0,3.0,4.0,5.0,4.0,5.0,4.0,5.0,6.0,5.0,5.0,4.0,3.0,5.0,6.0,4.0,4.0,4.0,4.0,5.0,6.0,3.0,4.0,4.0,0.5145817631255781,-0.3348340570582378,0.24933588122174866,-1.699461946114163,-0.760358764896651,0.2600243288179167,-0.0077982592889083565,-0.3303774149796632,0.5112132068765295,0.9954122472029713,0.6607552908668837,0.6743668062068938,-0.0005404546149450336,0.9806679880589657,-0.3516737667360989
1,0,1,0.35,0.85,0.85,1.1083545076857375,-0.17187597531651425,0.6476737930665456,0.6166831407864781,-1.0,1.2155082787250158,0.8272694302380228,3.252529293392179,1.3291896345305347,-0.60413179622372,-1.3413517497893102,1.9225564694544837,1.3155793605980386,0.8816471857432788,0.12176976847289911,-0.83924717771191,1.2319946287168575,0.652905064166045,-0.8594615233086672,-0.2674864305141367,5.0,4.0,4.0,6.0,5.0,5.0,5.0,6.0,5.0,5.0,5.0,6.0,5.0,4.0,3.0,2.0,4.0,3.0,2.0,4.0,2.0,4.0,5.0,5.0,5.0,3.0,5.0,5.0,4.0,4.0,5.0,5.0,5.0,4.0,5.0,4.0,3.0,3.0,5.0,5.0,5.0,6.0,5.0,4.0,5.0,3.0,3.0,3.0,4.0,3.0,4.0,0.7686962140517896,0.9900116710238146,1.25770848142345,1.0145883234131345,-1.0147391148882123,-1.01421434226529,0.4912903352012265,0.6748914229933222,0.7658252320912989,0.3304186791341802,-0.35092745113025897,1.3476815581139316,0.6912414525141477,-0.9981891186916533,-0.3516737667360989
0,1,0,0.35,0.85,0.85,-0.7458004549802941,-0.9633041934457571,0.7274412906098628,-0.7909897745398545,1.0,1.1617314220470694,-0.19610653592500182,1.6151371163307007,1.115457854205536,-0.19066637028555758,-0.25791994232941795,1.5105515605826332,1.4064493360358363,2.0559365348187217,0.4434967311384583,0.11640332134087539,0.5416296196397294,-0.11239409871319356,-1.8030860901821368,1.8948251718312554,4.0,5.0,5.0,6.0,4.0,5.0,4.0,4.0,4.0,4.0,3.0,4.0,4.0,4.0,3.0,4.0,4.0,4.0,4.0,5.0,4.0,4.0,5.0,4.0,5.0,4.0,6.0,5.0,4.0,6.0,5.0,7.0,5.0,3.0,5.0,5.0,4.0,4.0,5.0,5.0,5.0,5.0,3.0,5.0,4.0,3.0,3.0,2.0,6.0,5.0,6.0,1.0228106649780009,0.3275888069827882,-0.25485041887910204,-0.003180527659602121,-0.2515980649135284,0.2600243288179167,0.4912903352012265,1.0099810356509835,1.784273332950377,0.3304186791341802,0.32352771020116905,1.0110241821604127,-0.0005404546149450336,-1.3279986364834233,1.6699239342618393
1,1,1,0.35,0.85,0.85,-1.1387054970690977,-0.3715020472989008,1.3830081480227756,0.11770508978977565,-1.0,1.5230770310830508,0.4217918413918128,1.366338021855976,-1.7525615319012984,-1.6486193136582754,0.3154131832233287,0.3672959082362328,-0.5711682572713617,0.5134792035317501,1.585446766693703,0.3948687921485016,-0.3524683333786324,0.024694287680792154,-0.685966585688063,-0.3326734271687069,4.0,5.0,5.0,5.0,4.0,3.0,4.0,3.0,3.0,2.0,2.0,1.0,2.0,2.0,3.0,2.0,2.0,3.0,5.0,4.0,4.0,4.0,4.0,3.0,3.0,4.0,3.0,2.0,4.0,3.0,3.0,3.0,4.0,4.0,5.0,4.0,6.0,5.0,4.0,3.0,5.0,3.0,4.0,5.0,5.0,4.0,2.0,5.0,3.0,5.0,4.0,0.7686962140517896,-0.3348340570582378,-1.515316169131229,-2.377974513495987,-1.5234998148713348,0.2600243288179167,-0.5068868537790432,-1.0005566402949864,-0.7618469191973182,0.3304186791341802,0.9979828715325975,-0.3356053216536642,0.6912414525141477,-0.3385700831081138,-0.014740816569775791
0,1,1,0.35,0.85,0.85,-0.27883390698829863,0.452484995025091,-0.1833055918621256,-1.9096098182056362,1.0,1.2544320615568978,0.7716590639487453,3.017675228325762,3.1793026043039108,0.052878143367899644,-0.08825585390638818,1.8510621881528062,-0.07974601077276816,1.3916884456321548,-0.23757170361018043,-0.4080991784089581,0.07427920908239027,-1.3305732851847702,-0.7214930016801345,-0.04014525612425496,4.0,5.0,6.0,4.0,5.0,6.0,4.0,5.0,5.0,5.0,4.0,6.0,5.0,6.0,4.0,4.0,4.0,4.0,4.0,4.0,4.0,4.0,6.0,5.0,4.0,4.0,4.0,3.0,4.0,6.0,6.0,5.0,5.0,3.0,4.0,3.0,4.0,5.0,4.0,3.0,3.0,2.0,3.0,2.0,2.0,4.0,4.0,3.0,4.0,4.0,4.0,0.7686962140517896,0.9900116710238146,0.7535221813225994,1.6931008907949592,0.002782285078032882,0.005176594601275346,0.7408346324462939,-0.3303774149796632,1.5296613077356076,-0.6670716729690054,0.32352771020116905,-1.3455774495142216,-1.729995222437676,-0.3385700831081138,-0.014740816569775791
1,0,0,0.35,0.85,0.85,1.6118715845678802,-1.14061080373884,0.5642776329330964,1.6593982907077833,1.0,-0.12904504477401835,0.3227668871471457,0.8913842199099389,0.6605200278485435,1.7652946316219529,0.8613328391432831,0.8829970481772031,1.0482605421785556,0.9612375911287829,0.26786028119263894,-0.06871695764566726,-0.4039780713563897,0.827966606779766,-0.4631513976394639,-0.7518676507010691,4.0,3.0,4.0,2.0,4.0,5.0,4.0,3.0,3.0,3.0,3.0,3.0,4.0,3.0,6.0,6.0,5.0,6.0,5.0,5.0,6.0,5.0,5.0,5.0,6.0,5.0,4.0,5.0,6.0,6.0,4.0,5.0,4.0,4.0,4.0,4.0,4.0,5.0,3.0,4.0,3.0,4.0,5.0,5.0,4.0,3.0,4.0,4.0,3.0,3.0,3.0,-0.7559904915054788,0.3275888069827882,-1.011129869030378,-0.6816930950414264,1.7834447350189617,1.279415265684482,1.2399232269364286,1.0099810356509835,0.7658252320912989,-0.002078104900214853,-0.013699870464544755,-0.3356053216536642,0.6912414525141477,-0.3385700831081138,-1.0255396670687447
0,1,1,0.35,0.85,0.85,-0.39923268387643684,0.6652186428592343,-0.09622062732728182,-0.5869099133212834,1.0,0.4215223500075505,0.582652266879703,2.1946667317705537,2.887795913437427,-0.6956698117574915,-1.7702024544774992,2.2367036805930005,0.40338806668556715,2.082189292245314,1.6550859826029956,-1.7367261654119905,0.4724739452887826,1.1957201919986278,-0.35101857767691935,-0.20866648425190076,4.0,4.0,5.0,5.0,5.0,4.0,5.0,4.0,5.0,4.0,4.0,7.0,6.0,5.0,4.0,3.0,3.0,4.0,3.0,3.0,3.0,3.0,6.0,6.0,5.0,6.0,4.0,4.0,4.0,6.0,6.0,7.0,6.0,5.0,5.0,5.0,2.0,2.0,3.0,5.0,3.0,6.0,5.0,4.0,6.0,5.0,4.0,4.0,5.0,4.0,5.0,0.5145817631255781,0.6588002390033019,0.24933588122174866,2.0323571744858713,-0.5059784149050897,-1.01421434226529,1.7390118214265635,0.004712197677998546,2.293497383379916,0.9954122472029713,-1.699837773793115,0.6743668062068938,1.0371324060786937,0.3210489524754257,0.6591250837628704
0,1,0,0.35,0.85,0.85,2.8623500441532084,-0.04360060569908529,0.14178189598363156,0.4801880652005955,1.0,1.1798367141686827,0.0941683146077067,1.476484131323015,1.3178638983620705,3.0925887884264016,1.6280828858763354,-0.5976450451133588,1.0044570826016028,-1.1220765065666969,0.8961921920580116,0.6297416760844211,-0.4586881616541014,-1.6854282238921314,1.6691387452938504,1.5533474205782014,5.0,6.0,5.0,4.0,3.0,4.0,4.0,3.0,3.0,4.0,4.0,4.0,6.0,5.0,7.0,6.0,7.0,7.0,4.0,5.0,6.0,6.0,2.0,2.0,3.0,2.0,5.0,5.0,3.0,2.0,3.0,3.0,2.0,5.0,2.0,4.0,6.0,4.0,5.0,4.0,4.0,3.0,3.0,4.0,3.0,5.0,5.0,5.0,5.0,5.0,5.0,1.0228106649780009,-0.3348340570582378,-0.5069435689295274,1.0145883234131345,2.800966134985207,1.279415265684482,-1.7546083400043804,0.33980181033565987,-1.5256829948416268,-0.33457488893461035,0.9979828715325975,-0.3356053216536642,-0.6923223617440373,0.9806679880589657,0.9960580339291931
0,0,0,0.35,0.85,0.85,0.34349315052624346,0.314314427771053,-2.6522877041195065,-0.8425450034869043,1.0,-1.2135777255604536,-0.5176334686477961,1.8033859452796277,1.5709688514504114,1.3466188844413551,1.9539161761336774,1.813383614418309,-1.9954560763426077,1.1495789886760321,1.2670079539045545,-0.6171256933158494,0.04355941117876405,0.841214679285123,-0.7909008207645565,-1.9395969344434907,2.0,3.0,2.0,2.0,2.0,4.0,3.0,5.0,4.0,4.0,4.0,5.0,4.0,4.0,6.0,5.0,5.0,7.0,7.0,6.0,6.0,4.0,5.0,6.0,6.0,5.0,2.0,2.0,3.0,4.0,4.0,5.0,5.0,4.0,4.0,4.0,4.0,3.0,4.0,4.0,4.0,4.0,5.0,6.0,5.0,3.0,3.0,3.0,4.0,2.0,3.0,-1.7724482952103244,-0.9972569210992638,0.24933588122174866,0.3360757560313098,1.7834447350189617,1.7891107341177648,1.489467524181496,-1.6707358656103095,0.5112132068765295,-0.002078104900214853,-0.35092745113025897,0.0010520542998551361,1.3830233596432395,-0.9981891186916533,-1.0255396670687447
0,0,0,0.35,0.85,0.85,-1.3776764925301273,-0.8527739535819029,-2.353942407875536,-0.7897473107407508,-1.0,1.2360585016961565,0.20127189989985048,2.7398268157174144,-0.5119364717419745,-0.4987125328849301,-1.4789755179045456,0.427413807425721,-1.833148043379078,1.2612320018409862,0.9865538404367684,0.09657531785045026,-0.5746010608322712,-0.20963881370675094,2.3190163830195774,0.9735952937821029,4.0,4.0,4.0,5.0,4.0,4.0,3.0,6.0,6.0,4.0,4.0,2.0,3.0,4.0,4.0,4.0,4.0,3.0,4.0,3.0,3.0,3.0,4.0,5.0,5.0,4.0,3.0,1.0,3.0,6.0,5.0,6.0,5.0,5.0,5.0,4.0,4.0,5.0,5.0,3.0,3.0,4.0,5.0,4.0,4.0,7.0,6.0,6.0,6.0,5.0,5.0,0.26046731219936675,-0.3348340570582378,1.0056153313730247,-1.0209493787323387,-0.2515980649135284,-0.7593666080486486,0.4912903352012265,-1.6707358656103095,1.5296613077356076,0.6629154631685762,0.6607552908668837,-0.672262697607183,0.3453504989496009,2.2999060592260445,1.3329909840955156
1,0,0,0.35,0.85,0.85,0.6302609545699239,-0.5171378748578104,-0.26546996093513575,-0.5350082770253455,1.0,-0.030519337418986076,-0.9837007603396475,1.3379856752891255,0.8157890109679359,0.9140198240908606,-0.3669449238115928,-0.16040903593106315,-0.4975420567449405,0.87275076795185,-0.5107762681205066,1.4682789531312392,-0.2868712875439213,0.38629177021463457,1.03791064232594,0.5639833014410386,3.0,4.0,4.0,4.0,3.0,2.0,3.0,4.0,4.0,3.0,2.0,4.0,4.0,4.0,4.0,4.0,6.0,5.0,4.0,3.0,4.0,5.0,3.0,3.0,4.0,3.0,3.0,3.0,4.0,4.0,4.0,4.0,5.0,3.0,4.0,2.0,6.0,6.0,4.0,4.0,5.0,4.0,4.0,4.0,4.0,5.0,4.0,5.0,5.0,5.0,5.0,-0.24776158965305603,-1.328468353119777,-0.7590367189799527,-0.003180527659602121,0.7659233350527167,0.005176594601275346,-0.7564311510241106,-0.6654670276373246,0.25660118166175994,-0.9995684570034009,1.3352104521983112,0.337709430253374,-0.0005404546149450336,0.6508584702671961,0.9960580339291931
0,1,1,0.35,0.85,0.85,-0.39472487802700423,-0.20231275755426287,0.2805096385876905,1.1945006751301361,-1.0,0.6442947758880057,0.027318444746502912,1.7626745051982144,0.5570012305075323,-2.724700591042768,-0.29845218114160543,1.5988175290904523,1.7371127433549964,1.5903772084431158,1.785292437818101,-2.222002355505455,0.5784012703467454,1.644997796312587,-0.1188380841322555,0.030801155473443115,5.0,5.0,2.0,4.0,3.0,3.0,4.0,4.0,3.0,4.0,4.0,3.0,5.0,4.0,1.0,3.0,3.0,2.0,3.0,2.0,3.0,3.0,5.0,5.0,4.0,3.0,6.0,5.0,5.0,5.0,6.0,5.0,5.0,6.0,5.0,4.0,2.0,3.0,2.0,5.0,4.0,4.0,5.0,5.0,6.0,4.0,4.0,3.0,4.0,3.0,4.0,0.0063528612731553755,-0.6660454890787506,-0.25485041887910204,-0.003180527659602121,-1.7778801648628961,-1.2690620764819314,0.24174603795615907,1.3450706483086448,1.2750492825208382,0.9954122472029713,-1.699837773793115,0.337709430253374,1.3830233596432395,-0.3385700831081138,-0.3516737667360989
0,0,0,0.35,0.85,0.85,0.3167322339942149,1.8941651874991847,-2.543317960091568,-1.7652208188954397,-1.0,-0.5058561801861825,-2.24304112349088,2.4510545171100935,0.8898219831127766,1.3284466251420204,0.7351892721514092,-0.9395309545328603,0.37647223357525944,0.9754731727216919,0.2902279836901027,-0.37159322225442215,-0.7283359188574182,0.30687832252880864,0.9625664960023832,-0.2747775145392173,3.0,3.0,3.0,4.0,2.0,1.0,2.0,4.0,4.0,6.0,5.0,5.0,5.0,4.0,5.0,5.0,4.0,5.0,6.0,4.0,4.0,4.0,1.0,2.0,2.0,1.0,4.0,4.0,3.0,4.0,5.0,5.0,5.0,4.0,4.0,4.0,5.0,5.0,3.0,4.0,4.0,4.0,3.0,4.0,2.0,5.0,5.0,6.0,4.0,5.0,4.0,-0.7559904915054788,-2.322102649181316,0.7535221813225994,0.6753320397222226,0.7659233350527167,0.514872063034558,-2.5032412317395827,-0.3303774149796632,0.7658252320912989,-0.002078104900214853,0.32352771020116905,0.0010520542998551361,-1.0382133153085837,1.3104775058507352,0.32219213359654686
1,1,0,0.35,0.85,0.85,0.6974370103761673,0.5781285106211101,-1.108055819589618,-0.4587241814062228,1.0,0.27494065642976073,0.3838457136793206,1.4675823225230782,2.0541063431554623,0.06249382844423226,-1.6288537113336883,1.5403806560593627,0.6321760959720801,1.9860066858005077,1.8695535102780063,-0.909835135498537,1.3502045074302904,0.17715875528282757,-1.6017399997076964,-1.687349529079246,4.0,4.0,5.0,4.0,5.0,5.0,3.0,4.0,3.0,4.0,3.0,5.0,5.0,4.0,4.0,3.0,2.0,4.0,3.0,3.0,2.0,4.0,5.0,5.0,5.0,5.0,4.0,4.0,4.0,6.0,6.0,5.0,6.0,6.0,5.0,6.0,3.0,3.0,3.0,4.0,6.0,7.0,4.0,5.0,3.0,2.0,2.0,3.0,2.0,2.0,3.0,0.26046731219936675,0.3275888069827882,-0.5069435689295274,0.6753320397222226,-0.760358764896651,-1.01421434226529,0.9903789296913613,0.004712197677998546,1.784273332950377,1.6604058152717622,-1.025382612461687,1.6843389340674513,-0.0005404546149450336,-1.6578081542751928,-1.6994055674013904
1,0,1,0.35,0.85,0.85,-1.7054466057140139,0.6653207587006484,-0.7313693465122889,2.137848351064241,1.0,1.136476072758058,0.6226459618380702,1.775134095630651,2.293896889642432,-0.8323385278509889,0.4279551595502653,1.4719058958991214,1.4969959694479025,0.9003014855509188,0.8907225389054497,-0.6339165032355588,-0.5782015084789539,-0.16519781848401266,0.29389414245432505,-1.5140627963677162,5.0,4.0,4.0,4.0,4.0,5.0,6.0,4.0,3.0,4.0,4.0,4.0,6.0,7.0,3.0,3.0,3.0,4.0,5.0,6.0,4.0,4.0,6.0,5.0,5.0,4.0,5.0,5.0,6.0,5.0,5.0,4.0,6.0,5.0,5.0,4.0,5.0,4.0,4.0,4.0,4.0,2.0,5.0,5.0,4.0,4.0,4.0,5.0,2.0,3.0,4.0,0.26046731219936675,0.9900116710238146,-0.25485041887910204,1.6931008907949592,-0.760358764896651,0.7697197972511993,0.9903789296913613,1.3450706483086448,1.0204372573060685,0.6629154631685762,0.32352771020116905,-0.672262697607183,0.6912414525141477,0.3210489524754257,-1.0255396670687447
1,1,1,0.35,0.85,0.85,-0.8550388132457886,-0.7469236292868261,-0.022324850923098036,-0.46938508776353927,1.0,0.24357437519826508,0.9895310781455353,2.2257019886150244,0.874799467260036,-0.44443662132367995,-0.3501072357637949,1.9023636195580966,0.17295234488296196,1.0211554172957409,0.7933202699036315,-0.1717888791637687,0.7863082470552134,1.3831812712522855,-0.49579380342654233,-0.1833198588339797,3.0,4.0,6.0,3.0,5.0,3.0,4.0,3.0,4.0,5.0,5.0,3.0,4.0,4.0,4.0,3.0,3.0,3.0,4.0,2.0,3.0,3.0,5.0,5.0,6.0,4.0,3.0,3.0,3.0,5.0,5.0,5.0,4.0,6.0,4.0,5.0,3.0,3.0,4.0,5.0,5.0,5.0,7.0,5.0,4.0,3.0,3.0,3.0,3.0,5.0,4.0,0.0063528612731553755,-0.003622625037724597,0.24933588122174866,-0.34243681135051446,-0.760358764896651,-1.01421434226529,0.9903789296913613,-1.0005566402949864,0.7658252320912989,0.9954122472029713,-0.6881550317959728,1.0110241821604127,1.3830233596432395,-0.9981891186916533,-0.014740816569775791
1,1,0,0.35,0.85,0.85,-0.5219355746329908,-0.6879077006671783,1.4717823360074869,-1.6174656227922306,-1.0,-0.7491021658890143,0.8451215864009214,1.6037399880915286,0.5363000964950955,-0.16381916368172467,0.19390554516524783,0.7734728371273563,-0.11231382773431324,-0.7552002727879763,-1.809088444082019,-0.22768368704796452,-1.2186341448911735,-0.2072910869594075,0.6165749755828136,0.4016356484157941,2.0,2.0,2.0,1.0,4.0,5.0,5.0,4.0,4.0,4.0,3.0,3.0,3.0,4.0,3.0,3.0,5.0,5.0,3.0,3.0,4.0,5.0,4.0,4.0,3.0,2.0,2.0,4.0,4.0,2.0,2.0,2.0,3.0,2.0,2.0,1.0,5.0,4.0,5.0,4.0,4.0,1.0,5.0,5.0,3.0,4.0,4.0,4.0,5.0,5.0,4.0,-2.2806771970627473,0.6588002390033019,-0.25485041887910204,-0.6816930950414264,0.002782285078032882,-0.249671139615366,-0.7564311510241106,-0.6654670276373246,-1.7802950200563963,-2.329555593140982,0.6607552908668837,-1.0089200735607025,0.3453504989496009,-0.008760565316343828,0.6591250837628704
0,1,0,0.35,0.85,0.85,-0.7699806182434358,0.5460716852327729,1.1499559481794055,-1.2677129219217596,-1.0,0.10038547267249298,0.23732419783042594,1.1046707894991976,-0.24208282378298854,-2.269338236006366,-0.8799612554007277,1.5191299361374386,-0.875485157168843,2.2698192222145357,1.3988471749173637,-0.015932186544593052,1.1483438265477766,0.6669037168177071,-0.16926665852761721,-0.8056686167585942,4.0,4.0,4.0,4.0,4.0,3.0,3.0,3.0,4.0,3.0,4.0,4.0,4.0,3.0,2.0,1.0,2.0,3.0,4.0,3.0,4.0,4.0,5.0,5.0,5.0,4.0,3.0,3.0,3.0,6.0,6.0,6.0,4.0,5.0,6.0,5.0,4.0,3.0,2.0,5.0,5.0,6.0,5.0,3.0,5.0,3.0,5.0,4.0,4.0,3.0,4.0,0.0063528612731553755,-0.6660454890787506,-0.5069435689295274,-0.34243681135051446,-2.0322605148544572,-0.249671139615366,0.7408346324462939,-1.0005566402949864,1.5296613077356076,1.3279090312373663,-1.025382612461687,1.3476815581139316,0.3453504989496009,-0.008760565316343828,-0.3516737667360989
0,1,0,0.35,0.85,0.85,0.046982998298584024,0.4098939783943397,-0.7515387144748296,-0.518854574662728,1.0,0.6426828435091563,0.27886251776334575,2.741502811028375,1.0245348480331313,2.135085916027224,0.8623888234754841,1.0899970649636654,0.24008514970198047,2.841692362310583,-0.34399471295214334,-0.222471887831239,-1.845073352929885,0.16821558499428974,-0.8525731658880329,-0.06828477711804072,5.0,4.0,4.0,5.0,4.0,3.0,4.0,5.0,5.0,5.0,4.0,3.0,5.0,5.0,6.0,6.0,6.0,5.0,7.0,6.0,5.0,5.0,4.0,4.0,4.0,4.0,4.0,4.0,3.0,5.0,5.0,7.0,7.0,5.0,4.0,3.0,3.0,4.0,4.0,3.0,2.0,3.0,4.0,3.0,4.0,3.0,3.0,2.0,5.0,4.0,5.0,0.5145817631255781,-0.3348340570582378,0.7535221813225994,0.3360757560313098,1.7834447350189617,1.7891107341177648,-0.0077982592889083565,-0.3303774149796632,2.0388853581651465,-0.002078104900214853,-0.35092745113025897,-1.3455774495142216,-0.3464314081794914,-1.3279986364834233,0.6591250837628704
0,0,0,0.35,0.85,0.85,-0.10945967783301826,0.19564437692365275,0.637947293632935,1.2582868995878442,-1.0,0.8345036697788013,0.07688418264869507,2.300483106829728,0.6256302557839015,-1.3901415010284792,-0.007228497300162506,0.783194998006701,-0.1696487567779521,1.365560842314771,0.19323995099162844,-0.08101331042838911,-1.4852447113665306,-1.3460061464105377,-1.2337696801992781,0.3187603181317621,4.0,5.0,6.0,4.0,4.0,3.0,4.0,4.0,4.0,4.0,2.0,5.0,5.0,4.0,3.0,3.0,4.0,2.0,5.0,4.0,4.0,4.0,3.0,3.0,4.0,4.0,5.0,3.0,4.0,4.0,5.0,6.0,4.0,3.0,5.0,3.0,5.0,4.0,4.0,3.0,2.0,2.0,3.0,2.0,5.0,3.0,3.0,2.0,3.0,5.0,5.0,0.7686962140517896,-0.3348340570582378,-0.5069435689295274,0.6753320397222226,-1.0147391148882123,0.2600243288179167,-0.5068868537790432,0.004712197677998546,0.7658252320912989,-0.33457488893461035,0.32352771020116905,-1.6822348254677406,-0.6923223617440373,-1.3279986364834233,0.32219213359654686
0,1,0,0.35,0.85,0.85,-0.07523888032290053,-0.26092523488341257,-0.22321260142953725,0.4530181345619702,-1.0,0.8694655755933021,-0.15520911469369703,1.8577256403142788,-0.35262316580820596,-0.14714869262772856,-1.0239463728868297,-0.6942757116005088,-0.3732944734411707,-1.2039138657827815,-0.3045196016432406,-0.8903074655380727,-1.0905587522116855,-1.244795954409442,-0.3244959381532653,-1.9381876203339459,5.0,4.0,5.0,4.0,4.0,3.0,4.0,4.0,4.0,5.0,4.0,2.0,3.0,3.0,4.0,4.0,2.0,3.0,3.0,2.0,4.0,2.0,3.0,2.0,3.0,2.0,3.0,4.0,3.0,3.0,3.0,2.0,4.0,4.0,3.0,3.0,4.0,3.0,3.0,3.0,2.0,4.0,3.0,2.0,2.0,3.0,3.0,4.0,2.0,1.0,2.0,0.5145817631255781,-0.3348340570582378,0.24933588122174866,-1.360205662423251,-0.760358764896651,-1.2690620764819314,-1.505064042759313,-0.6654670276373246,-1.0164589444120877,-0.6670716729690054,-0.6881550317959728,-1.0089200735607025,-1.729995222437676,-0.6683796008998834,-2.3732714677340363
0,0,0,0.35,0.85,0.85,-0.128585914359755,1.1564810776504777,1.0100767099610155,0.007739685875710851,1.0,-0.2783790079038583,0.3891358572841048,1.4699257984006933,-0.22542789694758536,-0.0870089648193923,0.37072002587864533,0.5055187967237095,0.6255518793564413,0.33573808612763445,-0.7813328044527075,-1.2501287556572254,0.39627739194367045,0.07535058560328388,-0.36561543780947525,-0.0710275261012543,4.0,2.0,3.0,3.0,4.0,4.0,4.0,3.0,5.0,5.0,3.0,4.0,4.0,3.0,5.0,6.0,5.0,5.0,3.0,5.0,4.0,5.0,3.0,5.0,3.0,4.0,5.0,3.0,4.0,3.0,3.0,3.0,3.0,2.0,3.0,4.0,3.0,4.0,3.0,4.0,5.0,4.0,4.0,4.0,5.0,5.0,4.0,4.0,4.0,3.0,3.0,-1.0101049424316901,-0.003622625037724597,-0.0027572688286767065,-0.34243681135051446,1.2746840350358393,0.2600243288179167,-0.25734255653397575,0.004712197677998546,-1.0164589444120877,-0.9995684570034009,-0.6881550317959728,0.337709430253374,0.3453504989496009,0.3210489524754257,-0.6886067169024216
1,1,1,0.35,0.85,0.85,1.0390584099083013,2.726545679724919,-0.39332466583046527,-0.021710111761317145,-1.0,1.9768148901686586,1.568280010662176,3.535151759234686,-0.45823961273664104,-0.6238347531473084,-1.3471247291642046,1.881192500878546,0.09839335106817138,2.906337494076492,0.5003103470349827,-1.1338859685290033,0.8406306585993075,1.121858727126816,-0.59997701733953,0.4616735131307981,7.0,6.0,6.0,6.0,6.0,5.0,6.0,6.0,6.0,6.0,5.0,3.0,3.0,3.0,4.0,5.0,4.0,2.0,3.0,3.0,4.0,2.0,5.0,5.0,5.0,5.0,3.0,5.0,4.0,7.0,7.0,6.0,7.0,5.0,5.0,4.0,3.0,2.0,3.0,4.0,5.0,5.0,5.0,5.0,5.0,4.0,4.0,4.0,4.0,6.0,4.0,2.293382919609058,1.652434535064841,1.7618947815243007,-1.0209493787323387,-0.2515980649135284,-1.01421434226529,0.9903789296913613,0.004712197677998546,2.8027214338094555,0.6629154631685762,-1.3626101931274013,0.6743668062068938,1.0371324060786937,-0.008760565316343828,0.6591250837628704
1,1,1,0.35,0.85,0.85,-1.325322281822143,-0.22749734096960536,0.03761113650703079,-0.8124933479631826,-1.0,0.9525697947699903,0.7101353505644605,3.0896269853265412,1.8100122811670734,-1.0287519385968076,-1.0492563206460142,-0.09574215794904162,1.0962683631890457,1.12224526099252,-0.2032021089494809,-0.8569212412574206,-2.1252178223829508,0.19135993722950195,-0.7171942427992135,0.8823489045773268,5.0,4.0,3.0,5.0,4.0,2.0,5.0,5.0,6.0,4.0,5.0,5.0,5.0,5.0,3.0,3.0,3.0,4.0,3.0,3.0,4.0,3.0,4.0,3.0,4.0,3.0,4.0,5.0,4.0,4.0,5.0,6.0,5.0,4.0,4.0,2.0,2.0,2.0,3.0,2.0,3.0,2.0,4.0,3.0,4.0,4.0,2.0,4.0,4.0,7.0,4.0,0.26046731219936675,-0.3348340570582378,1.0056153313730247,1.0145883234131345,-0.760358764896651,-0.7593666080486486,-0.5068868537790432,0.33980181033565987,1.0204372573060685,-0.6670716729690054,-1.699837773793115,-1.6822348254677406,-0.3464314081794914,-0.6683796008998834,0.9960580339291931
1,1,0,0.35,0.85,0.85,-2.6517098031937474,0.4618376661288716,0.8384622726678027,-0.9248132679947264,1.0,1.5879660471229657,0.6269380905541905,1.3958013208300868,1.2431191021518422,-0.7504108591971269,-0.5089432521191584,0.5674040929188495,0.3671245377776564,1.8664248770550818,0.9065615210668528,-0.08711186956402281,-0.3422384164797197,0.8188034009669263,0.7539555492371287,0.47404290843608987,4.0,5.0,5.0,6.0,5.0,4.0,4.0,3.0,4.0,4.0,6.0,5.0,5.0,4.0,3.0,4.0,1.0,3.0,4.0,4.0,4.0,4.0,4.0,3.0,3.0,4.0,4.0,3.0,4.0,6.0,6.0,5.0,5.0,4.0,5.0,4.0,4.0,4.0,4.0,3.0,4.0,2.0,4.0,5.0,4.0,4.0,5.0,5.0,4.0,5.0,5.0,1.0228106649780009,0.3275888069827882,0.24933588122174866,0.6753320397222226,-1.2691194648797735,0.005176594601275346,-0.5068868537790432,-0.3303774149796632,1.5296613077356076,0.3304186791341802,-0.013699870464544755,-1.0089200735607025,0.3453504989496009,0.6508584702671961,0.6591250837628704
0,1,1,0.35,0.85,0.85,-0.1791191459170178,0.8973408815043278,2.5970217715974213,0.08063339553255285,1.0,0.6492909115089821,1.1406747847782217,2.8180290575289115,3.054563384536702,1.27185479668473,1.8302964955387995,0.7014465368732041,0.3707832266259502,-0.23576146759838335,-0.23550058329258355,0.5963646938100572,-0.27719423735434573,-1.2023895707370023,0.0837959108852025,0.2747838678444351,5.0,5.0,5.0,5.0,5.0,4.0,6.0,5.0,6.0,5.0,3.0,7.0,7.0,6.0,5.0,5.0,4.0,4.0,5.0,6.0,5.0,5.0,5.0,4.0,5.0,4.0,5.0,5.0,4.0,3.0,3.0,3.0,4.0,3.0,3.0,3.0,6.0,7.0,3.0,3.0,4.0,2.0,3.0,3.0,2.0,4.0,4.0,4.0,4.0,5.0,5.0,1.0228106649780009,0.9900116710238146,0.7535221813225994,2.710869741867696,0.5115429850611555,1.279415265684482,0.4912903352012265,0.6748914229933222,-0.7618469191973182,-0.9995684570034009,1.3352104521983112,-1.0089200735607025,-1.38410426887313,-0.008760565316343828,0.6591250837628704
1,1,1,0.35,0.85,0.85,-0.7343081733641605,0.9816603807868104,-0.2804801758498592,-2.453005869837093,1.0,1.8390402794217235,1.1114875945790206,2.1710880250753206,2.1116095657422607,-0.8020369797754858,0.2398574221691432,1.6186505053612688,1.1131453979502919,0.5894939734577489,0.9654324198125287,0.6844309600386247,0.8438753587067093,1.0512901875539598,-0.9510606459033875,-0.5352001992517549,6.0,6.0,6.0,6.0,6.0,5.0,5.0,5.0,4.0,3.0,4.0,6.0,6.0,3.0,4.0,3.0,3.0,4.0,4.0,4.0,4.0,4.0,4.0,5.0,5.0,4.0,5.0,6.0,7.0,4.0,3.0,5.0,4.0,4.0,5.0,5.0,4.0,4.0,5.0,5.0,6.0,3.0,5.0,5.0,6.0,3.0,2.0,4.0,2.0,3.0,3.0,2.0392684686828466,1.3212231030443273,-0.0027572688286767065,1.0145883234131345,-0.5059784149050897,0.005176594601275346,0.4912903352012265,2.0152498736239686,0.001989156446990387,0.6629154631685762,0.32352771020116905,0.6743668062068938,1.3830233596432395,-0.9981891186916533,-1.3624726172350679
1,1,1,0.35,0.85,0.85,0.8969379740538742,-1.2832791232054164,-1.0912308098562058,0.973789544075266,-1.0,1.3066564791924795,-0.10815923746358314,3.0361114623313497,-0.751066979962645,-0.30257335242591743,-0.2608904227596998,0.9541654285588841,0.9454414746011177,0.17498372834836406,1.1050742300093588,-0.76939237020249,-1.4902462631641222,-1.1294181793244036,0.39130494915968145,-1.1030026658688266,5.0,4.0,6.0,4.0,4.0,4.0,4.0,6.0,5.0,6.0,7.0,3.0,2.0,3.0,4.0,3.0,4.0,4.0,4.0,3.0,3.0,4.0,5.0,3.0,4.0,4.0,5.0,5.0,3.0,4.0,3.0,4.0,3.0,4.0,4.0,5.0,4.0,3.0,3.0,3.0,2.0,1.0,3.0,3.0,4.0,5.0,6.0,5.0,1.0,3.0,4.0,0.7686962140517896,-0.003622625037724597,2.013987931574726,-1.360205662423251,-0.2515980649135284,-0.5045188738320073,-0.0077982592889083565,0.33980181033565987,-0.5072348939825487,0.3304186791341802,-0.6881550317959728,-2.01889220142126,-0.6923223617440373,1.3104775058507352,-1.3624726172350679
0,1,1,0.35,0.85,0.85,0.5325334880456343,2.0088233520918704,0.8661484738655382,1.0024651676592442,1.0,1.1109529158994582,2.187586146651206,3.48334784666876,3.7238824288997323,0.4349583630653262,0.7132297826557046,2.9046781994474156,0.4349370810681612,1.498307185905213,0.6052760635495533,-0.29757503867051316,-0.7679661933531603,0.7854248706331902,-1.8024655817202637,-0.731775747100654,5.0,4.0,4.0,6.0,6.0,5.0,6.0,6.0,7.0,6.0,5.0,6.0,6.0,6.0,4.0,4.0,4.0,4.0,4.0,4.0,5.0,4.0,5.0,6.0,5.0,5.0,4.0,4.0,4.0,5.0,6.0,5.0,4.0,4.0,4.0,3.0,4.0,3.0,2.0,3.0,5.0,4.0,5.0,4.0,5.0,2.0,1.0,2.0,2.0,3.0,5.0,0.7686962140517896,1.652434535064841,2.013987931574726,2.0323571744858713,0.002782285078032882,0.2600243288179167,1.2399232269364286,0.004712197677998546,1.0204372573060685,-0.33457488893461035,-1.025382612461687,0.0010520542998551361,0.6912414525141477,-2.317427189858732,-0.6886067169024216
1,0,1,0.35,0.85,0.85,0.6555633270773275,-0.5558784640969041,-1.1549116066073373,-0.29589760265089937,-1.0,0.031719660778092296,1.6233148663627441,2.8132451113848376,0.2763277790737258,0.3618189096848041,0.026233324531316757,-0.13210721672866155,1.4351270605494253,0.5073196793146095,0.6637848126073651,0.7260483341104128,-0.9769650450600482,0.5273243612564862,-0.06693280238127342,0.252043805290068,3.0,3.0,4.0,3.0,5.0,6.0,6.0,5.0,6.0,4.0,5.0,5.0,2.0,5.0,5.0,4.0,5.0,3.0,4.0,5.0,5.0,5.0,3.0,3.0,3.0,4.0,5.0,7.0,4.0,4.0,4.0,4.0,4.0,5.0,5.0,5.0,6.0,5.0,4.0,3.0,4.0,3.0,3.0,4.0,4.0,5.0,3.0,3.0,3.0,5.0,2.0,-0.7559904915054788,1.652434535064841,1.0056153313730247,-0.003180527659602121,0.25716263506959414,0.7697197972511993,-0.7564311510241106,1.3450706483086448,0.001989156446990387,0.9954122472029713,0.9979828715325975,-0.672262697607183,-0.3464314081794914,-0.3385700831081138,-0.6886067169024216
1,0,1,0.35,0.85,0.85,1.0226357103742774,-0.20382204338141185,1.4242708460988343,-0.8061453008622966,1.0,0.9697069304828086,-0.6926929872532732,1.1683458936797706,1.0832206867083929,-0.7801012575820065,-0.5315840953028577,0.6728796160919394,0.6486358449770611,2.145781926663343,-1.2099801166761723,1.2236455310763987,-0.07963899964840866,-0.39284293095621214,-0.5710205361697536,-1.2448406165764199,5.0,5.0,4.0,5.0,2.0,3.0,3.0,3.0,3.0,4.0,3.0,4.0,3.0,4.0,3.0,2.0,3.0,3.0,3.0,4.0,4.0,2.0,4.0,3.0,4.0,3.0,4.0,4.0,3.0,4.0,4.0,6.0,5.0,3.0,2.0,2.0,4.0,5.0,5.0,3.0,4.0,4.0,5.0,4.0,4.0,5.0,3.0,4.0,3.0,2.0,3.0,0.7686962140517896,-1.328468353119777,-0.7590367189799527,-0.34243681135051446,-1.2691194648797735,-0.7593666080486486,-0.5068868537790432,-0.3303774149796632,0.7658252320912989,-1.6645620250721915,0.6607552908668837,-0.3356053216536642,0.3453504989496009,-0.008760565316343828,-1.3624726172350679
0,1,0,0.35,0.85,0.85,0.026946951878440133,-1.0875092564272488,-0.18113146202377822,-0.5291253338485677,-1.0,1.2918397966881714,0.3512692584144379,1.3553711629829093,1.0265808077302665,0.8555658757619866,-0.10745630152972219,0.8307768878637908,0.6000519077138193,0.41432441086653915,0.3450463856376846,-0.39160413078961004,-0.763881928854077,-1.2083764719475267,-0.752506159166298,-0.4608328338890739,4.0,5.0,4.0,4.0,5.0,4.0,4.0,3.0,3.0,3.0,3.0,4.0,3.0,3.0,5.0,4.0,3.0,5.0,4.0,5.0,4.0,5.0,4.0,4.0,4.0,4.0,3.0,5.0,3.0,5.0,4.0,4.0,6.0,3.0,4.0,5.0,4.0,3.0,5.0,4.0,4.0,2.0,2.0,2.0,3.0,3.0,3.0,3.0,2.0,3.0,3.0,0.26046731219936675,0.3275888069827882,-1.011129869030378,-0.6816930950414264,0.25716263506959414,0.514872063034558,-0.0077982592889083565,-0.3303774149796632,0.7658252320912989,-0.002078104900214853,-0.013699870464544755,-0.672262697607183,-1.729995222437676,-0.9981891186916533,-1.3624726172350679
1,1,0,0.35,0.85,0.85,0.1205747693296276,0.007603416012268705,0.07679851952721198,0.1523275333585955,-1.0,1.3405697987347205,-1.1943401209888656,2.3938687130390703,1.3286067123977425,1.098185949033759,-0.033672291011255795,0.11053285844504362,-1.0480214349630719,1.1416998288307054,-0.10813532202477999,-0.9470572552129306,-1.2783324778087908,0.27015765681253817,0.522568880528525,-0.2273474265840671,4.0,5.0,4.0,6.0,2.0,1.0,1.0,5.0,4.0,4.0,4.0,5.0,5.0,5.0,6.0,5.0,5.0,6.0,4.0,3.0,4.0,5.0,4.0,4.0,3.0,3.0,2.0,3.0,3.0,4.0,5.0,4.0,5.0,3.0,4.0,2.0,4.0,5.0,3.0,2.0,3.0,3.0,4.0,5.0,6.0,5.0,5.0,5.0,4.0,3.0,3.0,0.7686962140517896,-2.6533140812018297,0.24933588122174866,1.0145883234131345,1.5290643850274006,0.005176594601275346,-0.5068868537790432,-1.335646252952648,0.5112132068765295,-0.9995684570034009,-0.013699870464544755,-1.3455774495142216,1.0371324060786937,0.9806679880589657,-0.6886067169024216
1,0,0,0.35,0.85,0.85,1.3870925150185474,0.338071329421416,0.9669343630876102,-1.4575375889621356,-1.0,0.04775464096484183,-0.9009523500243948,1.2096317677207118,0.9633425896197685,1.6483852677800994,-0.6271665521244244,1.0914017524841448,-0.3834263121571492,1.2048584636028727,0.8793214163762563,-0.6003994906444705,-1.3261283165084954,1.7798993982307665,0.28176679764541035,-0.6232206034883182,3.0,4.0,4.0,3.0,3.0,2.0,2.0,3.0,4.0,4.0,4.0,4.0,4.0,4.0,6.0,5.0,5.0,6.0,2.0,4.0,2.0,4.0,4.0,5.0,3.0,4.0,3.0,4.0,4.0,5.0,5.0,6.0,5.0,4.0,3.0,4.0,4.0,3.0,5.0,2.0,3.0,4.0,5.0,6.0,6.0,4.0,5.0,4.0,3.0,3.0,4.0,-0.5018760405792674,-1.6596797851402898,-0.25485041887910204,-0.003180527659602121,1.5290643850274006,-1.01421434226529,-0.0077982592889083565,-0.3303774149796632,1.2750492825208382,-0.33457488893461035,-0.013699870464544755,-1.0089200735607025,1.7289143132077864,0.3210489524754257,-0.6886067169024216
1,1,0,0.35,0.85,0.85,0.09988800163426102,-1.4731472559060208,-0.4785785944752504,0.5979604015152895,-1.0,0.0015405429363161693,1.0334305680646603,0.7621385760640552,0.06264481440292213,-1.0926941453087131,-0.30124368268248175,0.289653310550041,-1.2329191989009833,1.8393766371237268,1.8142803186735832,-0.5870094063235884,0.435198056280919,-0.11707302327031344,1.5911514774971534,-0.23119867858740542,3.0,4.0,4.0,4.0,4.0,5.0,4.0,2.0,2.0,2.0,4.0,4.0,3.0,5.0,4.0,3.0,4.0,3.0,4.0,4.0,4.0,3.0,3.0,4.0,2.0,4.0,2.0,2.0,2.0,5.0,5.0,5.0,7.0,4.0,6.0,5.0,3.0,3.0,4.0,4.0,4.0,5.0,5.0,4.0,3.0,6.0,5.0,4.0,5.0,4.0,3.0,-0.24776158965305603,0.3275888069827882,-1.515316169131229,-0.003180527659602121,-0.5059784149050897,-0.249671139615366,-0.7564311510241106,-2.005825478267971,1.5296613077356076,0.9954122472029713,-0.6881550317959728,0.337709430253374,-0.0005404546149450336,0.9806679880589657,-0.014740816569775791
0,0,0,0.35,0.85,0.85,-0.7115590607310387,0.8739385774856095,1.5708321129506726,1.314941346231793,-1.0,-1.0905493789065634,-0.38223647282908346,0.29528618799788464,0.3240591898211708,-0.08361387818224203,0.2306373074474538,-0.6985131766415241,-0.8259128542917981,-0.7726003397137915,-0.651054585235093,1.156462122813174,-0.3192049921836583,-0.9008249981401981,-0.06147118372380855,-0.7219980872880128,2.0,2.0,3.0,2.0,3.0,2.0,2.0,2.0,2.0,2.0,3.0,2.0,4.0,2.0,4.0,5.0,3.0,4.0,4.0,4.0,4.0,5.0,3.0,2.0,2.0,3.0,2.0,3.0,2.0,2.0,1.0,4.0,3.0,4.0,3.0,4.0,6.0,4.0,6.0,5.0,5.0,3.0,4.0,3.0,2.0,3.0,3.0,5.0,2.0,3.0,4.0,-1.7724482952103244,-1.6596797851402898,-1.7674093191816542,-1.360205662423251,0.002782285078032882,0.2600243288179167,-1.505064042759313,-1.6707358656103095,-1.5256829948416268,-0.33457488893461035,1.3352104521983112,0.337709430253374,-1.0382133153085837,-0.3385700831081138,-1.0255396670687447
0,0,0,0.35,0.85,0.85,0.4160317882074834,-0.46755134274043075,0.1865439571771602,-1.752449771859924,-1.0,-0.18663155681322866,0.8426059631462017,1.5856537925760736,0.10396899027537038,-0.10923348444257971,1.1535191930864037,0.7963443460079618,0.7161645058205808,0.13107980241293055,0.25717788048290147,1.0592698260018718,-0.2045601285277629,-1.0462397132118604,0.3661217281987093,0.9234961629052189,4.0,3.0,4.0,3.0,5.0,3.0,5.0,5.0,5.0,4.0,3.0,3.0,4.0,4.0,4.0,4.0,5.0,4.0,5.0,5.0,5.0,5.0,4.0,3.0,3.0,3.0,4.0,4.0,2.0,4.0,4.0,4.0,4.0,4.0,4.0,5.0,4.0,5.0,5.0,4.0,3.0,2.0,3.0,3.0,2.0,4.0,4.0,4.0,4.0,4.0,4.0,-0.5018760405792674,0.3275888069827882,0.24933588122174866,-0.34243681135051446,0.25716263506959414,1.0245675314678406,-0.7564311510241106,-0.6654670276373246,0.001989156446990387,0.3304186791341802,0.6607552908668837,-1.0089200735607025,-1.38410426887313,-0.008760565316343828,-0.014740816569775791
0,1,0,0.35,0.85,0.85,1.1464984773279048,0.8453210444077598,0.5255005052113675,0.4676923054391368,-1.0,0.4404963894201298,0.5676896786441576,2.9354541795037274,1.0235298046765076,0.6856306310591084,-0.05404977802428368,0.44170832973698393,0.698263406818002,0.3225588551890287,0.652039172948394,-1.9463949309031268,-0.4676281698661181,0.10238170464443433,-0.21501348790293445,-0.5018589628324165,3.0,3.0,3.0,5.0,4.0,5.0,6.0,5.0,5.0,5.0,5.0,5.0,5.0,3.0,6.0,4.0,4.0,5.0,4.0,4.0,3.0,3.0,3.0,4.0,3.0,2.0,5.0,5.0,5.0,4.0,4.0,5.0,5.0,5.0,4.0,5.0,2.0,2.0,3.0,3.0,4.0,4.0,5.0,2.0,4.0,4.0,4.0,2.0,1.0,3.0,4.0,-0.5018760405792674,0.9900116710238146,1.0056153313730247,0.3360757560313098,0.7659233350527167,-0.5045188738320073,-1.005975448269178,1.0099810356509835,0.5112132068765295,0.6629154631685762,-1.699837773793115,-0.3356053216536642,-0.3464314081794914,-0.6683796008998834,-1.3624726172350679
